artist,song,lyrics,surprise,joy,neutral,sadness,fear,anger,disgust,key,mode,tempo,energy,valence
Taylor Swift,Blank Space,"Nice to meet you
Where you been?
I could show you incredible things
Magic, madness, heaven, sins
Saw you there and I thought oh my god
Look at that face, you look like my next mistake
Love's a game, wanna play?
New money, suit and tie
I can read you like a magazine
Ain't it funny rumors fly
And I know you heard about me
So hey, let's be friends
I'm dying to see how this one ends
Grab your passport and my hand
I can make the bad guys good for a weekend

So it's gonna be forever
Or it's gonna go down in flames
You can tell me when it's over
If the high was worth the pain
Got a long list of ex-lovers
They'll tell you I'm insane
Cause you know I love the players
And you love the game

Cause we're young and we're reckless
We'll take this way too far, It'll leave you breathless
Or with a nasty scar
Got a long list of ex-lovers
They'll tell you I'm insane
But I've got a blank space baby
And I'll write your name

Cherry lips
Crystal skies
I could show you incredible things
Stolen kisses, pretty lies
You're the king baby I'm your queen
Find out what you want
Be that girl for a month
Wait, the worst is yet to come
Oh no
Screaming, crying, perfect storms
I can make all the tables turn
Rose garden filled with thorns
Keep you second guessing like, oh my god
Who is she? I get drunk on jealousy
But you'll come back each time you leave
Cause darling I'm a nightmare dressed like a daydream

So it's gonna be forever
Or it's gonna go down in flames
You can tell me when it's over
If the high was worth the pain
Got a long list of ex-lovers
They'll tell you I'm insane
Cause you know I love the players
And you love the game

Cause we're young and we're reckless
We'll take this way too far, It'll leave you breathless
Or with a nasty scar
Got a long list of ex-lovers
They'll tell you I'm insane
But I've got a blank space baby
And I'll write your name

Boys only want love
If it's torture
Don't say I didn't say I didn't warn you
Boys only want love, If it's torture
Don't say I didn't say I didn't warn you

So it's gonna be forever
Or it's gonna go down in flames
You can tell me when it's over
If the high was worth the pain
Got a long list of ex-lovers
They'll tell you I'm insane
Cause you know I love the players
And you love the game

Cause we're young and we're reckless
We'll take this way too far, It'll leave you breathless
Or with a nasty scar
Got a long list of ex-lovers
They'll tell you I'm insane
But I've got a blank space baby
And I'll write your name",0.8818591833114624,0.033812977373600006,0.030993374064564705,0.021404173225164413,0.014393395744264126,0.01097596064209938,0.006560883484780788,5,1,96.01,0.68,0.58
Taylor Swift,Cruel Summer,"(Yeah, yeah, yeah, yeah)

Fever dream high in the quiet of the night
You know that I caught it (oh, yeah, you're right, I want it)
Bad, bad boy, shiny toy with a price
You know that I bought it (oh, yeah, you're right, I want it)

Killing me slow, out the window
I'm always waiting for you to be waiting below
Devils roll the dice, angels roll their eyes
What doesn't kill me makes me want you more

And it's new, the shape of your body
It's blue, the feeling I've got
And it's ooh, whoa oh
It's a cruel summer
It's cool, that's what I tell 'em
No rules in breakable heaven
But ooh, whoa oh
It's a cruel summer
With you

Hang your head low in the glow of the vending machine
I'm not dying (oh, yeah, you're right, I want it)
You say that we'll just screw it up in these trying times
We're not trying (oh, yeah, you're right, I want it)

So cut the headlights, summer's a knife
I'm always waiting for you just to cut to the bone
Devils roll the dice, angels roll their eyes
And if I bleed, you'll be the last to know

Oh, it's new, the shape of your body
It's blue, the feeling I've got
And it's ooh, whoa oh
It's a cruel summer
It's cool, that's what I tell 'em
No rules in breakable heaven
But ooh, whoa oh
It's a cruel summer
With you

I'm drunk in the back of the car
And I cried like a baby coming home from the bar (oh)
Said I'm fine, but it wasn't true
I don't wanna keep secrets just to keep you
And I snuck in through the garden gate
Every night that summer, just to seal my fate (oh)
And I scream for whatever it's worth
I love you, ain't that the worst thing you ever heard?
He looks up, grinning like a devil

And it's new, the shape of your body
It's blue, the feeling I've got
And it's ooh, whoa oh
It's a cruel summer
It's cool, that's what I tell 'em
No rules in breakable heaven
But ooh, whoa oh
It's a cruel summer
With you

I'm drunk in the back of the car
And I cried like a baby coming home from the bar (oh)
Said I'm fine, but it wasn't true
I don't wanna keep secrets just to keep you
And I snuck in through the garden gate
Every night that summer, just to seal my fate (oh)
And I scream for whatever it's worth
I love you, ain't that the worst thing you ever heard?
(Yeah, yeah, yeah, yeah)",0.013156689703464508,0.01658628322184086,0.14591948688030243,0.029140476137399673,0.260845422744751,0.2883375883102417,0.2460140585899353,9,1,169.99,0.7,0.56
Taylor Swift,Shake It Off,"I stay out too late
Got nothing in my brain
That's what people say, hm, hm
That's what people say, hm, hm

I go on too many dates
But I can't make them stay
At least that's what people say, hm, hm
That's what people say, hm, hm

But I keep cruising
Can't stop, won't stop moving
It's like I got this music
In my mind, saying it's gonna be alright

'Cause the players gonna play (play, play, play, play)
And the haters gonna hate (hate, hate, hate, hate)
Baby, I'm just gonna shake (shake, shake, shake, shake)
I shake it off, I shake it off

Heartbreakers gonna break (break, break, break, break)
And the fakers gonna fake (fake, fake, fake, fake)
Baby, I'm just gonna shake (shake, shake, shake, shake)
I shake it off, I shake it off

I never miss a beat
I'm lightning on my feet
And that's what they don't see, hm, hm
That's what they don't see, hm, hm

I'm dancing on my own (dancing on my own)
I make the moves up as I go (moves up as I go)
And that's what they don't know, hm, hm
That's what they don't know, hm, hm

But I keep cruising
Can't stop, won't stop grooving
It's like I got this music
In my mind, saying it's gonna be alright

'Cause the players gonna play (play, play, play, play)
And the haters gonna hate (hate, hate, hate, hate)
Baby, I'm just gonna shake (shake, shake, shake, shake)
I shake it off, I shake it off

Heartbreakers gonna break (break, break, break, break)
And the fakers gonna fake (fake, fake, fake, fake)
Baby, I'm just gonna shake (shake, shake, shake, shake)
I shake it off, I shake it off

Shake it off, I shake it off
I, I, I shake it off, I shake it off
I, I, I shake it off, I shake it off
I, I, I shake it off, I shake it off

Hey, hey, hey!
Just think while you've been getting down and out about the liars
And the dirty, dirty cheats of the world
You could've been getting down to this sick beat

My ex-man brought his new girlfriend
And she's like: Oh my God
But I'm just gonna shake
And to the fella over there with the hella good hair
Won't you come on over, baby?
We can shake, shake, shake
Yeah, oh!

'Cause the players gonna play (play, play, play, play)
And the haters gonna hate (hate, hate, hate, hate) (haters gonna hate)
Baby, I'm just gonna shake (shake, shake, shake, shake)
I shake it off, I shake it off

Heartbreakers gonna break (break, break, break, break)
And the fakers gonna fake (fake, fake, fake, fake)
Baby, I'm just gonna shake (shake, shake, shake, shake)
I shake it off, I shake it off

Shake it off, I shake it off
I, I, I shake it off, I shake it off
I, I, I shake it off, I shake it off
I, I, I shake it off, I shake it off

Shake it off, I shake it off
I, I, I shake it off, I shake it off
I, I, I shake it off, I shake it off
I, I, I shake it off, I shake it off

Shake it off, I shake it off
I, I, I shake it off, I shake it off (you got to)
I, I, I shake it off, I shake it off
I, I, I shake it off, I shake it off",0.014898324385285378,0.006023238878697157,0.1903693526983261,0.036084435880184174,0.6393170356750488,0.08470197021961212,0.028605667874217033,7,1,160.02,0.79,0.94
Taylor Swift,Style,"Midnight
You come and pick me up, no headlights
A long drive
Could end in burning flames or paradise

Fade into view, oh
It's been a while since I have even heard from you
(Heard from you)

And I should just tell you to leave, 'cause I
Know exactly where it leads, but I
Watch us go 'round and 'round each time

You got that James Dean daydream look in your eye
And I got that red lip, classic thing that you like
And when we go crashing down, we come back every time
'Cause we never go out of style
We never go out of style

You got that long hair, slicked back, white t-shirt
And I got that good girl faith and a tight little skirt
And when we go crashing down, we come back every time
'Cause we never go out of style
We never go out of style

So it goes
He can't keep his wild eyes on the road
Takes me home
The lights are off, he's taking off his coat

I say: I heard, oh
That you've been out and about with some other girl
(Some other girl)

He says: What you heard is true, but I
Can't stop thinking about you, and I
I said: I've been there too, a few times

'Cause you got that James Dean daydream look in your eye
And I got that red lip, classic thing that you like
And when we go crashing down, we come back every time
'Cause we never go out of style
We never go out of style

You got that long hair, slicked back, white t-shirt
And I got that good girl faith and a tight little skirt (a tight little skirt)
And when we go crashing down, we come back every time
'Cause we never go out of style (we never go, we never go)
We never go out of style

Take me home
Just take me home
Yeah, just take me home
Oh, oh, oh
(Out of style)

You got that James Dean daydream look in your eye
And I got that red lip, classic thing that you like
And when we go crashing down, we come back every time (and when we go)
'Cause we never go out of style
We never go out of style",0.023874953389167786,0.006979681551456451,0.0998694896697998,0.03434927389025688,0.5404276847839355,0.27539750933647156,0.019101368263363838,2,1,95.02,0.79,0.46
Taylor Swift,cardigan,"Vintage tee, brand-new phone
High heels on cobblestones
When you are young, they assume you know nothing
Sequin smile, black lipstick
Sensual politics
When you are young, they assume you know nothing

But I knew you
Dancin' in your Levi's
Drunk under a streetlight, I
I knew you
Hand under my sweatshirt
Baby, kiss it better, I

And when I felt like I was an old cardigan
Under someone's bed
You put me on and said I was your favorite

A friend to all is a friend to none
Chase two girls, lose the one
When you are young, they assume you know nothing

But I knew you
Playing hide-and-seek and
Giving me your weekends, I
I knew you
Your heartbeat on the High Line
Once in twenty lifetimes, I

And when I felt like I was an old cardigan
Under someone's bed
You put me on and said I was your favorite

To kiss in cars and downtown bars
Was all we needed
You drew stars around my scars
But now I'm bleedin'

'Cause I knew you
Steppin' on the last train
Marked me like a bloodstain, I
I knew you
Tried to change the ending
Peter losing Wendy, I
I knew you
Leavin' like a father
Running like water, I
And when you are young, they assume you know nothing

But I knew you'd linger like a tattoo kiss
I knew you'd haunt all of my what-ifs
The smell of smoke would hang around this long
'Cause I knew everything when I was young
I knew I'd curse you for the longest time
Chasin' shadows in the grocery line
I knew you'd miss me once the thrill expired
And you'd be standin' in my front porch light
And I knew you'd come back to me
You'd come back to me
And you'd come back to me
And you'd come back

And when I felt like I was an old cardigan
Under someone's bed
You put me on and said I was your favorite",0.12086954712867737,0.022433936595916748,0.3647908866405487,0.02166159451007843,0.1788998544216156,0.022692857310175896,0.2686513662338257,0,0,130.03,0.58,0.55
Taylor Swift,Love Story,"We were both young, when I first saw you.
I close my eyes and the flashback starts-
I'm standing there, on a balcony in summer air.

I see the lights; see the party, the ball gowns.
I see you make your way through the crowd-
You say hello, little did I know...

That you were Romeo, you were throwing pebbles-
And my daddy said ""stay away from Juliet""-
And I was crying on the staircase-
begging you, ""Please don't go...""
And I said...

Romeo take me somewhere, we can be alone.
I'll be waiting; all there's left to do is run.
You'll be the prince and I'll be the princess,
It's a love story, baby, just say yes.

So I sneak out to the garden to see you.
We keep quiet, because we're dead if they knew-
So close your eyes... escape this town for a little while.
Oh, Oh.

Cause you were Romeo - I was a scarlet letter,
And my daddy said ""stay away from Juliet"" -
but you were everything to me-
I was begging you, ""Please don't go""
And I said...

Romeo take me somewhere, we can be alone.
I'll be waiting; all there's left to do is run.
You'll be the prince and I'll be the princess.
It's a love story, baby, just say yes-

Romeo save me, they're trying to tell me how to feel.
This love is difficult, but it's real.
Don't be afraid, we'll make it out of this mess.
It's a love story, baby, just say yes.
Oh, Oh.

I got tired of waiting.
Wondering if you were ever coming around.
My faith in you was fading-
When I met you on the outskirts of town.
And I said...

Romeo save me, I've been feeling so alone.
I keep waiting, for you but you never come.
Is this in my head, I don't know what to think-
He knelt to the ground and pulled out a ring and said...

Marry me Juliet, you'll never have to be alone.
I love you, and that's all I really know.
I talked to your dad -- go pick out a white dress
It's a love story, baby just say... yes.
Oh, Oh, Oh, Oh, Oh.

'cause we were both young when I first saw you",0.31382277607917786,0.095655657351017,0.23933584988117218,0.013928442262113094,0.21930716931819916,0.03867853805422783,0.07927162200212479,2,1,118.98,0.74,0.3
Taylor Swift,You Belong with Me,"You're on the phone with your girlfriend, she's upset
She's going off about something that you said
'Cause she doesn't get your humor like I do
I'm in the room, it's a typical Tuesday night
I'm listening to the kind of music she doesn't like
And she'll never know your story like I do

But she wears short skirts, I wear T-shirts
She's Cheer Captain and I'm on the bleachers
Dreaming 'bout the day when you wake up and find
That what you're looking for has been here the whole time

If you could see that I'm the one who understands you

Been here all along, so why can't you see?
You belong with me, you belong with me

Walking the streets with you and your worn-out jeans
I can't help thinking this is how it ought to be
Laughing on a park bench, thinking to myself
Hey, isn't this easy?
And you've got a smile that could light up this whole town
I haven't seen it in a while since she brought you down
You say you're fine, I know you better than that
Hey, whatcha doing with a girl like that?

She wears high heels, I wear sneakers
She's Cheer Captain and I'm on the bleachers
Dreaming 'bout the day when you wake up and find

That what you're looking for has been here the whole time

If you could see that I'm the one who understands you
Been here all along, so why can't you see?
You belong with me
Standing by and waiting at your back door
All this time, how could you not know, baby?
You belong with me, you belong with me

Oh, I remember you driving to my house
In the middle of the night
I'm the one who makes you laugh
When you know you're 'bout to cry
And I know your favorite songs
And you tell me 'bout your dreams
Think I know where you belong

Think I know it's with me

Can't you see that I'm the one who understands you
Been here all along, so why can't you see?
You belong with me
Standing by and waiting at your back door
All this time, how could you not know, baby?
You belong with me, you belong with me

You belong with me
Have you ever thought just maybe
You belong with me?
You belong with me",0.013953415676951408,0.004858344793319702,0.425896018743515,0.026705360040068626,0.0733417347073555,0.17499372363090515,0.2802514433860779,6,1,130.03,0.77,0.47
Taylor Swift,august,"Salt air and the rust on your door
I never needed anything more
Whispers of: Are you sure?
Never have I ever before

But I can see us lost in the memory
August slipped away into a moment in time
'Cause it was never mine
And I can see us twisted in bedsheets
August sipped away like a bottle of wine
'Cause you were never mine

Your back beneath the Sun
Wishing I could write my name on it
Will you call when you're back at school?
I remember thinking I had you

But I can see us lost in the memory
August slipped away into a moment in time
'Cause it was never mine
And I can see us twisted in bedsheets
August sipped away like a bottle of wine
'Cause you were never mine

Back when we were still changing for the better
Wanting was enough
For me, it was enough
To live for the hope of it all
Cancel plans just in case you'd call
And say: Meet me behind the mall
So much for summer love and saying us
'Cause you weren't mine to lose
You weren't mine to lose, oh

But I can see us lost in the memory
August slipped away into a moment in time
'Cause it was never mine
And I can see us twisted in bedsheets
August sipped away like a bottle of wine
'Cause you were never mine

'Cause you were never mine
Never mine
But do you remember?

Remember when I pulled up and said: Get in the car
And then canceled my plans just in case you'd call?
Back when I was livin' for the hope of it all, for the hope of it all
Meet me behind the mall

(Remember when I pulled up and said: Get in the car)
(And then canceled my plans just in case you'd call?)
(Back when I was livin' for the hope of it all, for the hope of it all)
(Meet me behind the mall)

Remember when I pulled up and said: Get in the car
And then canceled my plans just in case you'd call?
Back when I was livin' for the hope of it all (for the hope of it all)
For the hope of it all, for the hope of it all
(For the hope of it all, for the hope of it all)",0.04221077635884285,0.003215847071260214,0.022521555423736572,0.037751201540231705,0.8627481460571289,0.015092684887349606,0.016459684818983078,5,1,89.94,0.62,0.4
Ed Sheeran,Shape of You,"The club isn't the best place to find a lover
So the bar is where I go
Me and my friends at the table doing shots
Drinking fast and then we talk slow

Come over and start up a conversation with just me
And trust me, I'll give it a chance
Now take my hand, stop, put Van The Man on the jukebox
And then we start to dance
And now I'm singing like

Girl, you know I want your love
Your love was handmade for somebody like me
Come on now, follow my lead
I may be crazy, don't mind me
Say: Boy, let's not talk too much
Grab on my waist and put that body on me
Come on now, follow my lead
Come, come on now, follow my lead

I'm in love with the shape of you
We push and pull like a magnet do
Although my heart is falling too
I'm in love with your body
And last night you were in my room
And now my bedsheets smell like you
Everyday discovering something brand new
I'm in love with your body

Oh I, oh I, oh I, oh I
I'm in love with your body
Oh I, oh I, oh I, oh I
I'm in love with your body
Oh I, oh I, oh I, oh I
I'm in love with your body
Everyday discovering something brand new
I'm in love with the shape of you

One week in, we let the story begin
We're going out on our first date
You and me are thrifty, so go all you can eat
Fill up your bag and I fill up a plate

We talk for hours and hours about the sweet and the sour
And how your family is doing okay
Leave and get in a taxi, then kiss in the backseat
Tell the driver: Make the radio play
And I'm singing like

Girl, you know I want your love
Your love was handmade for somebody like me
Come on now, follow my lead
I may be crazy, don't mind me
Say: Boy, let's not talk too much
Grab on my waist and put that body on me
Come on now, follow my lead
Come, come on now, follow my lead

I'm in love with the shape of you
We push and pull like a magnet do
Although my heart is falling too
I'm in love with your body
And last night you were in my room
And now my bedsheets smell like you
Everyday discovering something brand new
I'm in love with your body

Oh I, oh I, oh I, oh I
I'm in love with your body
Oh I, oh I, oh I, oh I
I'm in love with your body
Oh I, oh I, oh I, oh I
I'm in love with your body
Everyday discovering something brand new
I'm in love with the shape of you

Come on, be my baby, come on
Come on, be my baby, come on
Come on, be my baby, come on
Come on, be my baby, come on

Come on, be my baby, come on
Come on, be my baby, come on
Come on, be my baby, come on
Come on, be my baby, come on

I'm in love with the shape of you
We push and pull like a magnet do
Although my heart is falling too
I'm in love with your body
Last night you were in my room
And now my bedsheets smell like you
Everyday discovering something brand new
I'm in love with your body

Come on, be my baby, come on
Come on, be my baby, come on (I'm in love with your body)
Come on, be my baby, come on
Come on, be my baby, come on (I'm in love with your body)

Come on, be my baby, come on
Come on, be my baby, come on (I'm in love with your body)
Everyday discovering something brand new
I'm in love with the shape of you",0.01368604227900505,0.025436166673898697,0.3395134508609772,0.03971555456519127,0.25532248616218567,0.2745984196662903,0.051727816462516785,1,0,95.98,0.65,0.93
Ed Sheeran,Thinking Out Loud,"When your legs don't work like they used to before
And I can't sweep you off of your feet
Will your mouth still remember the taste of my love?
Will your eyes still smile from your cheeks?
And darling I will be loving you till we're 70
And baby my heart could still fall as hard at 23
And I'm thinking about how

People fall in love in mysterious ways
Maybe just a touch of a hand
Well me I fall in love with you every single day
And I just wanna tell you I am

So honey now, take me into your loving arms
Kiss me under the light of a thousand stars
Place your head on my beating heart, I'm thinking out loud
And maybe we found love right where we are

When my hair's all but gone and my memory fades
And the crowds don't remember my name
When my hands don't play the strings the same way
I know you will still love me the same
Cause honey your soul could never grow old, it's evergreen
And baby your smile's forever in my mind and memory
And I'm thinking about how

People fall in love in mysterious ways
And maybe it's all part of a plan
I'll just keep on making the same mistakes
Hoping that you'll understand

But baby now, take me into your loving arms
Kiss me under the light of a thousand stars
Place your head on my beating heart, I'm thinking out loud
And maybe we found love right where we are

So baby now, take me into your loving arms
Kiss me under the light of a thousand stars, oh darling
Place your head on my beating heart, I'm thinking out loud
That maybe we found love right where we are
And baby we found love right where we are
And we found love right where we are",0.013705446384847164,0.012934524565935135,0.053047508001327515,0.9023844003677368,0.004683989100158215,0.0074138762429356575,0.005830333102494478,2,1,79.0,0.45,0.59
Ed Sheeran,Photograph,"Loving can hurt
Loving can hurt sometimes
But it's the only thing that I know
When it gets hard
You know, it can get hard sometimes
It is the only thing that makes us feel alive

We keep this love in a photograph
We made these memories for ourselves
Where our eyes are never closing
Our hearts were never broken
And time's forever frozen still

So, you can keep me
Inside the pocket of your ripped jeans
Holding me close until our eyes meet
And you won't ever be alone
Wait for me to come home

Loving can heal
Loving can mend your soul
And it's the only thing that I know, know
I swear it will get easier
Remember that with every piece of ya
And is the only thing we take with us when we die

We keep this love in this photograph
We made these memories for ourselves
Where our eyes are never closing
Our hearts were never broken
Time's forever frozen still

So, you can keep me
Inside the pocket of your ripped jeans
Holding me close until our eyes meet
And you won't ever be alone

And if you hurt me
That's okay, baby
Only words bleed
Inside these pages you just hold me
And I won't ever let you go
Wait for me to come home

Wait for me to come home
Wait for me to come home
Wait for me to come home

So you could fit me
Inside the necklace you got
When you were sixteen
Next to your heartbeat, where I should be
Keep it deep within your soul

And if you hurt me
Well, that's okay, baby
Only words bleed
Inside these pages you just hold me
And I won't ever let you go

When I'm away
I will remember how you kissed me
Under the lamppost back on 6th Street
Hearing you whisper through the phone
Wait for me to come home",0.008086428977549076,0.1457674652338028,0.047797791659832,0.7843790054321289,0.004721236415207386,0.0038257755804806948,0.005422270856797695,4,1,107.99,0.38,0.2
Ed Sheeran,The A Team,"White lips, pale face
Breathing in snowflakes
Burnt lungs, sour taste
Light's gone, day's end
Struggling to pay rent
Long nights, strange men

And they say
She's in the Class A Team
Stuck in her daydream
Been this way since 18
But lately her face seems
Slowly sinking, wasting
Crumbling like pastries
And they scream
The worst things in life come free to us
'Cause we're just under the upperhand
And go mad for a couple of grams
And she don't want to go outside tonight
And in a pipe she flies to the Motherland
Or sells love to another man
It's too cold outside
For angels to fly
Angels to fly

Ripped gloves, raincoat
Tried to swim and stay afloat
Dry house, wet clothes
Loose change, bank notes
Weary-eyed, dry throat
Call girl, no phone

And they say
She's in the Class A Team
Stuck in her daydream
Been this way since 18
But lately her face seems
Slowly sinking, wasting
Crumbling like pastries

And they scream
The worst things in life come free to us
Cos we're just under the upperhand
And go mad for a couple of grams
And she don't want to go outside tonight
And in a pipe she flies to the Motherland
Or sells love to another man
It's too cold outside
For angels to fly
An angel will die
Covered in white
Closed eye
And hoping for a better life
This time, we'll fade out tonight
Straight down the line

And they say
She's in the Class A Team
Stuck in her daydream
Been this way since 18
But lately her face seems
Slowly sinking, wasting
Crumbling like pastries
They scream
The worst things in life come free to us

And we're all under the upper hand
And go mad for a couple of grams
And we don't want to go outside tonight
And in a pipe she flies to the Motherland
Or sells love to another man
It's too cold outside
For angels to fly
Angels to fly
Fly, fly
For angels to fly
To fly, to fly
For angels to die",0.006924862507730722,0.0014560497365891933,0.02097431570291519,0.90680330991745,0.013819010928273201,0.00975583866238594,0.04026663675904274,9,1,85.0,0.29,0.41
Ed Sheeran,Perfect,"I found a love for me
Darling, just dive right in and follow my lead
I found a girl, beautiful and sweet
I never knew you were the someone waiting for me

'Cause we were just kids when we fell in love
Not knowing what it was
I will not give you up this time
Darling, just kiss me slow
Your heart is all I own
And in your eyes, you're holding mine

Baby I'm, dancing in the dark
With you between my arms
Barefoot on the grass
Listening to our favourite song
When you said you looked a mess
I whispered underneath my breath
But you heard it
Darling, you look perfect tonight

I found a woman, stronger than anyone I know
She shares my dreams, I hope that someday I'll share her home
I found a lover to carry more than just my secrets
To carry love, to carry children of our own

We are still kids, but we're so in love
Fighting against all odds
I know we'll be alright this time
Darling, just hold my hand
Be my girl, I'll be your man
I see my future in your eyes

Baby, I'm dancing in the dark
With you between my arms
Barefoot on the grass
Listening to our favourite song
When I saw you in that dress
Looking so beautiful
I don't deserve this
Darling, you look perfect tonight

Baby, I'm dancing in the dark
With you between my arms
Barefoot on the grass
Listening to our favourite song
I have faith in what I see
Now I know I have met an angel in person
And she looks perfect
I don't deserve this
You look perfect tonight",0.03613106906414032,0.12108214944601059,0.2654835879802704,0.3648022413253784,0.16609227657318115,0.040228281170129776,0.006180385127663612,8,1,95.05,0.45,0.17
Ed Sheeran,Don't,"Ah-la-la-la-la
Ah-la-la-la-la
Ah-la-la-la-la
Ah-la-la-la-la

I met this girl late last year
She said don’t you worry if I disappear
I told her I’m not really looking for another mistake
I called an old friend thinking that the trouble would wait
But then I jump right in

A week later return
I reckon she was only looking for a lover to burn
But I gave her my time for two or three nights

Then I put it on pause until the moment was right
I went away for months until our paths crossed again
She told me I was never looking for a friend
Maybe you could swing by my room around 10
Baby bring a lemon and a bottle of gin
We’ll be in between the sheets until the late AM
Baby if you wanted me then you should’ve just said

She’s singing
Ah-la-la-la-la
Ah-la-la-la-la
Don’t fuck with my love
That heart is so cold
All over my arm
I don’t wanna know that babe

Ah-la-la-la-la
A-la-la-la-la
Don’t fuck with my love
I told her she knows
Take aim and reload
I don’t wanna know that babe
Ah-la-la-la-la
Ah-la-la-la-la

For a couple weeks I
Only want to see her
We drink away the days with a take away pizza
Before a text message was the only way to reach her
Now she’s staying at my place and loves the way I treat her

Singing out Aretha
All over the track like a feature
Never want to sleep I guess that I don’t want to either
But me and her we make money the same way
Four cities, two planes the same day
Those shows have never been what it’s about
But maybe we’ll go together and just figure it out

I’d rather put on a film with you and sit on the couch
But we should get on a plane
Or we’ll be missing it now
Wish I’d have written it down
The way that things played out
When she was kissing him
How? I was confused about

She should figure it out while I’m sat here singing

Ah-la-la-la-la
Ah-la-la-la-la
Don’t fuck with my love
That heart is so cold
All over my arm
I don’t wanna know that babe

Ah-la-la-la-la
Ah-la-la-la-la
Don’t fuck with my love
I told her she knows
Take aim and reload
I don’t wanna know that babe
Ah-la-la-la-la
Ah-la-la-la-la

*Knock knock knock* on my hotel door
I don’t even know if she knows what for
She was crying on my shoulder
I already told ya
Trust and respect is what we do this for

I never intended to be next
But you didn’t need to take him to bed that’s all
And I never saw him as a threat
Until you disappeared with him to have sex of course
It’s not like we were both on tour
We were staying on the same fucking hotel floor

And I wasn’t looking for a promise or commitment

But it was never just fun and I thought you were different
This is not the way you realize what you wanted
It’s a bit too much, too late if I’m honest
All this time God knows I’m singing

Ah-la-la-la-la
Ah-la-la-la-la
Don’t fuck with my love
That heart is so cold
All over my arm
I don’t wanna know that babe

Ah-la-la-la-la
Ah-la-la-la-la
Don’t fuck with my love
I told her she knows
Take aim and reload

I don’t wanna know that babe
Ah-la-la-la-la
Ah-la-la-la-la",0.03937715291976929,0.00969129242002964,0.06577589362859726,0.04090481624007225,0.8219435811042786,0.01850765570998192,0.00379959330894053,6,1,101.96,0.68,0.84
Ed Sheeran,Bad Habits,"(One, two, three, four)
Ooh, ooh

Every time you come around, you know I can't say no
Every time the Sun goes down, I let you take control
I can feel the paradise, before my world implodes
And tonight had something wonderful

My bad habits lead to late nights, endin' alone
Conversations with a stranger I barely know
Swearin' this will be the last, but it probably won't
I got nothin' left to lose, or use, or do
My bad habits lead to wide eyes, stare into space
And I know I'll lose control of the things that I say
Yeah, I was lookin' for a way out, now, I can't escape
Nothin' happens aftеr two, it's true, it's true
My bad habits lead to you

Ooh, ooh, ooh, ooh
My bad habits lеad to you
Ooh, ooh, ooh, ooh
My bad habits lead to you

Every pure intention ends when the good times start
Fallin' over everything to reach the first time's spark
Started under neon lights, and then it all got dark
I only know how to go too far

My bad habits lead to late nights, endin' alone
Conversations with a stranger I barely know
Swearin' this will be the last, but it probably won't
I got nothin' left to lose, or use, or do
My bad habits lead to wide eyes, stare into space
And I know I'll lose control of the things that I say
Yeah, I was lookin' for a way out, now, I can't escape
Nothin' happens aftеr two, it's true, it's true
My bad habits lead to you

Ooh, ooh, ooh, ooh
My bad habits lead to you
Ooh, ooh, ooh, ooh

We took the long way 'round
And burned till the fun ran out, now

My bad habits lead to late nights, endin' alone
Conversations with a stranger I barely know
Swearin' this will be the last, but it probably won't
I got nothin' left to lose, or use, or do
My bad habits lead to wide eyes, stare into space
And I know I'll lose control of the things that I say
Yeah, I was lookin' for a way out, now, I can't escape
Nothin' happens aftеr two, it's true, it's true
My bad habits lead to you

Ooh, ooh, ooh, ooh
My bad habits lead to you
Ooh, ooh, ooh, ooh
My bad habits lead to you",0.13566772639751434,0.22433580458164215,0.15664491057395935,0.3805261552333832,0.06401853263378143,0.014113555662333965,0.02469329722225666,11,0,126.01,0.89,0.54
Ed Sheeran,Lego House,"I'm gonna pick up the pieces,
and build a lego house
if things go wrong we can knock it down

My three words have two meanings,
there's one thing on my mind
It's all for you

And it's dark in a cold December,
but I've got ya to keep me warm
and if you're broken I will mend ya and keep you sheltered
from the storm that's raging on now

I'm out of touch, I'm out of love
I'll pick you up when you're getting down
and out of all these things I've done
I think I love you better now

I'm out of sight, I'm out of mind
I'll do it all for you in time
And out of all these things I've done
I think I love you better now, now

I'm gonna paint you by numbers
and colour you in
if things go right we can frame it, and put you on a wall

And it's so hard to say it but I've been here before
and I will surrender up my heart
and swap it for yours

I'm out of touch, I'm out of love
I'll pick you up when you're getting down
and out of all these things I've done
I think I love you better now

I'm out of sight, I'm out of mind
I'll do it all for you in time
And out of all these things I've done
I think I love you better now

Don't hold me down
I think my braces are breaking
and it's more than I can take

And if it's dark in a cold December,
I've got ya to keep me warm
and if you're broken then I will mend ya
and keep you sheltered from the storm that's raging on, now

I'm out of touch, I'm out of love
I'll pick you up when you're getting down
and out of all these things I've done
I think I love you better now

I'm out of sight, I'm out of mind
I'll do it all for you in time
And out of all these things I've done
I think I love you better now

I'm out of touch, I'm out of love
I'll pick you up when you're getting down
and out of all these things I've done
I will love you better now",0.0071416813880205154,0.09329758584499359,0.4682115316390991,0.21026983857154846,0.0793282762169838,0.11348716169595718,0.028263932093977928,11,1,159.7,0.64,0.57
Adele,Rolling in the Deep,"There's a fire starting in my heart
Reaching a fever pitch, and it's bringing me out the dark
Finally I can see you crystal clear
Go ahead and sell me out and I'll lay your sheet bare
See how I'll leave with every piece of you
Don't underestimate the things that I will do

There's a fire starting in my heart
Reaching a fever pitch
And it's bringing me out the dark

The scars of your love remind me of us
They keep me thinking that we almost had it all
The scars of your love, they leave me breathless

I can't help feeling
We could have had it all
Rolling in the deep
(Tears are gonna fall, rolling in the deep)
You had my heart inside of your hand
(You're gonna wish you never had met me)
And you played it to the beat
(Tears are gonna fall, rolling in the deep)

Baby, I have no story to be told
But I've heard one of you
And I'm gonna make your head burn
Think of me in the depths of your despair
Making a home down there
As mine sure won't be shared

The scars of your love remind me of us
They keep me thinking that we almost had it all

The scars of your love, they leave me breathless
I can't help feeling
We could have had it all
Rolling in the deep
(Tears are gonna fall, rolling in the deep)
You had my heart inside of your hand
(You're gonna wish you never had met me)
And you played it to the beat
(Tears are gonna fall, rolling in the deep)
We could have had it all
Rolling in the deep
You had my heart inside of your hand
And you played it to the beat

Throw your soul through every open door
Count your blessings to find what you look for
Turn my sorrow into treasured gold
You pay me back in kind and reap just what you sow

(You're gonna wish you never had met me)
We could have had it all
(Tears are gonna fall, rolling in the deep)
We could have had it all
(You're gonna wish you never had met me)
It all, it all, it all
(Tears are gonna fall, rolling in the deep)

We could have had it all
(You're gonna wish you never had met me)
Rolling in the deep
(Tears are gonna fall, rolling in the deep)
You had my heart inside of your hand
(You're gonna wish you never had met me)
And you played it to the beat
(Tears are gonna fall, rolling in the deep)

You could have had it all
(You're gonna wish you never had met me)
Rolling in the deep
(Tears are gonna fall, rolling in the deep)
You had my heart inside of your hand
(You're gonna wish you never had met me)

But you played it
You played it
You played it
You played it to the beat.",0.022386033087968826,0.001718859071843326,0.02677871659398079,0.03258918225765228,0.8313232064247131,0.07816725969314575,0.007036794908344746,8,1,104.95,0.77,0.51
Adele,Someone Like You,"I heard that you're settled down
That you found a girl and you're married now.
I heard that your dreams came true.
Guess she gave you things I didn't give to you.
Old friend, why are you so shy?
Ain't like you to hold back or hide from the light.

I hate to turn up out of the blue uninvited
But I couldn't stay away, I couldn't fight it.
I had hoped you'd see my face and that you'd be reminded
That for me it isn't over.

Never mind, I'll find someone like you
I wish nothing but the best for you too

Don't forget me, I beg
I'll remember you said,
""Sometimes it lasts in love but sometimes it hurts instead,
Sometimes it lasts in love but sometimes it hurts instead""

You know how the time flies
Only yesterday was the time of our lives
We were born and raised
In a summer haze
Bound by the surprise of our glory days

I hate to turn up out of the blue uninvited
But I couldn't stay away, I couldn't fight it.
I'd hoped you'd see my face and that you'd be reminded
That for me it isn't over.

Never mind, I'll find someone like you
I wish nothing but the best for you too
Don't forget me, I beg
I'll remember you said,
""Sometimes it lasts in love but sometimes it hurts instead.""

Nothing compares
No worries or cares
Regrets and mistakes
They are memories made.
Who would have known how bittersweet this would taste?

Never mind, I'll find someone like you
I wish nothing but the best for you
Don't forget me, I beg

I'll remember you said,
""Sometimes it lasts in love but sometimes it hurts instead"".

Never mind, I'll find someone like you
I wish nothing but the best for you too
Don't forget me, I beg
I'll remember you said,
""Sometimes it lasts in love but sometimes it hurts instead,
Sometimes it lasts in love but sometimes it hurts instead.""",0.08798005431890488,0.10440104454755783,0.11250187456607819,0.08826122432947159,0.5518313646316528,0.03877127543091774,0.016253089532256126,9,1,135.05,0.32,0.29
Adele,Set Fire to the Rain,"I let it fall, my heart,
And as it fell, you rose to claim it
It was dark and I was over
Until you kissed my lips and you saved me

My hands, they're strong
But my knees were far too weak
To stand in your arms
Without falling to your feet

But there's a side to you
That I never knew, never knew.
All the things you'd say
They were never true, never true,
And the games you play
You would always win, always win.

(Refrain:)
But I set fire to the rain,
Watched it pour as I touched your face,
Let it burn while I cried,
'Cause I heard it screaming out your name, your name!

When I lay with you
I could stay there
Close my eyes
Feel you're here forever
You and me together
Nothing gets better

'Cause there's a side to you
That I never knew, never knew,
All the things you'd say,

They were never true, never true,
And the games you play
You would always win, always win.

(refrain)
But I set fire to the rain,
Watched it pour as I touched your face,
Let it burn while I cried,
'Cause I heard it screaming out your name, your name!

I set fire to the rain
And I threwus into the flames
And it felt something dark
'Cause I knew that that was the last time, the last time!

Sometimes I wake up by the door,

That heart you caught, must be waiting for you
Even now that we're already over
I can't help myself from looking for you.

(refrain)
I set fire to the rain,
Watch it pour as I touch your face,
Let it burn when I cried,
'Cause I heard it screaming out your name, your name

I set fire to the rain,
And I feel lost into the flames
And it felt something like...
'Cause I knew that was the last time
The last time, oh, oh!

Let it burn

Let it burn
Let it burn",0.004353959579020739,0.00427825516089797,0.011555100791156292,0.22663114964962006,0.7341448664665222,0.007270037662237883,0.011766605079174042,2,0,107.99,0.67,0.45
Adele,Chasing Pavements,"I've made up my mind,
Don't need to think it over
If I'm wrong, I am right
Don't need to look no further,
This ain't lust
I know this is love

But if I tell the world
I'll never say enough
'cause it was not said to you
And that's exactly what I need to do
If I end up with you

Should I give up?
Or should I just keep chasin' pavements
Even if it leads nowhere?

Or would it be a waste
Even if I knew my place?
Should I leave it there?
Should I give up?
Or should I just keep chasin' pavements
Even if it leads nowhere?

I build myself up
And fly around in circles
Waitin' as my heart drops
And my back begins to tingle
Finally, could this be it

Or should I give up?
Or should I just keep chasin' pavements
Even if it leads nowhere?
Or would it be a waste
Even if I knew my place?

Should I leave it there?

Should I give up?
Or should I just keep chasin' pavements
Even if it leads nowhere?

Should I give up?
Or should I just keep on chasin' pavements
Even if it leads nowhere?
Or would it be a waste
Even if I knew my place?
Should I leave it there?

Should I give up?
Or should I just keep on chasin' pavements?
Should I just keep on chasin' pavements?
Ohh oh

should I give up?
Or should I just keep chasin' pavements
Even if it leads nowhere?
Or would it be a waste
Even if I knew my place?
Should I leave it there?

should I give up?
Or should I just keep chasin' pavements
Even if it leads nowhere?",0.00691321911290288,0.004994852934032679,0.07646340876817703,0.49748724699020386,0.2938976287841797,0.09308966249227524,0.02715396136045456,5,0,80.02,0.48,0.37
Adele,Skyfall,"This is the end
Hold your breath and count to ten
Feel the Earth move and then
Hear my heart burst again
For this is the end
I've drowned and dreamt this moment
So overdue, I owe them
Swept away, I'm stolen

Let the sky fall
When it crumbles
We will stand tall
Face it all together
Let the sky fall
When it crumbles
We will stand tall

Face it all together
At Skyfall
At Skyfall

Skyfall is where we start
A thousand miles and poles apart
Where worlds collide and days are dark
You may have my number, you can take my name
But you'll never have my heart

Let the sky fall (let the sky fall)
When it crumbles (when it crumbles)
We will stand tall (we will stand tall)
Face it all together
Let the sky fall (let the sky fall)
When it crumbles (when it crumbles)
We will stand tall (we will stand tall)
Face it all together

At Skyfall

(Let the sky fall)
(When it crumbles)
(We will stand tall)
(Let the sky fall)
(When it crumbles)
(We will stand tall)

Where you go, I go
What you see, I see
I know I'd never be me
Without the security
Of your loving arms
Keeping me from harm
Put your hand in my hand
And we'll stand

Let the sky fall (let the sky fall)
When it crumbles (when it crumbles)
We will stand tall (we will stand tall)
Face it all together
Let the sky fall (let the sky fall)
When it crumbles (when it crumbles)
We will stand tall (we will stand tall)
Face it all together
At Skyfall

Let the sky fall
We'll stand tall
At Skyfall
Ooh",0.006974410265684128,0.001705559086985886,0.006297370418906212,0.04354894161224365,0.12180233001708984,0.818028450012207,0.0016429903917014599,0,0,75.88,0.55,0.08
Adele,Make You Feel My Love,"When the rain is blowing in your face,
and the whole world is on your case,
I could offer you a warm embrace
to make you feel my love.

When the evening shadows and the stars appear,
and there is no one there to dry your tears,
I could hold you for a million years
to make you feel my love.

I know you haven't made your mind up yet,
but I would never do you wrong.
I've known it from the moment that we met,
no doubt in my mind where you belong.

I'd go hungry; I'd go black and blue,
I'd go crawling down the avenue.
No, there's nothing that I wouldn't do
to make you feel my love.

The storms are raging on the rolling sea
and on the highway of regret.
The winds of change are blowing wild and free,
you ain't seen nothing like me yet.

I could make you happy, make your dreams come true.
Nothing that I wouldn't do.
Go to the ends of the Earth for you,
to make you feel my love",0.0021574744023382664,0.7639274597167969,0.04608482867479324,0.15720176696777344,0.006592377554625273,0.011937789618968964,0.012098274193704128,10,1,65.18,0.17,0.1
Adele,Easy on Me,"There ain't no gold in this river
That I've been washing my hands in forever
I know there is hope in these waters
But I can't bring myself to swim
When I am drowning in this silence
Baby, let me in

Go easy on me, baby!
I was still a child
Didn't get the chance to
Feel the world around me
I had no time to choose what I chose to do

So, go easy on me

There ain't no room for our things to change
When we are both so deeply stuck in our ways
You can't deny how hard I have tried
I changed who I was to put you both first
But, now, I give up

Go easy on me, baby!
I was still a child
Didn't get the chance to
Feel the world around me
Had no time to choose what I chose to do

So, go easy on me

I had good intentions
And the highest hopes
But I know right now
It probably doesn't even show

Go easy on me, baby!
I was still a child
I didn't get the chance to
Feel the world around me
I had no time to choose what I chose to do

So, go easy on me",0.008101675659418106,0.004880163818597794,0.02819017879664898,0.38549748063087463,0.5493078231811523,0.01623089611530304,0.007791692391037941,5,1,141.98,0.37,0.13
Adele,Rumour Has It,"She, she ain't real,
She ain't gonna be able to love you like I will,
She is a stranger,
You and I have history,
Or don't you remember?
Sure, she's got it all,
But, baby, is that really what you want?

Bless your soul, you've got you're head in the clouds,
You made a fool out of you,
And, boy, she's bringing you down,
She made your heart melt,
But you're cold to the core,
Now rumour has it she ain't got your love anymore,

Rumour has it, ooh,
Rumour has it, ooh,
Rumour has it, ooh,
Rumour has it, ooh,
Rumour has it, ooh,
Rumour has it, ooh,
Rumour has it, ooh,
Rumour has it, ooh,

She is half your age,
But I'm guessing that's the reason that you strayed,
I heard you've been missing me,
You've been telling people things that you shouldn't be,
Like when we creep out and she ain't around,
Haven't you heard the rumours?

Bless your soul, you've got your head in the clouds,
You made a fool out of me,
And, boy, you're bringing me down,
You made my heart melt, yet I'm cold to the core,
But rumour has it I'm the one you're leaving her for,

Rumour has it, ooh,
Rumour has it, ooh,
Rumour has it, ooh,
Rumour has it, ooh,
Rumour has it, ooh,
Rumour has it, ooh,
Rumour has it, ooh,
Rumour has it, ooh,

All of these words whispered in my ear,
Tell a story that I cannot bear to hear,
Just 'cause I said it, it don't mean I meant it,
People say crazy things,
Just 'cause I said it, don't that mean I meant it,
Just 'cause you heard it,

Rumour has it, ooh,
Rumour has it, ooh,
Rumour has it, ooh,
Rumour has it, ooh,
Rumour has it, ooh,
Rumour has it, ooh,
Rumour has it, ooh,
Rumour has it, ooh,
Rumour has it, ooh,
Rumour has it, ooh,

Rumour has it, ooh,
Rumour has it, ooh,
Rumour has it, ooh,
Rumour has it, ooh,

But rumour has it he's the one I'm leaving you for.",0.026476426050066948,0.005924606695771217,0.06360581517219543,0.034457530826330185,0.03762515261769295,0.3851379156112671,0.4467724859714508,0,1,120.05,0.75,0.57
Olivia Rodrigo,good 4 u,"Ah

Well, good for you, I guess you moved on really easily
You found a new girl and it only took a couple weeks
Remember when you said that you wanted to give me the world?
(Ah-ah-ah-ah)
And good for you, I guess that you've been workin' on yourself
I guess that therapist I found for you, she really helped
Now you can be a better man for your brand new girl

Well, good for you, you look happy and healthy
Not me, if you ever cared to ask
Good for you, you're doin' great out there without me
Baby, God, I wish that I could do that
I've lost my mind, I've spent the night cryin' on the floor of my bathroom
But you're so unaffected, I really don't get it
But I guess good for you

Well, good for you, I guess you're gettin' everything you want
You bought a new car and your career's really takin' off
It's like we never even happened
Baby, what the fuck is up with that? (Huh?)
And good for you, it's like you never even met me
Remember when you swore to God I was the only person who ever got you?

Well, screw that, and screw you
You will never have to hurt the way you know that I do
Well, good for you, you look happy and healthy
Not me, if you ever cared to ask
Good for you, you're doin' great out there without me
Baby, God, I wish that I could do that
I've lost my mind, I've spent the night cryin' on the floor of my bathroom
But you're so unaffected, I really don't get it
But I guess good for you

Ah-ah-ah-ah
Ah-ah-ah-ah

Maybe I'm too emotional
But your apathy's like a wound in salt

Maybe I'm too emotional
Or maybe you never cared at all
Maybe I'm too emotional
Your apathy is like a wound in salt
Maybe I'm too emotional
Or maybe you never cared at all

Well, good for you, you look happy and healthy
Not me, if you ever cared to ask
Good for you, you're doin' great out there without me
Baby, like a damn sociopath
I've lost my mind, I've spent the night cryin' on the floor of my bathroom
But you're so unaffected, I really don't get it
But I guess good for you

Well, good for you, I guess you moved on really easily",0.12361816316843033,0.7267724275588989,0.125767320394516,0.008654472418129444,0.0022694231010973454,0.009055877104401588,0.0038623041473329067,11,0,166.58,0.57,0.47
Olivia Rodrigo,deja vu,"Car rides to Malibu
Strawberry ice cream, one spoon for two
And tradin' jackets
Laughin’ 'bout how small it looks on you
(Ha, ha, ha, ha, ha, ha, ha, ha, ha, ha, ha, ha)

Watching reruns of Glee
Bein' annoying, singin’ in harmony
I bet she's braggin' to all her friends
Sayin' you're so unique, hmm

So when you gonna tell her
That we did that, too?
She thinks it's special, but it's all reused
That was our place, I found it first
I made the jokes you tell to her
When she's with you

Do you get déjà vu when she’s with you?
Do you get déjà vu? Hmm
Do you get déjà vu, huh?

Do you call her, almost say my name?
'Cause let's be honest, we kinda do sound the same
Another actress
I hate to think that I was just your type

And I bet that she knows Billy Joel
'Cause you played her Uptown Girl
You're singin' it together
Now I bet you even tell her how you love her
In between the chorus and the verse (oh, I love you)

So when you gonna tell her
That we did that, too?
She thinks it's special, but it’s all reused
That was the show we talked about
Played you the songs she's singing now
When she's with you

Do you get déjà vu when she's with you?
Do you get déjà vu? (oh)
Do you get déjà vu?

Strawberry ice cream in Malibu
Don't act like we didn't do that shit, too
You're tradin' jackets like we used to do
(Yeah, everything is all reused)

Play her piano, but she doesn't know (oh, oh)
That I was the one who taught you Billy Joel (oh)
A different girl now, but there's nothing new
I know you get déjà vu

I know you get déjà vu
I know you get déjà vu",0.08343655616044998,0.5771480798721313,0.25754714012145996,0.029956111684441566,0.004350199829787016,0.028338739648461342,0.01922314241528511,9,1,181.09,0.61,0.17
Olivia Rodrigo,drivers license,"I got my driver's license last week
Just like we always talked about
'Cause you were so excited for me
To finally drive up to your house
But today I drove through the suburbs
Crying 'cause you weren't around

And you're probably with that blonde girl
Who always made me doubt
She's so much older than me
She's everything I'm insecure about
Yeah, today I drove through the suburbs
'Cause how could I ever love someone else?

And I know we weren't perfect but I've never felt this way for no one

And I just can't imagine how you could be so okay now that I'm gone
Guess you didn't mean what you wrote in that song about me
'Cause you said forever, now I drive alone past your street

And all my friends are tired
Of hearing how much I miss you, but
I kinda feel sorry for them
'Cause they'll never know you the way that I do, yeah
Today I drove through the suburbs
And pictured I was driving home to you

And I know we weren't perfect but I've never felt this way for no one, oh-oh
And I just can't imagine how you could be so okay, now that I'm gone

I guess you didn't mean what you wrote in that song about me
'Cause you said forever, now I drive alone past your street

Red lights, stop signs
I still see your face in the white cars, front yards
Can't drive past the places we used to go to
'Cause I still fuckin' love you, babe (Ooh, ooh-ooh, ooh-ooh, ooh-ooh)
Sidewalks we crossed
I still hear your voice in the traffic, we're laughing
Over all the noise
God I'm so blue, know we're through
But I still fuckin' love you, babe (Ooh, ooh-ooh, ooh-ooh, ooh-ooh)

I know we weren't perfect but I've never felt this way for no one
And I just can't imagine how you could be so okay, now that I'm gone
'Cause you didn't mean what you wrote in that song about me
'Cause you said forever, now I drive alone past your street
Yeah, you said forever, now I drive alone past your street",0.41075536608695984,0.08969079703092575,0.037457551807165146,0.1920919567346573,0.1193753033876419,0.14651314914226532,0.004115911666303873,10,1,143.87,0.44,0.13
Olivia Rodrigo,vampire,"Hate to give the satisfaction asking how you're doing now
How's the castle built off people you pretend to care about?
Just what you wanted
Look at you, cool guy, you got it
I see the parties and the diamonds sometimes when I close my eyes
Six months of torture you sold as some forbidden paradise
I loved you truly
You gotta laugh at the stupidity

'Cause I've made some real big mistakes
But you make the worst one look fine
I should've known it was strange
You only come out at night
I used to think I was smart
But you made me look so naïve
The way you sold me for parts
As you sunk your teeth into me, oh
Bloodsucker, famefucker
Bleedin' me dry like a goddamn vampire

And every girl I ever talked to told me you were bad, bad news
You called them crazy, God, I hate the way I called 'em crazy too
You're so convincing
How do you lie without flinching?
(How do you lie? How do you lie? How do you lie?)
Oh, what a mesmerizing, paralyzing, fucked up little thrill
Can't figure out just how you do it and God knows I never will
Went for me and not her
'Cause girls your age know better

I've made some real big mistakes
But you make the worst one look fine
I should've known it was strange
You only come out at night
I used to think I was smart
But you made me look so naïve
The way you sold me for parts
As you sunk your teeth into me, oh
Bloodsucker, famefucker
Bleedin' me dry like a goddamn vampire

(Ah)
You said it was true love, but wouldn't that be hard?
You can't love anyone 'cause that could mean you had a heart
I tried to help you out, now I know that I can't
'Cause how you think's the kind of thing I'll never understand

I've made some real big mistakes
But you make the worst one look fine
I should've known it was strange
You only come out at night
I used to think I was smart
But you made me look so naïve
The way you sold me for parts
As you sunk your teeth into me, oh
Bloodsucker, famefucker
Bleedin' me dry like a goddamn vampire",0.0034803724847733974,0.0031403342727571726,0.019163716584444046,0.0233108252286911,0.04967793822288513,0.7136732935905457,0.1875534951686859,5,1,137.46,0.56,0.29
Olivia Rodrigo,traitor,"Ooh, ooh
Ah, ah, ah, ah, ah

Brown guilty eyes and
Little white lies, yeah
I played dumb but I always knew
That you talked to her
Maybe did even worse
I kept quiet, so I could keep you

And ain't it funny how you ran to her
The second that we called it quits?
And ain't it funny how you said you were friends?
Now it sure as hell don't look like it

You betrayed me

And I know that you'll never feel sorry
For the way I hurt, yeah
You talked to her when we were together
Loved you at your worst but that didn't matter
It took you two weeks to go off and date her
Guess you didn't cheat, but you're still a traitor

Now you bring her around
Just to shut me down
Show her off like she's a new trophy
And I know if you were true
There's no damn way that you
Could fall in love with somebody that quickly

And ain't it funny, all the twisted games
All the questions you used to avoid?
Ain't it funny, remember I brought her up?

And you told me I was paranoid

You betrayed me
And I know that you'll never feel sorry
For the way I hurt, yeah
You talked to her when we were together
Loved you at your worst but that didn't matter
It took you two weeks to go off and date her
Guess you didn't cheat, but you're still a traitor

(Ah-ah-ah)
God, I wish that you had thought this through
Before I went and fell in love with you
(Ah-ah-ah)
When she's sleepin' in the bed we made
Don't you dare forget about the way you

Betrayed me
'Cause I know that you'll never feel sorry
For the way I hurt, yeah
You talked to her when we were together
You gave me your word but that didn't matter
It took you two weeks to go off and date her
Guess you didn't cheat, but you're still, you're still a traitor (Ah-ah-ah)
Yeah, you're still a traitor

Ooh, ooh, ooh
God, I wish that you had thought this through
Before I went and fell in love with you",0.15397556126117706,0.01398364920169115,0.08791686594486237,0.05481714382767677,0.11761710792779922,0.08169970661401749,0.4899899959564209,3,1,100.61,0.34,0.08
Olivia Rodrigo,"jealousy, jealousy","I kinda wanna throw my phone across the room
'Cause all I see are girls too good to be true
With paper white teeth and perfect bodies
Wish I didn't care
I know their beauty's not my lack
But it feels like that weight is on my back
And I can't let it go

Com-comparison is killin' me slowly
I think I think too much
'Bout kids who don't know me
I'm so sick of myself, I'd rather be, rather be
Anyone, anyone else
My jealousy, jealousy started followin' me (He-he-he, he)
Started followin' me (He-he-he, he)

And I see everyone gettin' all the things I want
And I'm happy for them, but then again, I'm not
Just cool vintage clothes and vacation photos
I can't stand it, oh God, I sound crazy
Their win is not my loss
I know it's true
But I can't help gettin' caught up in it all

Com-comparison is killin' me slowly
I think I think too much
'Bout kids who don't know me
I'm so sick of myself, I'd rather be, rather be
Anyone, anyone else
My jealousy, jealousy

Yeah, all your friends are so cool, you go out every night

In your daddy's nice car, yeah, you're livin' the life
Got a pretty face, a pretty boyfriend too
I wanna be you so bad, and I don't even know you
All I see is what I should be
Happier, prettier, jealousy, jealousy
All I see is what I should be
I'm losin' it, all I get's jealousy, jealousy

Com-comparison is killin' me slowly
I think I think too much
'Bout kids who don't know me
And I'm so sick of myself, I'd rather be, rather be (Oh, oh)
Anyone, anyone else (Anybody else)
Jealousy, jealousy (Oh)
I'm so sick of myself, I'd rather be, rather be (Oh-oh-oh)

Anyone, anyone else
Jealousy, jealousy
Started followin' me",0.008204636164009571,0.004652074538171291,0.018635300919413567,0.11184228956699371,0.7553882598876953,0.08744478970766068,0.01383254211395979,10,0,163.93,0.58,0.7
Olivia Rodrigo,brutal,"I want it to be like messy

I'm so insecure, I think
That I'll die before I drink
And I'm so caught up in the news
Of who likes me, and who hates you

And I'm so tired that I might
Quit my job, start a new life
And they'd all be so disappointed
'Cause who am I, if not exploited

And I'm so sick of seventeen
Where's my fucking teenage dream?
If someone tells me one more time
""Enjoy your youth"", I'm gonna cry

And I don't stick up for myself
I'm anxious, anything can help
And I wish I'd done this before
And I wish people liked me more

All I did was turn my back
This the kinda thing's bullshit
I wanna let me be upset (Upset, oh)

They say these are the golden years
But I wish I could disappear
Ego crush is so severe
God, it's brutal out here

I feel like no one wants me
And I hate the way I'm perceived
I only have two real friends
And lately, I'm a nervous wreck

'Cause I love people I don't like
And I hate every song I write
And I'm not cool, and I'm not smart
And I can't even parallel park

All I did was turn my back
This the kinda thing's bullshit
I wanna let me be upset (Upset, oh)

They say these are the golden years
But I wish I could disappear
Ego crush is so severe
God, it's brutal out here

She's having a really good time

Got a broken ego, broken heart
God, I don't even know where to start",0.008371857926249504,0.004735082387924194,0.02411305531859398,0.20938174426555634,0.7257826328277588,0.01567940041422844,0.011936230584979057,4,1,124.0,0.53,0.28
Olivia Rodrigo,favorite crime,"Know that I loved you so bad
I let you treat me like that
I was your willing accomplice, honey

And I watched as you fled the scene
Doe-eyed as you buried me
One heart broke, four hands bloody

The things I did
Just so I could call you mine
The things you did
Well, I hope I was your favorite crime

You used me as an alibi
I crossed my heart as you crossed the line
And I defended you to all my friends

And now, every time a siren sounds
I wonder if you're around
'Cause you know that I'd do it all again

All the things I did
Just so I could call you mine
The things you did
Well, I hope I was your favorite crime

It's bittersweet to think about the damage that we do
'Cause I was going down, but I was doing it with you
Yeah, everything we broke, and all the trouble that we made
But I say that I hate you with a smile on my face

Oh, look what we became

All the things I did
Just so I could call you mine
All the things you did
Well, I hope I was your favorite crime

Your favorite crime
Your favorite crime
'Cause, baby, you were mine",0.00687302416190505,0.0030271573923528194,0.03211389482021332,0.13592985272407532,0.1834084838628769,0.4940917193889618,0.14455582201480865,9,1,172.93,0.27,0.22
Billie Eilish,BIRDS OF A FEATHER,"I want you to stay
Till I'm in the grave
Till I rot away, dead and buried
Till I'm in the casket you carry

If you go, I'm going too, uh
'Cause it was always you, alright
And if I'm turning blue, please, don't save me
Nothing left to lose without my baby

Birds of a feather, we should stick together
I know I said I'd never think I wasn't better alone
Can't change the weather, might not be forever
But if it's forever, it's even better

And I don't know what I'm crying for
I don't think I could love you more
It might not be long, but, baby, I

I'll love you till the day that I die
Till the day that I die
Till the light leaves my eyes
Till the day that I die

I want you to see, mmm
How you look to me, huh
You wouldn't believe if I told ya
You would keep the compliments I throw ya

But you're so full of shit, hmm
Tell me it's a bit, oh
Say you don't see it, your mind's polluted
Say you wanna quit, don't be stupid

And I don't know what I'm crying for
I don't think I could love you more
It might not be long, but, baby, I
Don't wanna say goodbye

(Birds of a feather, we should stick together) till the day that I die
(I know I said I'd never think I wasn't better alone) till the light leaves my eyes
(Can't change the weather, might not be forever) till the day that I die
But if it's forever, it's even better

I knew you in another life
You had the same look in your eyes
I love you, don't act so surprised",0.008790683001279831,0.012097561731934547,0.26465892791748047,0.4654701352119446,0.10178790241479874,0.058738742023706436,0.08845606446266174,2,1,104.98,0.51,0.44
Billie Eilish,bad guy,"White shirt, now red my bloody nose
Sleeping, you're on your tippy toes
Creeping around like no one knows
Think you're so criminal
Bruises, on both my knees for you
Don't say thank you or please
I do what I want when I'm wanting to
My soul? So cynical

So you're a tough guy
Like a really rough guy
Just can't get enough guy
Chest always so puffed guy
I'm that bad type
Make your mama sad type
Make your girlfriend mad type
Might seduce your dad type
I'm the bad guy, duh
I'm the bad guy

I like it when you take control
Even if you know that you don't
Own me, I'll let you play the role
I'll be your animal
My mommy likes to sing along with me
But she won't sing this song
If she reads all the lyrics
She'll pity the men I know

So you're a tough guy
Like a really rough guy
Just can't get enough guy
Chest always so puffed guy
I'm that bad type
Make your mama sad type
Make your girlfriend mad type
Might seduce your dad type
I'm the bad guy, duh
I'm the bad guy, duh
I'm only good at being bad

I like it when you get mad
I guess I'm pretty glad
That you're alone
You say she's scared of me? I mean
I don't see what she sees
But maybe it's 'cause I'm wearing your cologne

I'm a bad guy
I'm a bad guy
Bad guy, bad guy
I'm a bad",0.010119040496647358,0.0019386957865208387,0.02931157313287258,0.05039395019412041,0.029670773074030876,0.6798068284988403,0.19875916838645935,7,1,135.13,0.43,0.56
Billie Eilish,WILDFLOWER,"Things fall apart and time breaks your heart
I wasn't there, but I know
She was your girl, you showed her the world
But fell out of love and you both let go

She was crying on my shoulder
All I could do was hold her
Only made us closer
Until July
Now, I know that you love me
You don't need to remind me
I should put it all behind me
Shouldn't I?

But I see her
In the back of my mind
All the time
Like a fever
Like I'm burning alive like a sign
Did I cross the line?
Mmm, mmm

Well, good things don't last
And life moves so fast
I'd never ask who was better
'Cause she couldn't be more different from me
Happy and free in leather

And I know that you love me (you love me)
You don't need to remind me (remind me)
Wanna put it all behind me
But, baby

I see her
In the back of my mind (back of my mind)
All the time (all the time)
Feels like a fever (like a fever)
Like I'm burning alive (burning alive) like a sign
Did I cross the line? (Cross the line), ooh

(You say no one knows you so well)
(But every time you touch me, I just wonder how she felt)
(Valentine's Day, crying in the hotel)
(I know you didn't mean to hurt me, so I kept it to myself)

And I wonder
Do you see her
In the back of your mind?
In my eyes?

You say no one knows you so well
But every time you touch me, I just wonder how she felt
Valentine's Day, crying in the hotel
I know you didn't mean to hurt me, so I kept it to myself",0.010949046351015568,0.006815152242779732,0.0470995269715786,0.9075040221214294,0.015513049438595772,0.008522458374500275,0.003596729366108775,6,0,148.1,0.25,0.13
Billie Eilish,when the party's over,"Don't you know I'm no good for you
I've learned to lose you, can't afford to
Tore my shirt to stop you bleedin'
But nothin' ever stops you leavin'

Quiet when I'm coming home and I'm on my own
I could lie, say I like it like that, like it like that
I could lie, say I like it like that, like it like that

Don't you know too much already
I'll only hurt you if you let me
Call me friend but keep me closer (Call me back)
And I'll call you when the party's over

Quiet when I'm coming home and I'm on my own
And I could lie, say I like it like that, like it like that
Yeah I could lie, say I like it like that, like it like that

But nothing is better sometimes
Once we've both said our goodbyes
Let's just let it go
Let me let you go

Quiet when I'm coming home and I'm on my own
I could lie, and say I like it like that, like it like that
I could lie, and say I like it like that, like it like that",0.0032584494911134243,0.009118172340095043,0.08811312913894653,0.04350822791457176,0.5888774394989014,0.20528483390808105,0.06183978542685509,4,1,82.64,0.11,0.2
Billie Eilish,LUNCH,"Oh, mmm

I could eat that girl for lunch
Yeah, she dances on my tongue
Tastes like she might be the one
And I could never get enough
I could buy her so much stuff
It's a craving, not a crush, huh

Call me when you're there
Said: I bought you something rare
And I left it under Claire
So now she's coming up the stairs
So I'm pulling up a chair
And I'm putting up my hair

Baby, I think you were made for me
Somebody write down the recipe
Been trying hard not to overeat
You're just so sweet

I'll run a shower for you like you want
Clothes on the counter for you to try 'em on
If I'm allowed, I'll help you take 'em off
Huh

I could eat that girl for lunch
Yeah, she dances on my tongue
Tastes like she might be the one
And I could never get enough
I could buy her so much stuff
It's a craving, not a crush, huh

I just wanna get her off, oh
Oh, oh, oh, oh
Oh, oh, ah-ah-ah-ah
Oh-ah-huh

She's taking pictures in the mirror
Oh my God, her skin's so clear
Tell her: Bring that over here
You need a seat? I'll volunteer
Now she's smiling ear to ear
She's the headlights, I'm the deer

I've said it all before, but I'll say it again
I'm interested in more than just being your friend
I don't wanna break it, just want it to bend
Do you know how to bend?

I could eat that girl for lunch
She dances on my tongue
I know it's just a hunch
But she might be the one

I could
Eat that girl for lunch
Yeah, she
Tastes like she might be the one

I could, I could
Eat that girl for lunch
Yeah, she, yeah, she
Tastes like she might be the one",0.1800840049982071,0.015027620829641819,0.58778977394104,0.04198652505874634,0.03290018439292908,0.01541378628462553,0.12679806351661682,11,0,124.99,0.4,0.95
Billie Eilish,Happier Than Ever,"When I'm away from you
I'm happier than ever
Wish I could explain it better
I wish it wasn't true, ooh-ooh, ooh-ooh, mm-hmm

Give me a day or two
To think of somethin' clever
To write myself a letter
To tell me what to do, ooh, ooh-ooh, mm-hmm
Do you read my interviews?
Or do you skip my avenue?
When you said you were passin' through
Was I even on your way?
I knew when I asked you to (When I asked you to)
Be cool about what I was tellin' you
You'd do the opposite of what you said you'd do (What you said you'd do)
And I'd end up more afraid
Don't say it isn't fair
You clearly werеn't aware that you made me misеrable, ooh
So if you really wanna know

When I'm away from you (When I'm away from you)
I'm happier than ever (I'm happier than ever)
Wish I could explain it better (Wish I could explain it better)
I wish it wasn't true, ooh-ooh, ooh-ooh, mm-hmm

You called me again
Drunk in your Benz
Drivin' home under the influence
You scared me to death but I'm wastin' my breath
'Cause you only listen to your fuckin' friends
I don't relate to you
I don't relate to you, no
'Cause I'd never treat me this shitty
You make me hate this city
And I don't talk shit about you on the internet
Never told anyone anything bad
'Cause that shit's embarrassin', you were my everythin'
And all that you did was make me fuckin' sad
So don't waste the time I don't have
Don't try to make me feel bad, I could talk about every time
That you showed up on time
But I'd have an empty line 'cause you never did
Never paid any mind to my mother or friends so I
Shut them all out for you 'cause I was a kid
You ruined everything good
Always said you were misunderstood
Made all my moments your own (Your own)
Just fuckin' leave me alone",0.0219133198261261,0.8507038950920105,0.03689684718847275,0.08018017560243607,0.004214045591652393,0.003142210189253092,0.0029494513291865587,0,1,81.06,0.23,0.3
Billie Eilish,CHIHIRO,"To take my love away
When I come back around, will I know what to say?
Said you won't forget my name
Not today, not tomorrow
Kinda strange, feelin' sorrow
I got change (Yup), you could borrow (Borrow)
When I come back around, will I know what to say?
Not today, maybe tomorrow

Open up the door, can you open up the door?
I know you said before you can't cope with any more
You told me it was war, said you'd show me what's in store
I hope it's not for sure, can you open up the door?

Did you take
My love away
From me? Me
Me

Saw your seat at the counter when I looked away
Saw you turn around, but it wasn't your face
Said, ""I need to be alone now, I'm takin' a break""
How come when I returned, you were gone away?

I don't, I don't know why I called
I don't know you at all
I don't know you
Not at all
I don't, I don't know why I called
I don't know you at all

I don't know you

Did you take
My love away
From me? Me

And that's when you found me

I was waitin' in the garden
Contemplatin', beg your pardon
But there's a part of me that recognizes you
Do you feel it too?
When you told me it was serious
Were you serious? Mm
They told me they were only curious
Now it's serious, mm

Open up the door, can you open up the door?

I know you said before you can't cope with any more
You told me it was war, said you'd show me what's in store
I hope it's not for sure, can you open up the door?

Wringing my hands in my lap
And they tell me it's all been a trap
And you don't know if you'll make it back
I said, ""No, don't say that""

(Wringing my hands in my lap)
(And you tell me it's all been a trap)
(And you don't know if you'll make it back)
(But I said, ""No, don't say that"")
(Wringing my hands in my lap)
(Tell me it's all been a trap)

(Don't know if you'll make it back)
(Don't say that)
Hm-hm",0.032691389322280884,0.0028748938348144293,0.02624456025660038,0.5271632671356201,0.3975023031234741,0.006274494342505932,0.007249185815453529,7,1,110.02,0.43,0.52
Billie Eilish,ocean eyes,"I've been watching you for some time
Can't stop staring at those ocean eyes
Burning cities and napalm skies
Fifteen flares inside those ocean eyes
Your ocean eyes

No fair
You really know how to make me cry
When you give me those ocean eyes
I'm scared
I've never fallen from quite this high
Falling into your ocean eyes
Those ocean eyes

I've been walking through a world gone blind
Can't stop thinking of your diamond mind
Careful creature made friends with time
You left her lonely with a diamond mind
And those ocean eyes

No fair
You really know how to make me cry
When you give me those ocean eyes
I'm scared
I've never fallen from quite this high
Falling into your ocean eyes
Those ocean eyes

No fair
You really know how to make me cry
When you give me those ocean eyes
I'm scared
I've never fallen from quite this high
Falling into your ocean eyes
Those ocean eyes",0.0009644600213505328,0.0008865921990945935,0.0012752605834975839,0.0036759304348379374,0.9893113970756531,0.003583015874028206,0.0003033439570572227,4,0,144.83,0.37,0.16
Coldplay,Yellow,"[Chris Martin]
Look at the stars
Look how they shine for you
And everything you do
Yeah, they were all yellow
I came along
I wrote a song for you
And all the things you do
And it was called ""Yellow""
So then I took my turn
Oh, what a thing to have done
And it was all yellow

[Chris, Jonny & Will]
(Aah) Your skin, oh yeah, your skin and bones
(Ooh) Turn into something beautiful

(Aah) You know, you know I love you so
You know I love you so

[Chris Martin]
I swam across
I jumped across for you
Oh, what a thing to do
'Cause you were all yellow
I drew a line
I drew a line for you
Oh, what a thing to do
And it was all yellow

[Chris, Jonny & Will]
(Aah) Your skin, oh yeah, your skin and bones
(Ooh) Turn into something beautiful
(Aah) And you know
For you, I'd bleed myself dry

For you, I'd bleed myself dry

[ Chris Martin]
It's true, look how they shine for you
Look how they shine for you
Look how they shine for
Look how they shine for you
Look how they shine for you
Look how they shine

[ Chris Martin]
Look at the stars
Look how they shine for you
And all the things that you do",0.34163060784339905,0.046424344182014465,0.2305857092142105,0.04004420340061188,0.040944118052721024,0.1452503353357315,0.15512070059776306,11,1,173.37,0.66,0.29
Coldplay,Viva la Vida,"I used to rule the world
Seas would rise when I gave the word
Now in the morning I sleep alone
Sweep the streets I used to own

I used to roll the dice
Feel the fear in my enemy's eyes
Listen as the crowd would sing:
Now the old king is dead! Long live the king!

One minute I held the key
Next the walls were closed on me
And I discovered that my castles stand
Upon pillars of salt and pillars of sand

I hear Jerusalem bells are ringing

Roman Cavalry choirs are singing
Be my mirror my sword and shield
My missionaries in a foreign field
For some reason I can't explain
Once you'd gone there was never, never an honest word
That was when I ruled the world
(Ohhh)

It was the wicked and wild wind
Blew down the doors to let me in.

Shattered windows and the sound of drums
People couldn't believe what I'd become

Revolutionaries wait
For my head on a silver plate
Just a puppet on a lonely string

oh who would ever want to be king

I hear Jerusalem bells are ringing
Roman Cavalry choirs are singing
Be my mirror my sword and shield
My missionaries in a foreign field
For some reason I can't explain
I know Saint Peter won't call my name
Never an honest word
But that was when I ruled the world
(Ohhhhh Ohhh Ohhh)

I hear Jerusalem bells are ringing
Roman Cavalry choirs are singing
Be my mirror my sword and shield
My missionaries in a foreign field
For some reason I can't explain
I know Saint Peter won't call my name

Never an honest word
But that was when I ruled the world
Oooooh Oooooh Oooooh",0.0010317249689251184,0.0007088910206221044,0.001369214034639299,0.004265785217285156,0.9851551651954651,0.006709847133606672,0.0007594074704684317,5,0,138.02,0.62,0.42
Coldplay,The Scientist,"Come up to meet you, tell you I'm sorry,
You don't know how lovely you are.
I had to find you, tell you I need you,
Tell you I set you apart.

Tell me your secrets and ask me your questions,
Oh, lets go back to the start.
Running in circles, coming up tails,
Heads are a science apart.

Nobody said it was easy,
It's such a shame for us to part.
Nobody said it was easy,
No-one ever said it would be this hard,
Oh take me back to the start.

I was just guessing at numbers and figures,
Pulling your puzzles apart.
Questions of science, science and progress,
Do not speak as loud as my heart.

And tell me you love me, come back and haunt me,
Oh and I rush to the start.
Running in circles, chasing our tails,
And coming back as we are.

Nobody said it was easy,
oh it's such a shame for us to part.
Nobody said it was easy,
No-one ever said it would be so hard.

I'm going back to the start.

oh, ooooo,
ah, ooooo,
oh, ooooo,
oh, ooooo",0.08915599435567856,0.021255703642964363,0.42357397079467773,0.1628117710351944,0.15082861483097076,0.04334566369652748,0.10902832448482513,5,1,146.28,0.44,0.21
Coldplay,Clocks,"Lights go out and I can't be saved
Tides that I tried to swim against
Have bought me down upon my knees
Oh I beg, I beg and plead
Singing
Come out of things unsaid
Shoot an apple off my head
And a trouble that can't be named
A tiger's waiting to be tamed
Singing
You are
You are
Confusion that never stops
The closing walls and the ticking clocks
Gonna come back and take you home
I could not stop, that you now know

Singing come out upon my seas
Cursed missed opportunities
Am I part of the cure
Or am I part of the disease
Singing
You are,you are
You are,you are
You are,you are
You are,you are
And nothing else compares
And nothing else compares
And nothing else compares
And nothing else compares
You are,you are
Home, home, where I wanted to go
Home, home, where I wanted to go
Home, home, where I wanted to go(you are)
Home, home, where I wanted to go(you are)",0.006399691104888916,0.002444450045004487,0.03340817242860794,0.25887539982795715,0.45847585797309875,0.20171363651752472,0.03868279233574867,5,0,130.97,0.75,0.26
Coldplay,Fix You,"[Chris Martin]
When you try your best, but you don't succeed
When you get what you want, but not what you need
When you feel so tired, but you can't sleep
Stuck in reverse
And the tears come streaming down your face
When you lose something you can't replace
When you love someone, but it goes to waste
Could it be worse?

[Chris & Will]
Lights will guide you home
And ignite your bones
And I will try to fix you

[Chris Martin]

And high up above or down below
When you're too in love to let it go
But if you never try, you'll never know
Just what you're worth

[Chris & Will]
Lights will guide you home
And ignite your bones
And I will try to fix you

[Chris, Jonny, Guy, Will]
Tears stream down your face
When you lose something you cannot replace
Tears stream down your face, and I
Tears stream down your face
I promise you I will learn from my mistakes
Tears stream down your face, and I

[Chris Martin]
Lights will guide you home
And ignite your bones
And I will try to fix you",0.0037204506807029247,0.0008015472558327019,0.007975897751748562,0.9630826711654663,0.003400267567485571,0.01392887718975544,0.007090278435498476,3,1,138.18,0.42,0.12
Coldplay,Sparks,"I know what you'll say,
You say, oh, sing one we know,
But I promise you this,
I'll always look out for you,
That's what I'll do.
I say oh,, I say oh.
My heart is yours,
It's you that I hold on to,
That's what I do,
And I know I was wrong,
But I won't let you down,
(oh yeah, oh yeah, oh yeah, yeah I will, yes I will...)
I say oh, I cry oh.
Yeah I saw sparks,
Yeah I saw sparks,

And I saw sparks,
Yeah I saw sparks,
Sing it out.
La, la, la, la, oh...
La, la, la, la, oh...
La, la, la, la, oh...",0.007286676671355963,0.023713726550340652,0.201941579580307,0.08454389125108719,0.5043797492980957,0.11588691920042038,0.062247391790151596,1,1,102.62,0.27,0.17
Coldplay,Paradise,"When she was just a girl
She expected the world
But it flew away from her reach so
She ran away in her sleep
And dreamed of
Para-para-paradise, Para-para-paradise, Para-para-paradise
Every time she closed her eyes

When she was just a girl
She expected the world
But it flew away from her reach
And the bullets catch in her teeth
Life goes on, it gets so heavy
The wheel breaks the butterfly
Every tear a waterfall

In the night the stormy night she'll close her eyes
In the night the stormy night away she'd fly

And dreams of
Para-para-paradise
Para-para-paradise
Para-para-paradise
Oh oh oh oh oh oh-oh-oh
She'd dream of
Para-para-paradise
Para-para-paradise
Para-para-paradise
Oh oh oh oh oh oh-oh-oh-oh

La-la-la-la-la-la-la
La-la-la-la-la-la-la-la-la-la
And so lying underneath those stormy skies

She'd say, ""oh, ohohohoh I know the sun must set to rise""

This could be
Para-para-paradise
Para-para-paradise
This could be
Para-para-paradise
Oh oh oh oh oh oh-oh-oh
This could be
Para-para-paradise
Para-para-paradise
This could be
Para-para-paradise
Oh oh oh oh oh oh-oh-oh-oh",0.1334831267595291,0.0036236729938536882,0.025934705510735512,0.019826410338282585,0.7574148178100586,0.056182652711868286,0.0035345577634871006,5,1,139.63,0.59,0.21
Coldplay,Don't Panic,"Bones, sinking like stones,
All that we fought for,
Homes, places we've grown,
All of us are done for.
And we live in a beautiful world,
Yeah we do, yeah we do,
We live in a beautiful world,
Bones, sinking like stones,
All that we fought for,
And homes, places we've grown,
All of us are done for.
And we live in a beautiful world,
Yeah we do, yeah we do,
We live in a beautiful world.
Here we go, here we go
And we live in a beautiful world,

Yeah we do, yeah we do,
We live in a beautiful world.
Oh, all that I know,
There's nothing here to run from,
'cause everybody here's got somebody to lean on.",0.007429017685353756,0.0580042228102684,0.6114237308502197,0.1060827225446701,0.035482194274663925,0.036702755838632584,0.14487533271312714,0,1,122.06,0.61,0.45
Arctic Monkeys,505,"I'm going back to 505,
If its a 7 hour flight or a 45 minute drive,
In my imagination you're waiting lying on your side,
With your hands between your thighs,

Stop and wait a sec,
Oh when you look at me like that my darling,
What did you expect,
I probably still adore you with you hand around my neck,
Or I did last time I checked,

Not shy of a spark,
A knife twists at the thought that I should fall short of the mark,
Frightened by the bite though its no harsher than the bark,
Middle of adventure, such a perfect place to start,

I'm going back to 505,
If its a 7 hour flight or a 45 minute drive,
In my imagination you're waiting lying on your side,
With your hands between your thighs,

But I crumble completely when you cry,
It seems like once again you've had to greet me with goodbye,
Im always just about to go and spoil a suprise,
Take my hands off of your eyes too soon,

I'm going back to 505,
If its a 7 hour flight or a 45 minute drive,
In my imagination you're waiting lying on your side,
With your hands between your thighs and a smile!",0.11291780322790146,0.02041332796216011,0.5239476561546326,0.03124854527413845,0.19938752055168152,0.05384192243218422,0.05824322625994682,0,1,140.27,0.85,0.23
Arctic Monkeys,Do I Wanna Know?,"Have you got colour in your cheeks?
Do you ever get that fear that you can't shift
The type that sticks around like summat in your teeth?
Are there some aces up your sleeve?
Have you no idea that you're in deep?
I dreamt about you nearly every night this week

How many secrets can you keep?
'Cause there's this tune I found
That makes me think of you somehow
And I play it on repeat
Until I fall asleep
Spilling drinks on my settee

(Do I wanna know)
If this feeling flows both ways?
(Sad to see you go)
Was sorta hoping that you'd stay
(Baby, we both know)
That the nights were mainly made
For saying things that you can't say tomorrow day

Crawling back to you
Ever thought of calling when you've had a few?
'Cause I always do
Maybe I'm too busy being yours to fall for somebody new
Now, I've thought it through
Crawling back to you

So, have you got the guts?
Been wondering if your heart's still open
And if so, I wanna know what time it shuts
Simmer down and pucker up
I'm sorry to interrupt, it's just I'm constantly on the cusp
Of trying to kiss you
I don't know if you feel the same as I do
But we could be together if you wanted to

(Do I wanna know)
If this feeling flows both ways?
(Sad to see you go)
Was sorta hoping that you'd stay
(Baby, we both know)
That the nights were mainly made
For saying things that you can't say tomorrow day

Crawling back to you (crawling back to you)
Ever thought of calling when you've had a few? (You've had a few?)
'Cause I always do ('cause I always do)
Maybe I'm too (maybe I'm too busy)
Busy being yours (being yours)
To fall for somebody new
Now, I've thought it through
Crawling back to you

(Do I wanna know)
If this feeling flows both ways?
(Sad to see you go)
Was sorta hoping that you'd stay
(Baby, we both know)
That the nights were mainly made
For saying things that you can't say tomorrow day

(Do I wanna know?)
Too busy being yours to fall
(Sad to see you go)
Ever thought of calling, darling?
(Do I wanna know?)
Do you want me crawling back to you?",0.031010137870907784,0.0032722142059355974,0.06571744382381439,0.016444753855466843,0.8488118648529053,0.02127785235643387,0.013465664349496365,5,1,85.03,0.53,0.41
Arctic Monkeys,Why'd You Only Call Me When You're High?,"The mirror's image tells me it's home time
But I'm not finished, 'cause you're not by my side
And as I arrived I thought I saw you leavin'
Carryin' your shoes
Decided that once again I was just dreamin'
Of bumpin' into you

Now, it's three in the mornin'
And I'm tryna' change your mind
Left you multiple missed calls
And to my message, you reply
""Why'd you only call me when you're high?""
""Hi, why'd you only call me when you're high?""

Somewhere darker, talkin' the same shite

I need a partner, well are you out tonight?
It's harder and harder to get you to listen
More I get through the gears
Incapable of makin' alright decisions
And having bad ideas

Now, it's three in the mornin'
And I'm tryna' change your mind
Left you multiple missed calls
And to my message, you reply (Message, you reply)
""Why'd you only call me when you're high?""
(Why'd you only call me when you're)
""Hi, why'd you only call me when you're high?""

An' I can't see you here, wonderin' where I might
It sort of feels like I'm runnin' out of time
I haven't found all I was hopin' to find
You said you got to be up in the mornin'

Goin' to have an early night
An' you're startin' to bore me, baby
""Why'd you only call me when you're high?""

""Why'd you only ever phone me when you're high?""
""Why'd you only ever phone me when you're high?""
""Why'd you only ever phone me when you're high?""
""Why'd you only ever phone me when you're (high)?""",0.16754096746444702,0.018533553928136826,0.6256650686264038,0.0871875211596489,0.03866501525044441,0.042242322117090225,0.02016553469002247,2,1,92.0,0.63,0.8
Arctic Monkeys,I Wanna Be Yours,"I wanna be your vacuum cleaner
Breathing in your dust
I wanna be your Ford Cortina
I will never rust
If you like your coffee hot
Let me be your coffee pot
You call the shots babe
I just wanna be yours

Secrets I have held in my heart
Are harder to hide than I thought
Maybe I just wanna be yours
I wanna be yours
I wanna be yours

Let me be your leccy meter

And I'll never run out
Let me be the portable heater
That you’ll get cold without
I wanna be your setting lotion
Hold your hair in deep devotion
At least as deep as the Pacific ocean
I wanna be yours

Secrets I have held in my heart
Are harder to hide than I thought
Maybe I just wanna be yours
I wanna be yours
I wanna be yours",0.020668556913733482,0.036409616470336914,0.49092528223991394,0.15100699663162231,0.06218096986413002,0.17376521229743958,0.06504343450069427,0,0,135.18,0.42,0.44
Arctic Monkeys,Fluorescent Adolescent,"You used to get it in your fishnets
Now you only get it in your night dress
Discarded all the naughty nights for niceness
Landed in a very common crisis
Everything's in order in a black hole
Nothing seems as pretty as the past though
That Bloody Mary's lacking a Tabasco
Remember when he used to be a rascal?

Oh that boy's a slag
The best you ever had
The best you ever had
Is just a memory and those dreams
Not as daft as they seem
Not as daft as they seem
My love when you dream them up...

Flicking through a little book of sex tips
Remember when the boys were all electric?
Now when she tells she's gonna get it
I'm guessing that she'd rather just forget i
Clinging to not getting sentimental
Said she wasn't going but she went still
Likes her gentlemen to not be gentle
Was it a Mecca Dobber or a betting pencil?

Oh that boy's a slag
The best you ever had
The best you ever had
Is just a memory and those dreams
Weren't as daft as they seem
Not as daft as they seem
My love when you dream them up
Oh, where did you go?
Where did you go?
Where did you go? Woah.

Falling about
You took a left off Last Laugh Lane
You just sounded it out
You're not coming back again.

Falling about
You took a left off Last Laugh Lane
You just sounded it out
You're not coming back again.

You used to get it in your fishnets
Now you only get it in your night dress
Started all the naughty nights with niceness
Landed in a very common crisis
Everything's in order in a black hole
Everything was pretty in the past though
That Bloody Mary's lacking in tabasco
Remember when he used to be a rascal?",0.042898040264844894,0.006810912396758795,0.5778517723083496,0.1814853698015213,0.06524578481912613,0.01529857236891985,0.11040958017110825,6,0,112.12,0.81,0.82
Arctic Monkeys,R U Mine?,"I'm a puppet on a string
Tracy island, time-traveling diamond
Coulda shaped heartaches
Come to find ya fall in some velvet morning
Years too late
She's a silver lining lone ranger riding
Through an open space
In my mind when she's not right there beside me
I go crazy cause here isn't where I wanna be
And satisfaction feels like a distant memory
And I can't help myself,
All I wanna hear her say is ""Are you mine?""
Are you mine?
Are you mine?
Are you mine?
I guess what I'm trying to say is I need the deep end

Keep imagining meeting, wished away entire lifetimes
Unfair we're not somewhere misbehaving for days
Great escape lost track of time and space
She's a silver lining climbing on my desire
And I go crazy cause here isn't where I wanna be
And satisfaction feels like a distant memory
And I can't help myself,
All I wanna hear her say is ""Are you mine?""
Are you mine?
Are you mine?
Are you mine?
And the thrill of the chase moves in mysterious ways
So in case I'm mistaken,
I just wanna hear you say you got me baby
Are you mine?
She's a silver lining lone ranger riding through an open space

In my mind when she's not right there beside me
And I go crazy cause here isn't where I wanna be
And satisfaction feels like a distant memory
And I can't help myself,
All I wanna hear her say is ""Are you mine?""
Well are you mine?
Are you mine?
Are you mine?",0.47843536734580994,0.007454653270542622,0.08135262876749039,0.0794341117143631,0.2621020972728729,0.08068375289440155,0.01053733378648758,6,0,97.0,0.79,0.68
Arctic Monkeys,I Bet You Look Good on the Dancefloor,"Stop making the eyes at me,
I'll stop making my eyes at you.
What it is that surprises me is that I don't really want you to

And your shoulders are frozen (as cold as the night)
Oh, but you're an explosion (you're dynamite)
Your name isn't Rio, but I don't care for sand and lighting
The fuse might result in a bang b-b-bang-go

I bet that you look good on the dance floor
I don't know if you're looking for romance or...
Don't know what you're looking for
I said I bet that you look good on the dance floor

Dancing to electro-pop like a robot from 1984
Well, from 1984!

I wish you'd stop ignoring me because it's sending me to despair,
Without a sound yeah you're calling me and I don't think it's very fair

That your shoulders are frozen (as cold as the night)
Oh, but you're an explosion (You're dynamite)
Your name isn't Rio, but I don't care for sand and lighting
The fuse might result in a bang with a bang-go

I bet that you look good on the dance floor
I don't know if you're looking for romance or...
Don't know what you're looking for

I said I bet that you look good on the dance floor
Dancing to electro-pop like a robot from 1984
Well, from 1984!

Oh, there ain't no love, no Montagues or Capulets
Are just banging tunes and DJ sets and...
Dirty dance floors, and dreams of naughtiness!

Well,

I bet that you look good on the dance floor
I don't know if you're looking for romance or...
Don't know what you're looking for
I said I bet that you look good on the dance floor
Dancing to electro-pop like a robot from 1984
Well, from 1984!",0.1428603082895279,0.0058568306267261505,0.12259060144424438,0.041367270052433014,0.2188407927751541,0.32765892148017883,0.14082524180412292,6,0,103.18,0.95,0.78
Arctic Monkeys,Mardy Bum,"Now then Mardy Bum
I've seen your frown
And it's like looking down the barrel of a gun
And it goes off
And out come all these words
Oh there's a very pleasant side to you
A side I much prefer

It's one that laughs and jokes around
Remember cuddles in the kitchen
Yeah, to get things off the ground
And it was up, up and away
Oh, but it's right hard to remember
That on a day like today when you're all argumentative
And you've got the face on

Well now then Mardy Bum
Oh I'm in trouble again, aren't I
I thought as much
Cause you turned over there
Pulling that silent disappointment face
The one that I can't bear

Can't we laugh and joke around
Remember cuddles in the kitchen
Yeah, to get things off the ground
And it was up, up and away
Oh, but it's right hard to remember
That on a day like today when you're all argumentative
And you've got the face on

Yeah I'm sorry I was late
But I missed the train
And then the traffic was a state
And I can't be arsed to carry on in this debate
That reoccurs ,oh when you say I don't care
But of course I do, yeah I clearly do!

So laugh and joke around
Remember cuddles in the kitchen
Yeah, to get things off the ground
And it was up, up and away
Still it's right hard to remember
That on a day like today when you're all argumentative
And you've got the face on

(Thanks to Jon for correcting these lyrics)",0.007223908323794603,0.4510424733161926,0.2937207818031311,0.03219325840473175,0.0032890639267861843,0.12380492687225342,0.08872568607330322,2,1,112.22,0.6,0.31
Radiohead,Creep,"When you were here before
Couldn't look you in the eye
You're just like an angel
Your skin makes me cry
You float like a feather
In a beautiful world
And I wish I was special
You're so fuckin' special

But I'm a creep, I'm a weirdo.
What the hell am I doing here?
I don't belong here.

I don't care if it hurts
I want to have control
I want a perfect body
I want a perfect soul
I want you to notice
When I'm not around
You're so fuckin' special
I wish I was special

But I'm a creep, I'm a weirdo.
What the hell am I doing here?
I don't belong here.

She's running out the door,
She's running out
She's run run run run...

Whatever makes you happy
Whatever you want
You're so fuckin' special
I wish I was special...

But I'm a creep, I'm a weirdo,
What the hell am I doing here?
I don't belong here.
I don't belong here.",0.04262809082865715,0.005106578581035137,0.03799155727028847,0.024857601150870323,0.30480247735977173,0.08981715887784958,0.4947965145111084,7,1,91.84,0.43,0.1
Radiohead,No Surprises,"A heart that's full up like a landfill
A job that slowly kills you
Bruises that won't heal

You look so tired and unhappy
Bring down the government
They don't, they don't speak for us
I'll take a quiet life
A handshake of carbon monoxide

No alarms and no surprises
No alarms and no surprises
No alarms and no surprises
Silent, silent

This is my final fit, my final bellyache with

No alarms and no surprises
No alarms and no surprises
No alarms and no surprises please

Such a pretty house, such a pretty garden

No alarms and no surprises (let me out of here)
No alarms and no surprises (let me out of here)
No alarms and no surprises please (let me out of here)",0.008781792595982552,0.0015810058685019612,0.02715482749044895,0.9076612591743469,0.026864217594265938,0.022174237295985222,0.005782685242593288,5,1,76.43,0.39,0.12
Radiohead,Karma Police,"Karma police, arrest this man, he talks in maths
He buzzes like a fridge, he's like a detuned radio

Karma police, arrest this girl, her Hitler hairdo
Is making me feel ill and we have crashed her party

This is what you get
This is what you get
This is what you get
When you mess with us

Karma police, I've given all I can, it's not enough
I've given all I can, but we're still on the payroll

This is what you get
This is what you get
This is what you get
When you mess with us

For a minute there
I lost myself, I lost myself
Phew, for a minute there
I lost myself, I lost myself
For a minute there
I lost myself, I lost myself
Phew, for a minute there
I lost myself, I lost myself",0.03847653046250343,0.00234367698431015,0.1499430537223816,0.05669161677360535,0.29590100049972534,0.11608254164457321,0.3405616283416748,7,1,74.81,0.51,0.32
Radiohead,High and Dry,"Two jumps in a week,
I bet you think that's pretty clever don't you boy?
Flying on your motorcycle,
watching all the ground beneath you drop.
You'd kill yourself for recognition
kill yourself to never ever stop.
You broke another mirror
you're turning into something you are not.

Don't leave me high, don't leave me dry
Don't leave me high, don't leave me dry

Drying up in conversation,
you will be the one who cannot talk.
All your insides fall to pieces,
you just sit there wishing you could still make love
They're the ones who'll hate you
when you think you've got the world all sussed out
They're the ones who'll spit at you.
You will be the one screaming out.

Don't leave me high, don't leave me dry
Don't leave me high, don't leave me dry

It's the best thing that you've ever had,
the best thing that you've ever, ever had.
It's the best thing that you've ever had
the best thing you've had has gone away.

Don't leave me high, don't leave me dry
Don't leave me high, don't leave me dry",0.009494722820818424,0.0017642632592469454,0.023876333609223366,0.01957254484295845,0.09303343296051025,0.7716310620307922,0.0806276723742485,4,1,87.94,0.38,0.35
Radiohead,Let Down,"Transport
Motorways & Tramlines
Starting And Then Stopping
Taking Off & Landing
The Emptiest Of Feelings
Sentimental Drivel
Clinging Onto Bottles
When It Comes It's So So
Disappointing Let Down And Hanging Around
Crushed Like A Bug In The Ground
Let Down And Hanging Around
Shell Smashed
Juices Flowing
Wings Twitch
Legs Are Going
Don't Get Sentimental

It Always Ends Up Drivel
One Day
I Am Going To Grow Wings
A Chemical Reaction
Hysterical & Useless
Hysterical & Let Down And Hanging Around
Crushed Like A Bug In The Ground
Let Down And Hanging Around
You Know Where You Are With
You Know Where You Are With
Floor Collapses Floating Bouncing Back And One Day
You'll Know Where You Are",0.03630206733942032,0.0024060369469225407,0.016810407862067223,0.9140909314155579,0.01834949478507042,0.0032163404393941164,0.008824707008898258,9,1,102.49,0.67,0.15
Radiohead,Paranoid Android,"Please Could You Stop The Noises I'm Trying To Get Some Rest
From All The Unborn Chicken Voices In My Head
What's That? (My Name Is Paranoid I Am Your Android)
What's That? (My Name Is Paranoid I Am Your Android)
When I Am King You Will Be First Against The Wall
With Your Opinion Which Is Of No Consequence At All
What's That? (My Name Is Paranoid I Am Your Android)
What's That? (My Name Is Paranoid I Am Your Android)
Ambition Makes You Look Pretty Ugly
Kicking Squealing Gucci Little Piggy

You Don't Remember
You Don't Remember
Why Don't You Remember My Name?
Off With His Head Man
Off With His Head Man
Why Won't He Remember My Name? I Guess He Does
Rain Down
Rain Down
Come On Rain Down
On Me
From A Great Height
From A Great Height Height
Rain Down
Rain Down
Come On Rain Down
On Me
From A Great Height
From A Great Height Height

(Repeats 3rd Time Underneath Vocals Are:)
That's It Sir
You're Leaving
The Crackle Of Pig Skin
The Dust And The Screaming
The Yuppies Networking
The Panic The Vomit
The Panic The Vomit
God Loves His Children
God Loves His Children Yeah",0.31091952323913574,0.0037600260693579912,0.5405850410461426,0.03234187886118889,0.03793717548251152,0.05836004391312599,0.016096293926239014,5,1,163.71,0.85,0.21
Radiohead,All I Need,"I'm the next act
waiting in the wings
I'm an animal
Trapped in your parked car
I am holidays
that you choose to ignore

You are all I need
You are all I need
I'm in the middle of your picture
Lying in the leaves

I am a moth
who just wants to share your light
I'm just an insect
trying to get out of the night

I only stick with you
because there are no others

You are all I need
You are all I need
I'm in the middle of your picture
Lying in the leaves

It's all wrong
It's all right
It's all wrong",0.013410208746790886,0.006042123772203922,0.13047203421592712,0.020307691767811775,0.7374651432037354,0.07302245497703552,0.019280368462204933,4,0,88.01,0.48,0.1
Radiohead,Fake Plastic Trees,"Her Green Plastic Wateringcan For Her Fake Chineserubberplant
In The Fake Plastic Earth
That She Bought From A Rubber Man In A Town Full Of Rubber Plans
To Get Rid Of Itself It Wears Her Out
She Lives With A Broken Man
A Cracked Polystyreneman Who Just
Crumbles And Burns
He Used To Do Surgery For Girls In The Eighties But Gravity Always
Wins And It Wears Him Out
She Looks Like The Real Thing
She Tastes Like The Real Thing
My Fake Plastic Love
But I Can't Help The Feeling

I Could Blow Through The Ceiling
If I Just Turn And Run
And It Wears Me Out
If I Could Be Who You Wanted All The Time",0.06980469822883606,0.00290822796523571,0.09485316276550293,0.7583369612693787,0.016330741345882416,0.024743560701608658,0.0330226756632328,2,1,73.55,0.23,0.13
The Killers,Mr. Brightside,"Comin' out of my cage and I been doin' just fine
Gotta, gotta be down because I want it all
It started out with a kiss, how did it end up like this?
It was only a kiss, it was only a kiss
Now I'm fallin' asleep and she's callin' a cab
While he's havin' a smoke and she's takin' a drag
Now they're goin' to bed and my stomach is sick
And it's all in my head

But she's touchin' his chest now
He takes off her dress now
Let me go
And I just can't look, it's killin' me
And takin' control

Jealousy, turnin' saints into the sea
Swimmin' through sick lullabies
Chokin' on your alibis
But it's just the price I pay
Destiny is callin' me
Open up my eager eyes
'Cause I'm Mr. Brightside

I'm comin' out of my cage and I've been doin' just fine
Gotta, gotta be down because I want it all
It started out with a kiss, how did it end up like this?
(It was only a kiss) It was only a kiss
Now I'm fallin' asleep and she's callin' a cab
While he's havin' a smoke and she's takin' a drag
Now they're goin' to bed and my stomach is sick
And it's all in my head

But she's touchin' his chest now
He takes off her dress now
Let me go
'Cause I just can't look, it's killin' me
And takin' control

Jealousy, turnin' saints into the sea
Swimmin' through sick lullabies
Chokin' on your alibis
But it's just the price I pay
Destiny is callin' me
Open up my eager eyes
'Cause I'm Mr. Brightside

I never
I never
I never

I never",0.08348339796066284,0.029230894520878792,0.41256171464920044,0.09775490313768387,0.04170159995555878,0.23151972889900208,0.10374781489372253,1,1,148.11,0.69,0.17
The Killers,Somebody Told Me,"Breaking my back just to know your name
Seventeen tracks and I've had it with this game
I'm breaking my back just to know your name
But heaven ain't close in a place like this
Anything goes but don't blink, you might miss
'Cause heaven ain't close in a place like this
I said, oh, heaven ain't close in a place like this
Bring it back down, bring it back down tonight
Never thought I'd let a rumor ruin my moonlight

Well, somebody told me you had a boyfriend
Who looked like a girlfriend
That I had in February of last year
It's not confidential, I've got potential

Ready? Let's roll onto something new
Taking its toll then I'm leaving without you
'Cause heaven ain't close in a place like this
I said, oh, heaven ain't close in a place like this
Bring it back down, bring it back down tonight
Never thought I'd let a rumor ruin my moonlight

Well, somebody told me you had a boyfriend
Who looked like a girlfriend
That I had in February of last year
It's not confidential, I've got potential
A-rushing, rushing around

Pace yourself for me
I said maybe, baby, please
But I just don't know now (Maybe, baby)
When all I want to do is try

Well, somebody told me you had a boyfriend
Who looked like a girlfriend
That I had in February of last year
It's not confidential, I've got potential
A-rushing, rushing around
Somebody told me you had a boyfriend
Who looked like a girlfriend
That I had in February of last year
It's not confidential, I've got potential
A-rushing, rushing around
Somebody told me you had a boyfriend
Who looked like a girlfriend
That I had in February of last year
It's not confidential, I've got potential
A-rushing, rushing around",0.04284229874610901,0.0032730114180594683,0.17777422070503235,0.06127204746007919,0.6209467649459839,0.06112418696284294,0.032767511904239655,10,0,138.05,0.98,0.69
The Killers,When You Were Young,"You sit there in your heartache
Waiting on some beautiful boy to
To save you from your old ways
You play forgiveness
Watch it now ... here he comes!

He doesn't look a thing like Jesus
But he talks like a gentleman
Like you imagined when you were young

Can we climb this mountain
I don't know
Higher now than ever before
I know we can make it if we take it slow
Let's take it easy
Easy now, watch it go

We're burning down the highway skyline
On the back of a hurricane that started turning
When you were young
When you were young

And sometimes you close your eyes
and see the place where you used to live
When you were young

They say the devil's water, it ain't so sweet
You don't have to drink right now
But you can dip your feet
Every once in a little while

You sit there in your heartache
Waiting on some beautiful boy to
To save you from your old ways
You play forgiveness
Watch it now here he comes

He doesn't look a thing like Jesus
But he talks like a gentleman
Like you imagined when you were young
(He talks like a gentlemen, like you imagined when)
When you were young

I said he doesn't look a thing like Jesus
He doesn't look a thing like Jesus
But more than you'll ever know",0.04720688238739967,0.021616419777274132,0.2010982781648636,0.48341456055641174,0.07840562611818314,0.13676658272743225,0.03149164840579033,11,1,130.43,0.99,0.32
The Killers,All These Things That I've Done,"When there's nowhere else to run
Is there room for one more son? One more son
If you can hold on
If you can hold on, hold on

I wanna stand up, I wanna let go
You know, you know; no, you don't, you don't
I wanna shine on in the hearts of man
I want a meaning from the back of my broken hand
Another head aches, another heart breaks
I'm so much older than I can take
And my affection, well, it comes and goes
I need direction to perfection, no, no, no, no

Help me out
Yeah, you know you got to help me out

Yeah, oh, don't you put me on the back burner
You know you got to help me out, yeah

And when there's nowhere else to run
Is there room for one more son?
These changes ain't changing me
The cold-hearted boy I used to be

Yeah, you know you got to help me out
Yeah, oh, don't you put me on the back burner
You know you got to help me out, yeah
You're gonna bring yourself down
Yeah, you're gonna bring yourself down
Yeah, you're gonna bring yourself down

I got soul, but I'm not a soldier
I got soul, but I'm not a soldier
I got soul, but I'm not a soldier

I got soul, but I'm not a soldier
I got soul, but I'm not a soldier
I got soul, but I'm not a soldier
I got soul, but I'm not a soldier
I got soul, but I'm not a soldier
I got soul, but I'm not a soldier
I got soul, but I'm not a soldier
Time, truth, and hearts

Yeah, you know you got to help me out
Yeah, oh don't you put me on the back burner
You know you got to help me out
Yeah, you're gonna bring yourself down
Yeah, you're gonna bring yourself down
Yeah, oh, don't you put me on the back burner
You're gonna bring yourself down
Yeah, you're gonna bring yourself down

Over and in, last call for sin
While everyone's lost, the battle is won
With all these things that I've done
All these things that I've done
(Time, truth, and hearts)
If you can hold on
If you can hold on",0.00736599275842309,0.005330965388566256,0.04914378002285957,0.40793129801750183,0.12906387448310852,0.37643057107925415,0.02473355643451214,6,1,118.27,0.75,0.19
The Killers,Smile Like You Mean It,"Save some face, you know you've only got one
Change your ways while you're young
Boy, one day you'll be a man
Oh girl, he'll help you understand
Smile like you mean it
Smile like you mean it

Looking back at sunsets on the Eastside
We lost track of the time
Dreams aren't what they used to be
Some things slide by so carelessly

Smile like you mean it
Smile like you mean it

And someone is calling my name

From the back of the restaurant
And someone is playing a game
In the house that I grew up in
And someone will drive her around
Down the same streets that I did
On the same streets that I did

Smile like you mean it
Smile like you mean it
Smile like you mean it
Smile like you mean it

Oh no, oh no no no
Oh no, oh no no no",0.02250456064939499,0.032385874539613724,0.826546311378479,0.02046084590256214,0.03905385732650757,0.019378498196601868,0.039670076221227646,3,0,125.03,0.98,0.42
The Killers,Human,"I did my best to notice
When the call came down the line
Up to the platform of surrender
I was brought but I was kind

And sometimes I get nervous
When I see an open door
Close your eyes, clear your heart
Cut the cord

Are we human or are we dancer?
My sign is vital, my hands are cold
And I'm on my knees looking for the answer
Are we human or are we dancer?

Pay my respects to grace and virtue

Send my condolences to good
Hear my regards to soul and romance
They always did the best they could

And so long to devotion
You taught me everything I know
Wave goodbye, wish me well
You've gotta let me go

Are we human or are we dancer?
My sign is vital, my hands are cold
And I'm on my knees looking for the answer
Are we human or are we dancer?

Will your system be alright
When you dream of home tonight
There is no message we're receiving
Let me know, is your heart still beating?

Are we human or are we dancer?
My sign is vital, my hands are cold
And I'm on my knees looking for the answer

You've gotta let me know

Are we human or are we dancer?
My sign is vital, my hands are cold
And I'm on my knees looking for the answer
Are we human or are we dancer?

Are we human or are we dancer?
Are we human or are we dancer?",0.0012532534310594201,0.0008661236497573555,0.004647697322070599,0.002567369258031249,0.9669079184532166,0.021429939195513725,0.002327699214220047,10,1,135.48,0.85,0.55
The Killers,Read My Mind,"On the corner of main street
Just tryin' to keep it in line
You say you wanna move on and
You say I'm falling behind

Can you read my mind?
Can you read my mind?

I never really gave up on
Breakin' out of this two-star town
I got the green light
I got a little fight
I'm gonna turn this thing around

Can you read my mind?

Can you read my mind?

The good old days, the honest man;
The restless heart, the Promised Land
A subtle kiss that no one sees;
A broken wrist and a big trapeze

Oh well I don't mind, you don't mind
Cause I don't shine if you don't shine
Before you go, can you read my mind?

It's funny how you just break down
Waitin' on some sign
I pull up to the front of your driveway
With magic soakin' my spine

Can you read my mind?
Can you read my mind?

The teenage queen, the loaded gun;
The drop dead dream, the Chosen One
A southern drawl, a world unseen;
A city wall and a trampoline

Oh well I don't mind, you don't mind
Cause I don't shine if you don't shine
Before you go
Tell me what you find when you read my mind

Slippin' in my faith until I fall
You never returned that call
Woman, open the door, don't let it sting
I wanna breathe that fire again

She said
Oh well I don't mind, you don't mind

Cause I don't shine if you don't shine

Put your back on me
Put your back on me
Put your back on me

The stars are blazing like rebel diamonds cut out of the sun
When you read my mind",0.07180960476398468,0.020387645810842514,0.3009778559207916,0.10018813610076904,0.24719224870204926,0.210389643907547,0.0490548238158226,1,1,132.02,0.94,0.29
The Killers,Jenny Was a Friend of Mine,"We took a walk that night, but it wasn't the same
We had a fight on the promenade out in the rain
She said she loved me, but she had somewhere to go
She couldn't scream while I held her close
I swore I'd never let her go

Tell me what you wanna know
Oh, come on, oh, come on, oh, come on
There ain't no motive for this crime
Jenny was a friend of mine
So come on, oh, come on, oh, come on, oh

I know my rights, I've been here all day and it's time
For me to go, so let me know if it's alright

I just can't take this, I swear I told you the truth
She couldn't scream while I held her close
I swore I'd never let her go

Tell me what you wanna know
Oh, come on, oh, come on, oh, come on
And then you whisper in my ear
""I know what you're doing here""
So come on, oh, come on, oh, come on
There ain't no motive for this crime
Jenny was a friend of mine
Oh, come on, oh, come on, oh, come on, oh",0.0070707001723349094,0.003631384577602148,0.01738685742020607,0.026609404012560844,0.8526412844657898,0.07841378450393677,0.014246666803956032,11,1,114.05,0.96,0.47
Imagine Dragons,Radioactive,"Oh, oh, oh
Oh, oh, oh
Oh, oh, oh
Oh

I'm waking up to ash and dust
I wipe my brow and I sweat my rust
I'm breathing in the chemicals

I'm breaking in, shaping up
Then checking out on the prison bus
This is it, the apocalypse, ooh

I'm waking up
I feel it in my bones
Enough to make my system blow
Welcome to the new age, to the new age
Welcome to the new age, to the new age

Oh, oh, oh, oh, oh
Oh, oh, oh, oh
I'm radioactive, radioactive
Oh, oh, oh, oh, oh
Oh, oh, oh, oh
I'm radioactive, radioactive

I raise my flag and dye my clothes
It's a revolution, I suppose
We're painted red to fit right in, ooh

I'm breaking in, shaping up
Then checking out on the prison bus
This is it, the apocalypse, ooh

I'm waking up
I feel it in my bones
Enough to make my system blow
Welcome to the new age, to the new age
Welcome to the new age, to the new age

Oh, oh, oh, oh, oh
Oh, oh, oh, oh
I'm radioactive, radioactive
Oh, oh, oh, oh, oh
Oh, oh, oh, oh
I'm radioactive, radioactive

All systems go
The Sun hasn't died
Deep in my bones
Straight from inside

I'm waking up
I feel it in my bones
Enough to make my system blow
Welcome to the new age, to the new age
Welcome to the new age, to the new age

Oh, oh, oh, oh, oh
Oh, oh, oh, oh
I'm radioactive, radioactive
Oh, oh, oh, oh, oh
Oh, oh, oh, oh
I'm radioactive, radioactive",0.07234276831150055,0.0035242820158600807,0.07001522928476334,0.1803729236125946,0.3006261885166168,0.0937560647726059,0.27936267852783203,9,1,139.86,0.89,0.28
Imagine Dragons,Demons,"When the days are cold
And the cards all fold
And the saints we see
Are all made of gold

When your dreams all fail
And the ones we hail
Are the worst of all
And the blood's run stale

I wanna hide the truth
I wanna shelter you
But with the beast inside
There's nowhere we can hide

No matter what we breed
We still are made of greed
This is my kingdom come
This is my kingdom come

When you feel my heat
Look into my eyes
It's where my demons hide
It's where my demons hide
Don't get too close
It's dark inside
It's where my demons hide
It's where my demons hide

At the curtain's call
It's the last of all
When the lights fade out
All the sinners crawl
So they dug your grave
And the masquerade
Will come calling out
At the mess you made

Don't wanna let you down
But I am hell bound
Though this is all for you
Don't wanna hide the truth

No matter what we breed
We still are made of greed
This is my kingdom come
This is my kingdom come

When you feel my heat
Look into my eyes
It's where my demons hide
It's where my demons hide
Don't get too close
It's dark inside
It's where my demons hide
It's where my demons hide

They say it's what you make
I say it's up to fate
It's woven in my soul
I need to let you go
Your eyes, they shine so bright
I wanna save that light
I can't escape this now
Unless you show me how

When you feel my heat
Look into my eyes
It's where my demons hide
It's where my demons hide
Don't get too close
It's dark inside
It's where my demons hide
It's where my demons hide",0.0011718868045136333,0.0021414009388536215,0.012266701087355614,0.07119227200746536,0.04684602841734886,0.734228789806366,0.13215287029743195,3,1,89.94,0.71,0.43
Imagine Dragons,Believer,"First things first
I'ma say all the words inside my head
I'm fired up and tired of the way that things have been, oh-ooh
The way that things have been, oh-ooh
Second thing second
Don't you tell me what you think that I could be
I'm the one at the sail, I'm the master of my sea, oh-ooh
The master of my sea, oh-ooh

I was broken from a young age
Taking my sulkin' to the masses
Writing my poems for the few
That look at me, took to me, shook at me, feelin' me

Singing from heartache from the pain
Taking my message from the veins
Speaking my lesson from the brain
Seeing the beauty through the...

Pain! You made me a, you made me a believer, believer
Pain! You break me down and build me up, believer, believer
Pain! Oh, let the bullets fly, oh, let them rain
My life, my love, my drive, it came from...
Pain! You made me a, you made me a believer, believer

Third things third
Send a prayer to the ones up above
All the hate that you've heard has turned your spirit to a dove, oh-ooh

Your spirit up above, oh-ooh

I was chokin' in the crowd
Building my rain up in the cloud
Falling like ashes to the ground
Hoping my feelings, they would drown
But they never did, ever lived, ebbin' and flowin'
Inhibited, limited 'til it broke open and rained down
It rained down, like...

Pain! You made me a, you made me a believer, believer
Pain! You break me down and build me up, believer, believer
Pain! Oh, let the bullets fly, oh, let them rain
My life, my love, my drive, it came from...

Pain! You made me a, you made me a believer, believer

Last things last
By the grace of the fire and the flames
You're the face of the future, the blood in my veins, oh-ooh
The blood in my veins, oh-ooh
But they never did, ever lived, ebbin' and flowin'
Inhibited, limited 'til it broke open and rained down
It rained down, like...

Pain! You made me a, you made me a believer, believer
Pain! You break me down and build me up, believer, believer

Pain! Oh, let the bullets fly, oh, let them rain
My life, my love, my drive, it came from...
Pain! You made me a, you made me a believer, believer",0.07979019731283188,0.010970624163746834,0.07228489965200424,0.01991269364953041,0.6001519560813904,0.1798609495162964,0.037028711289167404,10,0,124.95,0.78,0.67
Imagine Dragons,On Top of the World,"If you love somebody
Better tell them while they’re here ’cause
They just may run away from you

You’ll never know quite when, well
Then again it just depends on
How long of time is left for you

I’ve had the highest mountains
I’ve had the deepest rivers
You can have it all but life keeps moving

I take it in but don’t look down

‘Cause I’m on top of the world, ‘ay
I’m on top of the world, ‘ay

Waiting on this for a while now
Paying my dues to the dirt
I’ve been waiting to smile, ‘ay
Been holding it in for a while, ‘ay
Take you with me if I can
Been dreaming of this since a child
I’m on top of the world.

I’ve tried to cut these corners
Try to take the easy way out
I kept on falling short of something

I coulda gave up then but
Then again I couldn’t have ’cause
I’ve traveled all this way for something

I take it in but don’t look down

‘Cause I’m on top of the world, ‘ay
I’m on top of the world, ‘ay
Waiting on this for a while now
Paying my dues to the dirt
I’ve been waiting to smile, ‘ay
Been holding it in for a while, ‘ay
Take you with me if I can
Been dreaming of this since a child
I’m on top of the world.

Oooooooo... OoooAhhhhhOoooAhhhhh (x2)

‘Cause I’m on top of the world, ‘ay
I’m on top of the world, ‘ay
Waiting on this for a while now
Paying my dues to the dirt
I’ve been waiting to smile, ‘ay
Been holding it in for a while, ‘ay

Take you with me if I can
Been dreaming of this since a child

And I know it’s hard when you’re falling down
And it’s a long way up when you hit the ground
Get up now, get up, get up now.

And I know it’s hard when you’re falling down
And it’s a long way up when you hit the ground
Get up now, get up, get up now.

‘Cause I’m on top of the world, ‘ay
I’m on top of the world, ‘ay
Waiting on this for a while now
Paying my dues to the dirt
I’ve been waiting to smile, ‘ay
Been holding it in for a while, ‘ay
Take you with me if I can

Been dreaming of this since a child
I’m on top of the world.",0.009791097603738308,0.008467824198305607,0.4454519748687744,0.02326769195497036,0.4492342174053192,0.04406169056892395,0.01972559653222561,0,1,101.98,0.93,0.61
Imagine Dragons,It's Time,"So this is what you meant
When you said that you were spent
And now it's time to build from the bottom of the pit
Right to the top
Don't hold back
Packing my bags and giving the academy a rain check

I don't ever want to let you down
I don't ever want to leave this town
'Cause after all
This city never sleeps at night

It's time to begin, isn't it?
I get a little bit bigger, but then I'll admit

I'm just the same as I was
Now don't you understand
That I'm never changing who I am

So this is where you fell
And I am left to sell
The path to heaven runs through miles of clouded hell
Right to the top
Don't look back
Turning to rags and giving the commodities a rain check

I don't ever want to let you down
I don't ever want to leave this town
'Cause after all
This city never sleeps at night

It's time to begin, isn't it?
I get a little bit bigger, but then I'll admit
I'm just the same as I was
Now don't you understand
That I'm never changing who I am

It's time to begin, isn't it?
I get a little bit bigger, but then I'll admit
I'm just the same as I was
Now don't you understand
That I'm never changing who I am

This road never looked so lonely
This house doesn't burn down slowly
To ashes, to ashes

It's time to begin, isn't it?
I get a little bit bigger, but then I'll admit

I'm just the same as I was
Now don't you understand
That I'm never changing who I am

It's time to begin, isn't it?
I get a little bit bigger, but then I'll admit
I'm just the same as I was
Now don't you understand
That I'm never changing who I am",0.02412078157067299,0.017737003043293953,0.14300765097141266,0.1672210991382599,0.2395794540643692,0.3680725693702698,0.04026136174798012,2,1,105.01,0.88,0.86
Imagine Dragons,Thunder,"Just a young gun with a quick fuse
I was uptight, wanna let loose
I was dreaming of bigger things
And wanna leave my own life behind

Not a: Yes sir, not a follower
Fit the box, fit the mold
Have a seat in the foyer, take a number
I was lightning before the thunder

Thunder, thunder
Thunder, thun-, thunder
Thun-thun-thunder, thunder, thunder
Thunder, thun-, thunder
Thun-thun-thunder, thunder

Thunder, feel the thunder
Lightning then the thunder
Thunder, feel the thunder
Lightning then the thunder
Thunder, thunder
Thunder

Kids were laughing in my classes
While I was scheming for the masses
Who do you think you are?
Dreaming 'bout being a big star

They say you're basic, they say you're easy
You're always riding in the back seat
Now I'm smiling from the stage while
You were clapping in the nosebleeds

Thunder
Thunder, thun-, thunder
Thun-thun-thunder, thunder, thunder
Thunder, thun-, thunder
Thun-thun-thunder, thunder

Thunder, feel the thunder
Lightning then the thunder
Thunder, feel the thunder
Lightning then the thunder, thunder

Thunder, feel the thunder
Lightning then the thunder, thunder
Thunder, feel the thunder
Lightning then the thunder, thunder
Thunder, feel the thunder
Lightning then the thunder, thunder

Thunder, feel the thunder (feel the)
Lightning then the thunder, thunder
Thunder, feel the thunder (feel the)
Lightning then the thunder, thunder

Thunder, thunder, thun-, thunder
Thun-thun-thunder, thunder
Thunder, thunder, thun-, thunder
Thun-thun-thunder, thunder

Thunder, thunder, thun-, thunder
Thun-thun-thunder, thunder
Thunder, thunder, thun-, thunder
Thun-thun-thunder, thunder",0.0059090531431138515,0.0018609625985845923,0.008074384182691574,0.005764869507402182,0.9559807777404785,0.02071506157517433,0.0016947819385677576,0,1,168.0,0.82,0.29
Imagine Dragons,Bones,"Gimme, gimme, gimme some time to think
I'm in the bathroom looking at me
Face in the mirror is all I need
(Ooh)

Wait until the reaper takes my life
Never gonna get me out alive
I will live a thousand million lives
(Ooh)

My patience is waning, is this entertaining?
Our patience is waning, is this entertaining?

I got this feeling, yeah, you know
Where I'm losing all control
'Cause there's magic in my bones
I got this feeling in my soul
Go ahead and throw your stones
'Cause there's magic in my bones

Playing with a stick of dynamite
There was never gray in black and whitе
There was never wrong till there was right
(Ooh)

Feeling like a boulder hurtling
Seeing all the vultures circling
Burning in the flames, I'm working in
Turning in a bed, that's darkening

My patience is waning, is this entertaining?
Our patience is waning, is this entertaining?

I got this feeling, yeah, you know
Where I'm losing all control
'Cause there's magic in my bones (in my bones)
I got this feeling in my soul
Go ahead and throw your stones
'Cause there's magic in my bones

'Cause there's magic in my bones

Look in the mirror of my mind
Turning the pages of my life
Walking the path so many paced a million times

Drown out the voices in the air
Leaving the ones that never cared
Picking the pieces up and building to the sky

My patience is waning, is this entertaining?
My patience is waning, is this entertaining?

I got this feeling, yeah, you know
Where I'm losing all control
'Cause there's magic in my bones (magic in my bones)
I got this feeling in my soul (soul)
Go ahead and throw your stones
'Cause there's magic in my bones

There goes my mind, (I) don't mind
There goes my mind (there it goes, there it goes)
There goes my mind, (I) don't mind
There goes my mind (there it goes)
'Cause there's magic in my bones",0.5153239965438843,0.09879098832607269,0.18077264726161957,0.12466911226511002,0.02784755267202854,0.02863612025976181,0.023959534242749214,5,0,114.07,0.74,0.57
Drake,One Dance,"Baby, I like your style

Grips on your waist
Front way, back way
You know that I don't play
Streets not safe
But I never run away
Even when I'm away
Oti, oti, there's never much love when we go OT
I pray to make it back in one piece
I pray, I pray

That's why I need a one dance
Got a Hennessy in my hand
One more time 'fore I go
Higher powers taking a hold on me
I need a one dance
Got a Hennessy in my hand
One more time 'fore I go
Higher powers taking a hold on me

Baby, I like your style

Strength and guidance
All that I'm wishing for my friends
Nobody makes it from my ends
I had to bust up the silence
You know you gotta stick by me
Soon as you see the text, reply me
I don't wanna spend time fighting
We've got no time

And that's why I need a one dance
Got a Hennessy in my hand
One more time 'fore I go
Higher powers taking a hold on me
I need a one dance
Got a Hennessy in my hand
One more time 'fore I go
Higher powers taking a hold on me

Got a pretty girl and she love me long time
Wine it, wine it, very long time
Oh, yeah, very long time
Back up, back up, back up and wine it
Back up, back up and wine it, girl
Back up, back up, back up and wine it
Oh, yeah, very long time
Back, up, back up and wine it, girl

Tell me
I need to know, where do you wanna go?
'Cause if you're down, I'll take it slow
Make you lose control
Where, where, where
Where, where, where, where
(Oh, yeah, very long time)
Where, where, where
(Back, up, back up and wine it, girl)
Where, where, where, where
'Cause if you're down
(Back up, back up and)
'Cause if you're down
(Back up, back up and)
'Cause if you're down
(Back up, back up and)

I need a one dance
Got a Hennessy in my hand
One more time 'fore I go
Higher powers taking a hold on me
I need a one dance
Got a Hennessy in my hand
One more time 'fore I go
Higher powers taking a hold on me",0.017139572650194168,0.03583869710564613,0.4000275731086731,0.10225929319858551,0.3972899615764618,0.03156540170311928,0.015879495069384575,1,1,103.97,0.63,0.37
Drake,Best I Ever Had,"[Intro: Drake]
You know alot of girls be thinking my songs are about them
But this is not to get confused
This one's for you

[Chorus:]
Baby you my everything you all I ever wanted
We can do it real big
Bigger than you ever done it
You be up on everything
Other hoes ain't never on it
I want this forever, I swear I can spend whatever on it

Cause she hold me down everytime I hit her up
When I get right I promise that we gon live it up
She make me beg for it till she give it up
And I say the same thing every single time

I say you the fucking best
You the fucking best
You the fucking best
You the fucking best
You the best I ever had
Best I ever had
Best I ever had
Best I ever had
I say you the fucking

[Verse 1:]
Know you got a roommate
Call me when it's no one there
Put the key under the mat
And you know I'll be over there
(Yup) I'll be over there
Shawty, I'll be over there
I'll be hitting all the spots that u ain't even know was there
Ha. And you ain't even have to ask twice
You can have my heart or we can share it like the last slice
Always felt like you was so accustomed to the fast life
Have a nigga thinking that he met you in a past life
Sweat pants, hair tied, chilling with no make up on
That's when you're the prettiest
I hope that you don take it wrong
You don't even trip when friends say you ain't bringing Drake along
You know that I'm working I'll be there soon as I make it home
And she a patient in my waiting room
Never pay attention to them rumors and what they assume
And until them girls prove it
I'm the one to never get confused with cause

[Chorus:]
Baby you my everything you all I ever wanted
We can do it real big
Bigger than you ever done it
You be up on everything
Other hoes ain't never on it
I want this forever, I swear I can spend whatever on it

Cause she hold me down everytime I hit her up
When I get right I promise that we gon live it up
She make me beg for it till she give it up
And I say the same thing every single time

I say you the fucking best
You the fucking best
You the fucking best
You the fucking best
You the best I ever had
Best I ever had
Best I ever had
Best I ever had
I say you the fucking

[Verse 2:]
Sex, Love, Pain
Baby I be on that tank shit
Buzz so big I could probably sell a blank disk
When my album drop
Bitches will buy it for the picture
And niggas will buy it too and claim they got it for they sister
Magazine paper girl
But money ain't the issue
They bring dinner to my room and ask me to initial
She call me the referee
'Cause I be so official
My shirt ain't got no stripes but I can make ya pussy whistle
Like the Andy Griffith theme song
And who told you to put them jeans on
Double cup love
You the one I lean on
Feeling for a fix then you should really get ya pheen on
Yeah, just know my condo is the crack spot
Every single show she out there reppin' like a mascot
Get it from the back
And make ya fucking bra strap pop
All up in ya slot until the nigga hit the jackpot, sang...

[Chorus:]
Baby you my everything you all I ever wanted
We can do it real big
Bigger than you ever done it
You be up on everything
Other hoes ain't never on it
I want this forever, I swear I can spend whatever on it

Cause she hold me down everytime I hit her up
When I get right I promise that we gon live it up
She make me beg for it till she give it up
And I say the same thing every single time

I say you the fucking best
You the fucking best
You the fucking best
You the fucking best
You the best I ever had
Best I ever had
Best I ever had
Best I ever had [x2]

[Outro: Drake]
Uhh, aaw yeaah
See this the type of joint you gotta deadicate to somebody
Just make sure they that special somebody
Young Money
Yeaah... yeaah
You know who you are, I gotcha'",0.12325895577669144,0.012901181355118752,0.7519404292106628,0.011822362430393696,0.018979094922542572,0.04682867228984833,0.03426927328109741,1,1,162.36,0.92,0.56
Drake,Passionfruit,"Hold on, hold on, fuck that.
Fuck that shit.
Hold on, I got to start this mothafuckin' record over again, wait a minute.
Fuck that shit.
Still on this mothafuckin' record.
I'ma play this mothafucka for y'all.
Ayy, y'all get some more drinks goin' on, I'll sound a whole lot better.

Listen
Seein' you got ritualistic
Cleansin' my soul of addiction for now
'Cause I'm fallin' apart, yeah
Tension
Between us just like picket fences
You got issues that I won't mention for now
'Cause we're fallin' apart

Passionate from miles away
Passive with the things you say
Passin' up on my old ways
I can't blame you, no, no
Passionate from miles away
Passive with the things you say
Passin' up on my old ways
I can't blame you, no, no

Listen
Harder buildin' trust from a distance
I think we should rule out commitment for now
'Cause we're fallin' apart
Leavin'
You're just doing that to get even
Don't pick up the pieces, just leave it for now
They keep fallin' apart

Passionate from miles away
Passive with the things you say
Passin' up on my old ways
I can't blame you, no, no
Passionate from miles away
Passive with the things you say
Passin' up on my old ways
I can't blame you, no, no

Um, trying to think of the right thing to say",0.004613739904016256,0.00509100453928113,0.03213263303041458,0.017476262524724007,0.021830588579177856,0.6618837714195251,0.25697198510169983,11,1,111.98,0.46,0.36
Drake,God's Plan,"And they wishin' and wishin'
And wishin' and wishin', they wishin' on me
Yeah

I been movin' calm, don't start no trouble with me
Tryna keep it peaceful is a struggle for me
Don't pull up at 6 AM to cuddle with me
You know how I like it when you lovin' on me
I don't wanna die for them to miss me
Yes, I see the things that they wishin' on me
Hope I got some brothers that outlive me
They gon' tell the story, shit was different with me

God's plan, God's plan

I hold back, sometimes I won't, yeah
I feel good, sometimes I don't (Ayy, don't)
I finessed down Weston Road (Ayy, 'nessed)
Might go down a G.O.D. (Yeah, wait)
I go hard on Southside G (Yeah, wait)
I make sure that north-side eat
And still

Bad things
It's a lot of bad things that they wishin' and wishin'
And wishin' and wishin', they wishin' on me
Bad things
It's a lot of bad things that they wishin' and wishin'
And wishin' and wishin', they wishin' on me
Yeah, ayy, ayy

She say, ""Do you love me?"" I tell her, ""Only partly
I only love my bed and my mama, I'm sorry""
Fifty Dub, I even got it tatted on me
Eighty-one, they'll bring the crashers to the party
And you know me
Turn the O2 into the O3, dog
Without 40, Oli, there'd be no me
'Magine if I never met the broskies

God's plan, God's plan
I can't do this on my own, ayy (No, ayy)
Someone watchin' this shit close (Yep, close)
I've been me since Scarlett Road, ayy (Road, ayy)
Might go down as G.O.D. (Yeah, wait, yeah)
I go hard on Southside G (Ayy, wait, ayy)
I make sure that north-side eat, yeah

And still

Bad things
It's a lot of bad things that they wishin' and wishin'
And wishin' and wishin', they wishin' on me
Yeah, yeah
Bad things
It's a lot of bad things that they wishin' and wishin'
And wishin' and wishin', they wishin' on me
Yeah",0.02199718728661537,0.07806546241044998,0.1228126585483551,0.7254933714866638,0.03212490305304527,0.014576382003724575,0.004930062219500542,7,1,77.17,0.45,0.36
Drake,Hotline Bling,"You used to call me on my
You used to, you used to
Yeah

You used to call me on my cell phone
Late night when you need my love
Call me on my cell phone
Late night when you need my love
And I know when that hotline bling
That can only mean one thing
I know when that hotline bling
That can only mean one thing

Ever since I left the city you
Got a reputation for yourself now
Everybody knows and I feel left out
Girl you got me down, you got me stressed out
Cause ever since I left the city, you
Started wearing less and goin' out more
Glasses of champagne out on the dance floor
Hangin' with some girls I've never seen before

You used to call me on my cell phone
Late night when you need my love
Call me on my cell phone
Late night when you need my love
I know when that hotline bling
That can only mean one thing
I know when that hotline bling
That can only mean one thing

Ever since I left the city, you, you, you
You and me we just don't get along
You make me feel like I did you wrong
Going places where you don't belong
Ever since I left the city, you
You got exactly what you asked for
Running out of pages in your passport
Hanging with some girls I've never seen before

You used to call me on my cell phone
Late night when you need my love
Call me on my cell phone
Late night when you need my love
And I know when that hotline bling
That can only mean one thing
I know when that hotline bling
That can only mean one thing

These days, all I do is
Wonder if you're bendin' over backwards for someone else
Wonder if you're rolling up a backwoods for someone else
Doing things I taught you gettin' nasty for someone else
You don't need no one else
You don't need nobody else, no
Why you never alone
Why you always touching road
Used to always stay at home, be a good girl
You was in the zone, yeah
You should just be yourself
Right now, you're someone else

You used to call me on my cell phone
Late night when you need my love
Call me on my cell phone
Late night when you need my love
And I know when that hotline bling
That can only mean one thing
I know when that hotline bling
That can only mean one thing

Ever since I left the city...",0.07503578066825867,0.02436135709285736,0.6713622212409973,0.08533003181219101,0.04404836148023605,0.05845196917653084,0.04141027480363846,2,1,134.97,0.63,0.55
Drake,Forever,"(feat. Lil Wayne, Eminem & Kanye West)

[Chorus:]
It may not mean nothing to ya'll
But understand nothing was done for me
So I don't plan on stopping at all
I want this shit forever man, ever man, ever man
I'm shutting shit down at the mall
And telling every girl she the one for me
And I ain't even planning to call
I want this shit forever man, ever man, ever man

[Verse 1: Drake]
Last name ever, first name greatest
Like a sprained ankle boy ain't nothing to play with
It started off local but thanks to all the haters
I know G4 pilots on a first name basis
And your city faded off to brown, nino
She insists she got more class, we know
Swimming in the money come and find me, nemo
If I was at the club you know I ball, kimo
Drop the mixtape that shit sounded like an album
Who'd have thought a country wide tour would be the outcome
Labels want my name beside the X like malcom
Everybody got a deal, I did it without one
Yeah, nigga I'm about my business
Killing all these rappers you would swear I had a hit list
Everyone who doubted me is asking for forgiveness
If you ain't been a part of it at least you got to witness
Bitches

[Chorus:]
It may not mean nothing to ya'll
But understand nothing was done for me
So I don't plan on stopping at all
I want this shit forever man, ever man, ever man
I'm shutting shit down at the mall
And telling every girl she the one for me
And I ain't even planning to call
I want this shit forever man, ever man, ever man

[Verse 2: Kanye West]
I used to have hood dreams, big fame, big chains
I stuck my dick inside this life until that bitch came
I went hard all fall like the ball teams
Just so I can make it rain all spring
Ya'll seen my story my glory
I had raped the game young you can call it statutory
When a nigga blow up they gon' build statues for me
Old money benjamin button, what nothin'
Now superbad chicks giving me MacLovin'
You would think I ran the world like Michelles husband
You would think these niggas know me when they really doesn't
Like they was down with the old me no you fucking wasn't
You're such a fucking loser
He didn't even go to class mueller
Trade the Grammy plaques just to have my granny back
Remember she had that bad hip like a fanny pack
Chasing the stardom would turn you to a maniac
All the way in hollywood and I can't even act
They pull their cameras out and god damn they snap
I used to want this thing forever ya'll can have it back

[Chorus:]
It may not mean nothing to ya'll
But understand nothing was done for me
So I don't plan on stopping at all
I want this shit forever man, ever man, ever man
I'm shutting shit down at the mall
And telling every girl she the one for me
And I ain't even planning to call
I want this shit forever man, ever man, ever man

[Verse 3: Lil Wayne]
Okay, hello it's the martian, space jam jordans
I want this shit forever, wake up and smell the Garden
Fresher than the harvest, step up to the target
If I had one guess than I guess I'm just New Orleans
And I will never stop like I'm running from the cops
Hopped up in my car and told my chauffeur to the top
Life is such a fucking roller coaster then it drops
But what should I scream for this is my theme park
My mind shine even when my thoughts seem dark
Pistol on my side you don't wanna hear that thing talk
Let the king talk check the price and pay attention
Lil Wayne that's what they got to say or mention
I'm like Nevada in the middle of the summer
I'm resting in the lead I need a pillow and a cover
Shhhh, my foots sleeping on the gas
No brake pads no such thing as last

[Chorus:]
It may not mean nothing to ya'll
But understand nothing was done for me
So I don't plan on stopping at all
I want this shit forever man, ever man, ever man
I'm shutting shit down at the mall
And telling every girl she the one for me
And I ain't even planning to call
I want this shit forever man, ever man, ever man

[Verse 4: Eminem]
There they go, back in stadiums as shady spits his flow
Nuts they go, macademia they go so ballistic whoa
He can make them look like posers, he's wondering if he should spit this slow
Fuck no go for broke, his cup just runneth over, oh no
He ain't had of a buzz like this since the last time that he overdosed
They've been waiting patiently for pinnochio to poke his nose
Back into the game and they know rap will never be the same as before
Bashing in the brains of these hoes and establishing a name as he goes
The passion of the flame is ignited, you can't put it out once we light it
This shit is exactly what the fuck that I'm talking about when we riot
You dealin' with a few true villians, whose stayin' inside of the booth truth spillin'
And spit true feelings, until our tooth fillings come flying up out of our mouths now rewind it
Payback motherfucker for the way that you doubted me hows it taste
When I slap the taste out of your mouth with the bass so loud that it shakes the place
I'm hannibal lecters so just incase your thinking of saving face
You ain't gonna have no face to save by the time I'm through with this place so drake

[Chorus:]
It may not mean nothing to ya'll
But understand nothing was done for me
So I don't plan on stopping at all
I want this shit forever man, ever man, ever man
I'm shutting shit down at the mall
And telling every girl she the one for me
And I ain't even planning to call
I want this shit forever man, ever man, ever man",0.004190394654870033,0.004548272583633661,0.05237883701920509,0.023225490003824234,0.5756248831748962,0.3164668381214142,0.023565268144011497,5,0,104.02,0.91,0.54
Drake,"Hold On, We're Going Home","[Drake]
I got my eyes on you
You're everything that I see
I want your hot love and emotion endlessly
I can't get over you
You left your mark on me
I want your hot love and emotion endlessly

[ Drake]
'Cause you're a good girl and you know it
You act so different around me
'Cause you're a good girl and you know it
I know exactly who you could be

[Drake]
Just hold on, we're going home

Just hold on, we're going home
It's hard to do these things alone
Just hold on, we're going home

[Drake]
I got my eyes on you
You're everything that I see
I want your hot love and emotion endlessly
I can't get over you
You left your mark on me
I want your hot love and emotion endlessly

[ Drake]
'Cause you're a good girl and you know it
You act so different around me
'Cause you're a good girl and you know it
I know exactly who you could be

[Drake & Majid Al Maskati]
So just hold on, we're going home (Going home)
Just hold on, we're going home (Going home)
It's hard to do these things alone (Things alone)
Just hold on, we're going home (Going home, going home)

[ Majid Al Maskati]
You're the girl, you're the one
Gave you everything I loved
I think there's something, baby
I think there's something, baby
You're the girl, you're the one
Gave you everything I loved
I think there's something, baby
I think there's something, baby

[ Drake & Majid Al Maskati]

'Cause you're a good girl and you know it
You act so different around me
'Cause you're a good girl and you know it
I know exactly who you could be

[Drake & Majid Al Maskati]
Oh, just hold on, we're going home (Going home)
Just hold on, we're going home (Going home)
It's hard to do these things alone (Things alone)
Just hold on, we're going home (Going home)
Home (Going home)

[ Majid Al Maskati]
Hold on
Oh, oh
[Produced by Nineteen85, Majid Jordan & Noah ""40"" Shebib]",0.07539086788892746,0.06965216249227524,0.4315691590309143,0.03090783767402172,0.04950188472867012,0.312557578086853,0.030420612543821335,6,0,100.0,0.45,0.32
Drake,Headlines,"I might be too strung out on compliments, overdosed on confidence
Started not to give a fuck and stop fearing the consequence
Drinking every night because we drink to my accomplishments
Faded way too long, I'm floatin' in and out of consciousness
And they sayin' I'm back, I agree with that
I just take my time with all this shit, I still believe in that
I had someone tell me I fell off, ooh I needed that
And they want to see me pick back up, well where'd I leave it at?
I know I exaggerated things, now I got it like that
Stuff my napkin in my shirt cause I'm just mobbin like that
You know good and well that you don't want a problem like that
You gonna make someone around me catch a body like that
No, don't do it, please don't do it
Cause one of us goes in, and we all go through it
And Drizzy got the money, so Drizzy gonna pay it
Those my brothers, I ain't even gotta say it
That's just something they know

They know, they know, they know, they know, they know...
That the real is on the rise, fuck them other guys
I even gave 'em a chance to decide, now it's something they know
They know, they know, they know

I be yelling out money over everything, money on my mind
Then she wanna ask when it got so empty
Tell her I apologize, happened over time
She says she miss the old Drake, girl don't tempt me
If they don't get it, they'll be over you
That new shit that you got is overdue
You better do what you supposed to do
I'm like ""why I gotta be all that?"" but still I can't deny the fact
That it's true, listening to you expressing all them feelings
Soap opera rappers, all these niggas sound like ""All My Children""
And that's who you thinking is 'bout to come and make a killing
I guess it really is just me, myself and all my millions
You know that they ain't even got it like that
You gonna hype me up and make me catch your body like that
Cause I live for this, it isn't just a hobby like that
When they get my shit and play it, I ain't even gotta say it, they know

They know, they know, they know, they know, they know...
That the real is on the rise, fuck them other guys
I even gave 'em a chance to decide, now it's something they know
They know, they know, they know

I be yelling out: money over everything, money on my mind
Tell them I apologize, it happened over time, they know",0.0017029497539624572,0.0021338090300559998,0.005298968404531479,0.005837714299559593,0.9752869606018066,0.008252824656665325,0.001486893743276596,6,0,151.89,0.57,0.43
Kendrick Lamar,HUMBLE.,"Nobody pray for me
It been that day for me
Way (yeah, yeah)

Ayy, I remember syrup sandwiches and crime allowances
Finesse a nigga with some counterfeits, but now I'm countin' this
Parmesan where my accountant lives, in fact, I'm downin' this
D'USSÉ with my boo bae, tastes like Kool-Aid for the analysts
Girl, I can buy your ass the world with my pay stub
Ooh, that pussy good, won't you sit it on my taste bloods?
I get way too petty once you let me do the extras
Pull up on your block, then break it down, we playin' Tetris
AM to the PM, PM to the AM, funk
Piss out your per diem, you just gotta hate 'em, funk
If I quit your BM, I still ride Mercedes, funk
If I quit this season, I still be the greatest, funk
My left stroke just went viral
Right stroke put lil' baby in a spiral
Soprano C, we like to keep it on a high note
It's levels to it, you and I know

Bitch, be humble (hold up, bitch)
Sit down (hold up, lil'—, hold up, lil' bitch)
Be humble (hold up, bitch)
Sit down (hold up, sit down, lil'—, sit down, lil' bitch)
Be humble (hold up, hold up, hold up, hold up, lil' bitch)
Bitch, sit down (hold up, lil' bitch)
Be humble (hold up, bitch)
Sit down (hold up, hold up, hold up, hold up)
Be humble (hold up, hold up, hold up, hold up, lil'—)
Sit down (hold up, lil' bitch)
Be humble (hold up, bitch)
Sit down (hold up, sit down, lil'—, sit down, lil' bitch)
Be humble (hold up, hold up, hold up, hold up, lil' bitch)
Bitch, sit down (hold up, lil' bitch)
Be humble (hold up, bitch)
Sit down (hold up, hold up, hold up, hold up)

Who that nigga thinkin' that he frontin' on Man-Man? (Man-Man)
Get the fuck off my stage, I'm the Sandman (Sandman)
Get the fuck off my dick, that ain't right
I make a play fuckin' up your whole life
I'm so fuckin' sick and tired of the Photoshop
Show me somethin' natural like afro on Richard Pryor
Show me somethin' natural like ass with some stretch marks
Still'll take you down right on your mama couch in Polo socks, ayy
This shit way too crazy, ayy
You do not amaze me, ayy
I blew cool from AC, ayy
Obama just paged me, ayy
I don't fabricate it, ayy
Most of y'all be fakin', ayy
I stay modest 'bout it, ayy
She elaborate it, ayy
This that Grey Poupon, that Evian, that TED Talk, ayy
Watch my soul speak, you let the meds talk, ayy
If I kill a nigga, it won't be the alcohol, ayy
I'm the realest nigga after all

Bitch, be humble (hold up, bitch)
Sit down (hold up, lil'—, hold up, lil' bitch)
Be humble (hold up, bitch)
Sit down (hold up, sit down, lil'—, sit down, lil' bitch)
Be humble (hold up, hold up, hold up, hold up, lil' bitch)
Bitch, sit down (hold up, lil' bitch)
Be humble (hold up, bitch)
Sit down (hold up, hold up, hold up, hold up)
Be humble (hold up, hold up, hold up, hold up, lil'—)
Sit down (hold up, lil' bitch)
Be humble (hold up, bitch)
Sit down (hold up, sit down, lil'—, sit down, lil' bitch)
Be humble (hold up, hold up, hold up, hold up, lil' bitch)
Bitch, sit down (hold up, lil' bitch)
Be humble (hold up, bitch)
Sit down (hold up, hold up, hold up, hold up)",0.04002579674124718,0.020013859495520592,0.47261881828308105,0.05512611195445061,0.029787611216306686,0.05072633549571037,0.33170148730278015,1,0,150.01,0.62,0.42
Kendrick Lamar,Money Trees,"[Kendrick Lamar]
Uh
Me and my niggas tryna get it, ya bish? (Ya bish?)
Hit the house lick, tell me, is you wit' it, ya bish? (Ya bish?)
Home invasion was persuasive (was persuasive)
From nine to five, I know it's vacant, ya bish? (Ya bish?)
Dreams of livin' life like rappers do (like rappers do)
Back when condom wrappers wasn't cool (they wasn't cool)
I fucked Sherane and went to tell my bros (tell my bros)
Then Usher Raymond, Let It Burn, came on (Let Burn came on)

Hot sauce all in our Top Ramen, ya bish? (Ya bish?)
Park the car, then we start rhymin', ya bish? (Ya bish?)
The only thing we had to free our mind (free our mind)
Then freeze that verse when we see dollar signs (see dollar signs)
You lookin' like a easy come-up, ya bish? (Ya bish?)
A silver spoon, I know you come from, ya bish? (Ya bish?)
And that's a lifestyle that we never knew (we never knew)
Go at a reverend for the revenue

It go Halle Berry
Or hallelujah
Pick your poison, tell me what you doin'
Everybody gon' respect the shooter
But the one in front of the gun lives forever
(The one in front of the gun, forever)

And I been hustlin' all-day
This-a-way, that-a-way
Through canals and alleyways, just to say
Money trees is the perfect place for shade
And that's just how I feel

Nah, nah
A dollar might just fuck your main bitch
That's just how I feel, nah
A dollar might say: Fuck them niggas that you came with
That's just how I feel

Nah, nah
A dollar might just make that lane switch
That's just how I feel, nah
A dollar might turn to a million and we all rich
That's just how I feel

Dreams of livin' life like rappers do (like rappers do)
Bump that new E-40 after school (way after school)
You know, Big Ballin' With My Homies (My Homies)
Earl Stevens had us thinkin' rational (thinkin' rational, that's rational)
Back to reality, we poor, ya bish? (Ya bish?)
Another casualty at war, ya bish? (Ya bish?)
Two bullets in my Uncle Tony head (my Tony head)
He said: One day I'll be on tour, ya bish? (Ya bish?)

That Louis Burgers never be the same (won't be the same)
A Louis belt that never ease that pain (won't ease that pain)
But I'ma purchase when that day is jerkin' (that day is jerkin')
Pull off at church's with Pirellis skirtin' (Pirellis skirtin')
Gang signs out the window, ya bish? (Ya bish?)
Hopin' all of 'em offend you, ya bish? (Ya bish?)
They say your hood is a pot of gold (a pot of gold)
And we gon' crash it when nobody's home

It go Halle Berry
Or hallelujah
Pick your poison, tell me what you doin'
Everybody gon' respect the shooter
But the one in front of the gun lives forever
(The one in front of the gun, forever)

And I been hustlin' all-day
This-a-way, that-a-way
Through canals and alleyways, just to say
Money trees is the perfect place for shade
And that's just how I feel

Nah, nah
A dollar might just fuck your main bitch
That's just how I feel, nah
A dollar might say: Fuck them niggas that you came with
That's just how I feel

Nah, nah
A dollar might just make that lane switch
That's just how I feel, nah
A dollar might turn to a million and we all rich
That's just how I feel

[Anna Wise]
Be the last one out to get this dough? No way
Love one of you bucket headed hoes? No way
Hit the streets, then we break the code? No way
Hit the brakes when they on patrol? No way

Be the last one out to get this dough? No way
Love one of you bucket headed hoes? No way
Hit the streets, then we break the code? No way
Hit the brakes when they on patrol? No way

[Jay Rock]
'Magine Rock up in them projects where them niggas pick your pockets
Santa Claus don't miss them stockings
Liquors spillin', pistols poppin'
Bakin' soda, YOLA whippin'
Ain't no turkey on Thanksgivin'
My homeboy just dome'd a nigga
I just hope the Lord forgive him
Pots with cocaine residue
Every day I'm hustlin'
What else is a thug to do when you eatin' cheese from the government?
Gotta provide for my daughter 'n 'em, get the fuck up out my way, bish
Got that drum and I got them bands just like a parade, bish

Drop that work up in the bushes, hope them boys don't see my stash
If they do, tell the truth, this the last time you might see my ass
From the gardens where the grass ain't cut, them serpents lurkin', Blood
Bitches sellin' pussy, niggas sellin' drugs, but it's all good
Broken promises, steal your watch and tell you what time it is
Take your J's and tell you to kick it where a Foot Locker is
In the streets with a heater under my Dungarees
Dreams of me gettin' shaded under a money tree

[Kendrick Lamar]
It go Halle Berry
Or hallelujah
Pick your poison, tell me what you doin'
Everybody gon' respect the shooter
But the one in front of the gun lives forever
(The one in front of the gun, forever)

And I been hustlin' all-day
This-a-way, that-a-way
Through canals and alleyways, just to say
Money trees is the perfect place for shade
And that's just how I feel

[Paula and Kenneth Duckworth]
Kendrick
Just bring my car back, man
I called in for another appointment
I figured you weren't gonna be back here on time anyways
Look, shit, shit
I just wanna get out the house, man
This man is on one, he feelin' good as a motherfucker
Shit, I'm tryna get my thing goin' too (girl, girl, I want your body)
Just bring my car back (I want your body)
Shit, he faded, he feelin' good ('cause you got a big ol' fat ass)
Look, listen to him

Girl, I want your body, I want your body, 'cause of that big ol' fat ass
Girl, I want your body, 'cause of that big ol' (see, he high as hell)
Shit, and he ain't even trippin' off them damn dominoes anymore
Just bring the car back
Did somebody say dominoes?",0.0643504410982132,0.007879994809627533,0.8305957317352295,0.018584005534648895,0.022323399782180786,0.026659758761525154,0.029606658965349197,7,1,71.99,0.53,0.34
Kendrick Lamar,Not Like Us,"Pss, I see dead people
(Mustard on the beat, ho)

Ayy, Mustard on the beat, ho
Deebo any rap nigga, he a free throw
Man down, call an amberlamps, tell him: Breathe, bro
Nail a nigga to the cross, he walk around like Teezo
What's up with these jabroni-ass niggas tryna see Compton?
The industry can hate me, fuck 'em all and they mama
How many opps you really got? I mean, it's too many options
I'm finna pass on this body, I'm John Stockton
Beat your ass and hide the Bible if God watchin'

Sometimes you gotta pop out and show niggas
Certified boogeyman, I'm the one that up the score with 'em
Walk him down, whole time I know he got some ho in him
Pole on him, extort shit, bully, Death Row on him
Say, Drake, I hear you like 'em young
You better not ever go to cell block one
To any bitch that talk to him and they in love
Just make sure you hide your lil' sister from him
They tell me Chubbs the only one that get your hand-me-downs
And PARTY at the party playin' with his nose now
And Baka got a weird case, why is he around?
Certified Lover Boy? Certified pedophiles

Wop, wop, wop, wop, wop, Dot, fuck 'em up
Wop, wop, wop, wop, wop, I'ma do my stuff
Why you trollin' like a bitch? Ain't you tired?
Tryna strike a chord and it's probably A minor

They not like us
They not like us
They not like us
They not like us
They not like us
They not like us

You think the Bay gon' let you disrespect Pac, nigga?
I think that Oakland show gon' be your last stop, nigga
Did Cole fouI, I don't know why you still pretendin'
What is the owl? Bird niggas and burnt bitches, go
The audience not dumb
Shape the stories how you want, hey, Drake, they're not slow
Rabbit hole is still deep, I can go further, I promise
Ain't that somethin'? B-Rad stands for bitch and you Malibu most wanted
Ain't no law, boy, you ballboy, fetch Gatorade or somethin'
Since 2009 I had this bitch jumpin'
You niggas'll get a wedgie, be flipped over your boxers
What OVO for? The Other Vaginal Option? Pussy
Nigga better straighten they posture, got famous all up in Compton
Might write this for the doctorate, tell the pop star quit hidin'
Fuck a caption, want action, no accident and I'm hands-on, he fuck around, get polished
Fucked on Wayne girl while he was in jail, that's connivin'
Then get his face tatted like a bitch apologizin'
I'm glad DeRoz' came home, y'all didn't deserve him neither
From Alondra down to Central, nigga better not speak on Serena
And your homeboy need subpoena, that predator move in flocks
That name gotta be registered and placed on neighborhood watch
I lean on you niggas like another line of Wock'
Yeah, it's all eyes on me and I'ma send it up to Pac, ayy
Put the wrong label on me, I'ma get 'em dropped, ayy
Sweet Chin Music and I won't pass the aux, ayy
How many stocks do I really have in stock? Ayy
One, two, three, four, five, plus five, ayy
Devil is a lie, he a 69 God, ayy
Freaky-ass niggas need to stay they ass inside, ayy
Roll they ass up like a fresh pack of 'za, ayy
City is back up, it's a must, we outside, ayy

They not like us
They not like us
They not like us
They not like us
They not like us
They not like us

Once upon a time, all of us was in chains
Homie still doubled down callin' us some slaves
Atlanta was the Mecca, buildin' railroads and trains
Bear with me for a second, let me put y'all on game
The settlers was usin' townfolk to make 'em richer
Fast-forward 2024, you got the same agenda
You run to Atlanta when you need a check balance
Let me break it down for you, this the real nigga challenge

You called Future when you didn't see the club (ayy, what?)
Lil Baby helped you get your lingo up (what?)
21 gave you false street cred
Thug made you feel like you a slime in your head (ayy, what?)
Quavo said you can be from Northside (what?)
2 Chainz say you good, but he lied
You run to Atlanta when you need a few dollars
No, you not a colleague, you a fuckin' colonizer

The family matter and the truth of the matter
It was God's plan to show y'all the liar

Mmm
Mmm
He a fan, he a fan, he a fan (mmm)
He a fan, he a fan, he a

Freaky-ass nigga, he a 69 God
Freaky-ass nigga, he a 69 God
Hey, hey, hey, hey, run for your life
Hey, hey, hey, hey, run for your life
Freaky-ass nigga, he a 69 God
Freaky-ass nigga, he a 69 God
Hey, hey, hey, hey, run for your life
Hey, hey, hey, hey, run for your life

Let me hear you say: OV-ho (OV-ho)
Say: OV-ho (OV-ho)
Then step this way, step that way
Then step this way, step that way

Are you my friend?
Are we locked in?
Then step this way, step that way
Then step this way, step that way",0.09483587741851807,0.00980417151004076,0.12957270443439484,0.16323421895503998,0.06350866705179214,0.15233126282691956,0.3867131471633911,1,1,101.06,0.47,0.21
Kendrick Lamar,Alright,"Alls my life I has to fight, nigga
Alls my life I
Hard times, like: God!
Bad trips, like: Yeah!
Nazareth, I'm fucked up
Homie, you fucked up
But if God got us, then we gon' be alright

Nigga, we gon' be alright
Nigga, we gon' be alright
We gon' be alright
Do you hear me, do you feel me? We gon' be alright
Nigga, we gon' be alright
Huh? We gon' be alright
Nigga, we gon' be alright
Do you hear me, do you feel me? We gon' be alright

Uh, and when I wake up
I recognize you're looking at me for the pay cut
But homicide be looking at you from the face down
What MAC-11 even boom with the bass down?
Schemin', and let me tell you 'bout my life
Painkillers only put me in the twilight
Where pretty pussy and Benjamin is the highlight
Now tell my momma I love her, but this what I like, Lord knows
20 of 'em in my Chevy, tell 'em all to come and get me
Reaping everything I sow, so my karma comin' heavy
No preliminary hearings on my record
I'm a motherfucking gangster in silence, for the record
Tell the world I know it's too late
Boys and girls, I think I gone cray
Drown inside my vices all day
Won't you, please, believe when I say?

Wouldn't you know
We been hurt, been down before
Nigga, when our pride was low
Lookin' at the world like: Where do we go?
Nigga, and we hate po-po
Wanna kill us dead in the street fo sho'
Nigga, I'm at the preacher's door
My knees gettin' weak, and my gun might blow
But we gon' be alright

Nigga, we gon' be alright
Nigga, we gon' be alright
We gon' be alright
Do you hear me, do you feel me? We gon' be alright
Nigga, we gon' be alright
Huh? We gon' be alright
Nigga, we gon' be alright
Do you hear me, do you feel me? We gon' be alright

What you want you: a house or a car?
40 acres and a mule? A piano, a guitar?
Anything, see my name is Lucy, I'm your dog
Motherfucker, you can live at the mall
I can see the evil, I can tell it, I know it's illegal
I don't think about it, I deposit every other zero
Thinking of my partner, put the candy, paint it on the Regal
Digging in my pocket, ain't a profit big enough to feed you
Everyday my logic get another dollar just to keep you
In the presence of your chico, ah!
I don't talk about it, be about it, everyday I sequel
If I got it then you know you got it, Heaven, I can reach you
Pet dog, pet dog, pet dog, my dog, that's all
Pick back and chat, I trap the back for y'all
I rap, I black on track so rest assured
My rights, my wrongs, I write 'til I'm right with God

Wouldn't you know
We been hurt, been down before
Nigga, when our pride was low
Lookin' at the world like: Where do we go?
Nigga, and we hate po-po
Wanna kill us dead in the street fo sho'
Nigga, I'm at the preacher's door
My knees gettin' weak, and my gun might blow
But we gon' be alright

Nigga, we gon' be alright
Nigga, we gon' be alright
We gon' be alright
Do you hear me, do you feel me? We gon' be alright
Nigga, we gon' be alright
Huh? We gon' be alright
Nigga, we gon' be alright
Do you hear me, do you feel me? We gon' be alright

I keep my head up high
I cross my heart and hope to die
Lovin' me is complicated
Too afraid, a lot of changes
I'm alright, and you're a favorite
Dark nights in my prayers",0.02211998775601387,0.05974904075264931,0.07756650447845459,0.07597199827432632,0.09764762967824936,0.4738398790359497,0.1931050419807434,7,1,110.03,0.77,0.56
Kendrick Lamar,All the Stars,"Love, let's talk about love
Is it anything and everything you hoped for?
Or do the feeling haunt you?
I know the feeling haunt you

This may be the night that my dreams might let me know
All the stars approach you
All the stars approach you
All the stars approach you

This may be the night that my dreams might let me know
All the stars are closer
All the stars are closer
All the stars are closer

Tell me what you gon' do to me
Confrontation ain't nothin' new to me
You can bring a bullet, bring a sword, bring a morgue
But you can't bring the truth to me
Fuck you and all your expectations
I don't even want your congratulations
I recognize your false confidence
And calculated promises all in your conversation
I hate people that feel entitled
Look at me crazy 'cause I ain't invite you
Oh, you important?
You the moral to the story? You endorsin'?
Motherfucker, I don't even like you
Corrupt a man's heart with a gift
That's how you find out who you dealin' with
A small percentage who I'm buildin' with
I want the credit if I'm losin' or I'm winnin'
On my momma, that's the realest shit

Love, let's talk about love
Is it anything and everything you hoped for?
Or do the feeling haunt you?
I know the feeling haunt you

This may be the night that my dreams might let me know
All the stars approach you
All the stars approach you
All the stars approach you

This may be the night that my dreams might let me know
All the stars are closer
All the stars are closer
All the stars are closer

Skin covered in ego
Get to talkin', I get involved, like a rebound
No control, no off switch
And the way that you bringin' me down
It's a turn on, get it away from me
Know you mean wrong, keep away from me
And it's all wrong, get it away from me, yeah
I, I just cry for no reason
I just pray for no reason
I just thank for the life, for the day
For the hours and another life breathin'
I did it all 'cause it feel good
You could live it all if you feel bad
Better live your life, we were runnin' out of time

Love, let's talk about love
Is it anything and everything you hoped for?
Or do the feeling haunt you?
I know the feeling haunt you

This may be the night that my dreams might let me know
All the stars approach you
All the stars approach you
All the stars approach you

This may be the night that my dreams might let me know
All the stars are closer
All the stars are closer
All the stars are closer",0.0030074315145611763,0.0005659228772856295,0.0029579298570752144,0.016238681972026825,0.972821056842804,0.0016913593281060457,0.0027175256982445717,8,1,96.92,0.63,0.55
Kendrick Lamar,PRIDE.,"Love's gonna get you killed
But pride's gonna be the death of you and you and me
And you and you and you and me
And you and you and you and me
And you and you and you and me
And you and you and you and me and

It wasn't all to share, but there
In another life, I surely was there
It wasn't all to share, but there
I care, I care

Hell-raising, wheel-chasing, new worldy possessions
Flesh-making, spirit-breaking, which one would you lessen?
The better part, the human heart
You love 'em or dissect 'em
Happiness or flashiness? How do you serve the question?
See, in the perfect world, I would be perfect, world
I don't trust people enough beyond they surface, world
I don't love people enough to put my faith in man
I put my faith in these lyrics hoping I make amend
I understand I ain't perfect
I probably won't come around
This time, I might put you down
Last time, I ain't give a fuck, I still feel the same now
My feelings might go numb, you're dealing with cold thumb
I'm willing to give up a leg and arm and show empathy from
Pity parties and functions and you and yours
A perfect world, you probably live another 24
I can't fake humble just 'cause your ass is insecure
I can't fake humble just 'cause your ass is insecure

It wasn't all to share, but there
In another life, I surely was there
It wasn't all to share, but there
I care, I care

Maybe I wasn't there
Maybe I wasn't there
Maybe I wasn't there
Maybe I wasn't there

Now, in a perfect world, I probably won't be insensitive
Cold as December, but never remember what winter did
I wouldn't blame you for mistakes I made or the bed I laid
Seems like I point the finger just to make a point, nowadays
Smiles and cold stares, the temperature goes there
Indigenous disposition, feel like we belong here
I know the walls, they can listen, I wish they could talk back
The hurt becomes repetition, the love almost lost that
Sick venom in men and women overcome with pride
A perfect world is never perfect, only filled with lies
Promises are broken and more resentment come alive
Race barriers make inferior of you and I
See, in a perfect world, I'll choose faith over riches
I'll choose work over bitches, I'll make schools out of prison
I'll take all the religions and put 'em all in one service
Just to tell 'em we ain't shit, but He's been perfect, world

It wasn't all to share, but there
In another life, I surely was there
It wasn't all to share, but there
I care, I care

Maybe I wasn't there
Maybe I wasn't there
Maybe I wasn't there
Maybe I wasn't there",0.01049779262393713,0.037909019738435745,0.2383776307106018,0.11105150729417801,0.08332274109125137,0.42615002393722534,0.09269130229949951,4,0,138.84,0.54,0.37
Kendrick Lamar,DNA.,"I got, I got, I got, I got
Loyalty, got royalty inside my DNA
Cocaine quarter piece, got war and peace inside my DNA
I got power, poison, pain, and joy inside my DNA
I got hustle, though, ambition flow inside my DNA
I was born like this, since one like this, immaculate conception
I transform like this, perform like this, was Yeshua new weapon
I don't contemplate, I meditate, then off your fucking head
This that put-the-kids-to-bed
This that I got, I got, I got, I got
Realness, I just kill shit 'cause it's in my DNA
I got millions, I got riches buildin' in my DNA

I got dark, I got evil that rot inside my DNA
I got off, I got troublesome heart inside my DNA
I just win again, then win again like Wimbledon, I serve
Yeah, that's him again, the sound that engine in is like a bird
You see fireworks and Corvette tire skrrt the boulevard
I know how you work, I know just who you are
See, you's a, you's a, you's a
Bitch, your hormones prolly switch inside your DNA
Problem is, all that sucker shit inside your DNA
Daddy prolly snitched, heritage inside your DNA
Backbone don't exist, born outside a jellyfish, I gauge
See, my pedigree most definitely don't tolerate the front

Shit I've been through prolly offend you, this is Paula's oldest son
I know murder, conviction
Burners, boosters, burglars, ballers, dead, redemption
Scholars, fathers dead with kids and
I wish I was fed forgiveness
Yeah, yeah, yeah, yeah, soldier's DNA (I'm a soldier's DNA)
Born inside the beast, my expertise checked out in second grade
When I was nine, on cell, motel, we didn't have nowhere to stay
At twenty-nine, I've done so well, hit cartwheel in my estate
And I'm gon' shine like I'm supposed to, antisocial extrovert
And excellent mean the extra work

And absentness what the fuck you heard
And pessimists never struck my nerve
And Nazareth gonna plead his case
The reason my power's here on earth
Salute the truth, when the prophet say
[Kendrick Lamar & Geraldo Rivera]
I-I got loyalty, got royalty inside my DNA
This is why I say that hip hop has done more damage to young African Americans than racism in recent years
I-I got loyalty, got royalty inside my DNA
I live a better life, I'm rollin' several dice, fuck your life
I-I got loyalty, got royalty inside my DNA
I live a be-, fuck your life
Five, four, three, two, one
This is my heritage, all I'm inheritin'
Money and power, the mecca of marriages

Tell me somethin'
You motherfuckers can't tell me nothin'
I'd rather die than to listen to you
My DNA not for imitation
Your DNA an abomination
This how it is when you in the Matrix
Dodgin' bullets, reapin' what you sow
And stackin' up the footage, livin' on the go
And sleepin' in a villa
Sippin' from a Grammy, walkin' in the buildin'
Diamond in the ceilin', marble on the floors
Beach inside the window, peekin' out the window
Baby in the pool, godfather goals
Only Lord knows I've been goin' hammer
Dodgin' paparazzi, freakin' through the cameras
Eat at Four Daughters, Brock wearin' sandals
Yoga on a Monday, stretchin' to Nirvana

Watchin' all the snakes, curvin' all the fakes
Phone never on, I don't conversate
I don't compromise, I just penetrate
Sex, money, murder, these are the breaks
These are the times, level number nine
Look up in the sky, ten is on the way
Sentence on the way, killings on the way
Motherfucker, I got winners on the way
You ain't shit without a body on your belt
You ain't shit without a ticket on your plate
You ain't sick enough to pull it on yourself
You ain't rich enough to hit the lot and skate
Tell me when destruction gonna be my fate
Gonna be your fate, gonna be our faith
Peace to the world, let it rotate
Sex, money, murder our DNA",0.012298805639147758,0.7263094186782837,0.18018168210983276,0.004926808178424835,0.008988885208964348,0.047487933188676834,0.01980649121105671,1,1,139.91,0.52,0.42
J. Cole,No Role Modelz,"First things first rest in peace Uncle Phil
For real, you the only father that I ever knew
I get my bitch pregnant I'ma be a better you
Prophesies that I made way back in the Ville
For Phil, Listen even when we was broke my team ill
Martin Luther King would have been on Dreamville
Talk to a nigga

One time for my LA sisters
One time for my LA hoe
Lame niggas can't tell the difference
One time for a nigga who knows
Don't save her
She don't wanna be saved
Don't save her
She don't wanna be saved
Don't save her
She don't wanna be saved
Don't save her
She don't wanna be saved

No role models and I'm here right now
No role models to speak up
Searchin' through my memory, my memory
I couldn't find one
Last night I was gettin' my feet rubbed
By the baddest bitch, not Trina, but I swear to God
This bitch will make you call your girl up and tell her ""Hey, what's good?""
""Sorry I'm never comin' home I'ma stay for good""
Then hang the phone up, and proceed to lay the wood
I came fast like 9-1-1 in white neighborhoods
Ain't got no shame bout it
She think I'm spoiled and I'm rich cause I can have any bitch
I got defensive and said ""Nah, I was the same without it""
But then I thought back, back to a better me
Before I was a B-list celebrity
Before I started callin' bitches bitches so heavily
Back when you could get a platinum plaque with no melody
You wasn't sweatin' me

One time for my LA sisters
One time for my LA hoe
Lame niggas can't tell the difference
One time for a nigga who knows
Don't save her
She don't wanna be saved
Don't save her
She don't wanna be saved
Don't save her
She don't wanna be saved
Don't save her
She don't wanna be saved

I want a real love, dark skinned and Aunt Viv love
That Jada and that Will love
That leave a toothbrush at your crib love
And you ain't gotta worry whether thats your kid love
Nigga I don't want no bitch from reality shows
Out of touch with reality hoes
Out in Hollywood bringin' back 5 or 6 hoes
Fuck em' then we kick em' to the door
Nigga you know how it goes
She deserved that, she a bird, thats a bird trap
You think if I didn't rap she would flirt back
Takin' off her skirt, let her wear my shirt before she leave
I'ma need my shirt back

One time for my LA sisters
One time for my LA hoe
Lame niggas can't tell the difference
One time for a nigga who knows
Don't save her
She don't wanna be saved
Don't save her
She don't wanna be saved
Don't save her
She don't wanna be saved
Don't save her
She don't wanna be saved

Theres an old saying in Tennessee, I know its in Texas
probably in Tennessee that says fool me once, shame on -
shame on you. If you fool me we can't get fooled again

Fool me one time shame on you
Fool me twice, can't put the blame on you
Fool me three times, fuck the peace signs
Load the chopper, let it rain on you
Fool me one time shame on you
Fool me twice, can't put the blame on you
Fool me three times, fuck the peace signs
Load the chopper, let it rain on you

My only regret was too young for Lisa Bonet
My only regret was too young for Nia Long
Now all I'm left with is hoes from reality shows
Hand her a script the bitch probably couldn't read along
My only regret was too young for Sade Adu
My only regret could never take Aaliyah home
Now all I'm left with is hoes up in greystone
With the stale face cause they know its they song
She shallow but the pussy deep (she shallow, she shallow)
She shallow but the pussy deep (she shallow, she shallow)
She shallow but the pussy deep (she shallow, she shallow)
She shallow but the pussy deep (she shallow, she shallow)

Don't save her
She don't wanna be saved
Don't save her
She don't wanna be saved
Don't save her
She don't wanna be saved
Don't save her
She don't wanna be saved
Don't save her, she don't wanna be saved
Don't save her, she don't wanna be saved
Don't save her, she don't wanna be saved
Don't save her, she don't wanna be saved",0.015669409185647964,0.05824941396713257,0.4043201208114624,0.2486942559480667,0.032344751060009,0.21100583672523499,0.029716195538640022,10,0,100.03,0.52,0.49
J. Cole,Wet Dreamz,"Cole
Cole world
Yeah
Let me take y'all back, man
As I do so well
Wadn't nuttin' like that
Man, it wadn't nuttin' like that

First time, she was in my math class
Long hair, brown skin with the fat ass
Sat beside me, used to laugh, had mad jokes
The teacher always got mad, so we passed notes
It started off so innocent
She had a vibe and a nigga started diggin' it, uh
I was a youngin, straight crushin', tryna play the shit cool
But a nigga couldn't wait to get to school
'Cause when I seen them thighs on her and them hips on her
And them lips on her got me daydreamin', man, what?
I'm thinkin' how she rides on it, if she sits on it, if she licks on it
Make it hard for me to stand up
As time goes by, attractions gettin' deep and
Wet dreamin' thinkin' that I'm smashin', but I'm sleepin', I want it bad
And I ain't never been obsessed before
She wrote a note that said: You ever had sex before? Damn

And I ain't never did this before, no
And I ain't never did this before, no
And I ain't never did this before, no
And I ain't never did this before, no
And I ain't never did this before, no
I ain't never did this before, no
And I ain't never did this before, no
And I ain't never did this before, no

I wrote back and said
Of course I had sex before, knowin' I was frontin'
I said: I'm like a pro, baby, knowin' I was stuntin'
But if I told the truth, I knew that I'd get played out, son
Hadn't been in pussy since the day I came out one, but
She don't know that, so she done wrote back and told me
Oh, you a pro, homie? Well, I want you to show me
My mama gone for the weekend
So Saturday, baby, we can get to freakin'
That's when my heart start racin' and my body start sweatin'
Baby, you done woke my lil' man up
I'm thinkin' how that body look naked when you layin' on the bed
Teacher, please, don't make me stand up
I wrote back like: Yeah, baby, sound like a plan
Still tryna play it cool, sound like the man
But I was scared to death, my nigga, my stomach turnin'
Talkin' shit knowin' damn well I was a virgin, fuck

And I ain't never did this before, no
And I ain't never did this before, no
And I ain't never did this before, no
And I ain't never did this before, no
And I ain't never did this before, no
I ain't never did this before, no
And I ain't never did this before, no
And I ain't never did this before, no

Yeah, you know that feelin' when you
Know you finna bone for the first time?
I'm hopin' that she won't notice it's my first time
I'm hopin' that my shit is big enough to fuck wit'
And most of all, I'm prayin': God, don't let me bust quick
I'm watchin' pornos, tryna see just how to stroke right
Practice puttin' condoms on, how it go, right?
I'm in her crib, now a nigga palm sweatin'
With a pocket full of rubbers and an erection
That's when my hands start touchin' and her face start blushin'
And a nigga roll over on top
And then she get my pants unbuckled and her hands start rubbin' on me
Ooh, girl, don't stop, it's time for action
Pull out the condoms real smooth, yeah, just how I practiced
But right before I put it in, she flinched and grabbed it and said
I wanna get somethin' off my mental
I can tell you're a pro, but, baby, be gentle, 'cause

'Cause I ain't never did this before, no
And I ain't never did this before, no
And I ain't never did this before, no
And I ain't never did this before, no
And I ain't never did this before, no
I ain't never did this before, no
And I ain't never did this before, no
And I ain't never did this before, no",0.041059356182813644,0.0338936522603035,0.09215866029262543,0.07126118242740631,0.04161764308810234,0.38872605562210083,0.33128342032432556,6,0,175.91,0.71,0.58
J. Cole,Work Out,"(I wanna see you work for me, work out for me)

Hey, we got a good thing
Don't know if I'm a see you again
But is that a good thing?
Cause girl I can't be your man, no ma'am
I know what's on your brain
You're probably hoping never would end
Like is it the real thing
Or is it just a one night stand

Let me see you get high and go low
Now girl won't you drop that thing down to the floor
I'm here for one night, how far would you go?
I wanna see you work out for me, work out for me

High and go low
Now girl won't you drop that thing down to the floor
I'm here for one night, how far would you go?
I wanna see you work out for me, work out for me

[Verse 1:]
She like them bar with the big old chains
Ride around town in the big old Range
I knew her when I riding big old chains
Now the little nigga doing big old things
Would you look at that, I came back for her
Just to give it to her, like you asked for it
Man that thing in them jeans too fat for her
It rebounds so I caught it off the backboard
I told her, baby girl come here
Know I run the town even when I ain't from there
And I brag hardly but just to show up at this party I made
What your nigga make in one year, that's unfair but
So is life, take a chance roll a dice
Money can't buy you love cause it's over priced
Don't overthink just hope it's right
I'm only here for the night

Hey, we got a good thing
Don't know if I'm a see you again, see you again
But is that a good thing?
Cause girl I can't be your man, no ma'am
I know what's on your brain
You're probably hope it never would end
Like is it the real thing
Or is it just a one night stand
Well then

Let me see you get high and go low
Now girl would you drop that thing down to the floor
I'm here for one night, how far would you go?
I wanna see you work out for me, work out for me

High and go low
Now girl won't you drop that thing down to the floor
I'm here for one night, how far would you go?
I wanna see you work out for me, work out for me

[Verse 2: J Cole]
Carolina blue kicks, fresh on the scene
Hottest nigga on the block, damn girl you mean
They be starting shit, but it's your world
On my Martin shit, you go girl
She bad and you know it, some niggas save Hoes
I'm not that heroic
Could you be my escort
Cause just like them two door Fords
Damn, they don't make 'em like you no more
Cole World, real Cole World
Them boys cool, me I'm on fire
Know what's on my mind, tryna see what's on yours tonight
Tonight, tonight
Move slow, cause you wanna live fast
Up late so you probably skip class
Life is a test so before the night pass get right
Get right

Hey, we got a good thing
Don't know if I'm a see you again, see you again
But is that a good thing?
Cause girl I can't be your man, no ma'am
I know what's on your brain
You're probably hoping it never would end
Like is it the real thing or is just a one night stand
Well then

(Cole World)

Straight up, now tell me do you really wanna love me forever
Oh, oh, oh
Or is it just a hit and run

(Well, hey)

Straight up I tell ya I just really wanna cut when we together
Oh, oh, oh
Come here girl, let's get it on

(Work out for me, work out for me)

Straight up now tell me do you really wanna love me forever?
Oh, oh, oh
Or is it just a hit and run

Well, Straight up I tell ya I just really wanna cut when were together
Oh, oh, oh
Come here girl let's get it on

(Work out for me, work out for me)",0.14214834570884705,0.16937366127967834,0.38411659002304077,0.15289226174354553,0.028492650017142296,0.0796164721250534,0.04335999861359596,2,1,93.0,0.43,0.22
J. Cole,MIDDLE CHILD,"You good, T-Minus?

Niggas been countin' me out
I’m countin' my bullets, I'm loadin’ my clips
I'm writin' down names, I'm makin' a list
I'm checkin' it twice and I'm gettin’ ’em hit
The real ones been dyin', the fake ones is lit
The game is off balance, I’m back on my shit
The Bentley is dirty, my sneakers is dirty
But that's how I like it, you all on my dick

I'm all in my bag, this hard as it get
I do not snort powder, I might take a sip
I might hit the blunt, but I'm liable to trip
I ain’t poppin' no pill, but you do as you wish
I roll with some fiends, I love 'em to death

I got a few mil' but not all of them rich
What good is the bread if my niggas is broke?
What good is first class if my niggas can't sit?
That's my next mission, that's why I can't quit
Just like LeBron, get my niggas more chips
Just put the Rollie right back on my wrist
This watch came from Drizzy, he gave me a gift
Back when the rap game was prayin' I'd diss
They act like two legends cannot coexist
But I'd never beef with a nigga for nothin'
If I smoke a rapper, it's gon' be legit
It won't be for clout, it won't be for fame
It won't be 'cause my shit ain't sellin' the same
It won't be to sell you my latest lil' sneakers
It won't be 'cause some nigga slid in my lane
Everything grows, it's destined to change
I love you lil' niggas, I'm glad that you came
I hope that you scrape every dollar you can

I hope you know money won't erase the pain
To the OGs, I'm thankin' you now
Was watchin' you when you was pavin' the ground
I copied your cadence, I mirrored your style
I studied the greats, I'm the greatest right now
Fuck if you feel me, you ain't got a choice
Now I ain't do no promo, still made all that noise
This shit gon' be different, I set my intentions
I promise to slap all that hate out your voice

Niggas been countin' me out
I'm countin' my bullets, I'm loadin' my clips
I'm writin' down names, I'm makin' a list
I'm checkin' it twice and I'm gettin' 'em hit
The real ones been dyin', the fake ones is lit
The game is off balance, I'm back on my shit
The Bentley is dirty, my sneakers is dirty

But that's how I like it, you all on my dick

I just poured somethin' in my cup
I've been wantin' somethin' I can feel
Promise I am never lettin' up
Money in your palm don't make you real
Foot is on their neck, I got 'em stuck
I'ma give 'em somethin' they can feel
If it ain't 'bout the squad, don't give a fuck
Pistol in your hand don't make you real

I'm dead in the middle of two generations
I'm little bro and big bro all at once
Just left the lab with young 21 Savage
I'm 'bout to go and meet Jigga for lunch
Had a long talk with the young nigga Kodak
Reminded me of young niggas from 'Ville
Straight out the projects, no fakin', just honest

I wish that he had more guidance, for real
Too many niggas in cycle of jail
Spending they birthdays inside of a cell
We coming from a long bloodline of trauma
We raised by our mamas, Lord we gotta heal
We hurting our sisters, the babies as well
We killing our brothers, they poisoned the well
Distorted self image, we set up to fail
I'ma make sure that the real gon' prevail, nigga

I just poured somethin' in my cup
I've been wantin' somethin' I can feel
Promise I am never lettin' up
Money in your palm don't make you real
Foot is on their neck, I got 'em stuck
I'ma give 'em somethin' they can feel
If it ain't 'bout the squad, don't give a fuck
Pistol in your hand don't make you real

Money in your palm don't make you real
Pistol in your hand don't make you real
Money in your palm don't make you real",0.0153805585578084,0.007020715158432722,0.05279387906193733,0.062292326241731644,0.016953038051724434,0.20131908357143402,0.6442404389381409,8,1,126.02,0.48,0.51
J. Cole,She Knows,"She knows, she knows
Oh I, oh I-I-I
Alright
Oh I, oh I-I-I
Alright

Damned if I do, damned if I don't
You know I got a girl back home
You got a man what you want, what you want
What these bitches want from a nigga
That's some DMX shit
I know them other niggas love tricking
ON some BMX shit, but not me
Now I'm sure you done heard about me
A black star, Mos Def, Kweli
Good southern bad hoes try me, they try me
This is Martin Luther King in the club
Getting dubs, with a bad bitch
In his ear sayin' she down for whatever
In the back of his mind is Coretta

She knows, she knows
And I know she knows, and I know she knows
And deep down she knows, she knows
And I know she knows, and I know she knows
Well alright
Oh I, oh I-I-I
I can't give you what you want from me
Well alright
Oh I, oh I-I-I
Well alright

Damned if I do, Damned if I don't
I'm passing up on bad hoes, trying to be the man that she want
What she want, what she want from a nigga
To put a ring on it
Got a bitch on my dick right now
And She just want to sing on it
Got me up so high, trying to get a piece of that apple pie
I be up so high, trying to get a piece of that apple pie
Dance on fire, with my pants on fire
Cause I told her I was sleeping
Cause I creep with this pretty young thing I chose
That she could be doing the same thing I suppose

She knows, she knows
And I know she knows, and I know she knows
And deep down she knows, she knows
And I know she knows, and I know she knows
Well alright
Oh I, oh I-I-I
I can't be what you want from me
Well alright
Oh I, oh I-I-I
I can't be what you want from me
Well alright

Niggas say turn up, hoes say turn
Only bad thing about a star is they burn up

Rest in peace to Aaliyah
Rest in peace to Left Eye
Michael Jackson I'll see ya
Just as soon as I die

Got me up so high, trying to get a piece of that apple pie
I be up so high, trying to get a piece of that apple pie
Got me up so high, trying to get a piece of that apple pie
I be up so high, trying to get a piece of that apple pie

Well alright
Oh I, oh I-I-I
I can't give you what you want from me
Well alright
Oh I, oh I-I-I
Well alright",0.015035961754620075,0.006501078139990568,0.049351975321769714,0.01506668608635664,0.13454623520374298,0.494851291179657,0.2846467196941376,1,1,118.01,0.74,0.18
J. Cole,Power Trip,"Got me up all night
All I'm singing is love songs
She got me up all night
Constant drinkin' and love songs
She got me up all night
Down and out with these love songs
She got me up all night
Drowning out with these love songs

She got me up all night
All I'm singing is love songs
She got me up all night, yeah
Constant drinkin' and love songs
She got me up all night
Down and out with these love songs

She got me open all night
Got me open all night, hey

Okay, back when I was sleepin' in my mama's crib
Even back then when I was up there in Mohammed's crib
Payin' seventeen-hundred for the rent, money well spent
No heater, but a nigga made heat, may I vent?
Had a thing for you, even wrote the song Dreams' for you
Cause I had dreams for you, thoughts of a ring for you
Childish shit, you know childish shit
Anonymous flowers sent, you know coward shit
Now a nigga signed to Hov, took a power trip
Back home I'm grown now, and this city's my throne now
The same clubs that I used to get tossed out
Life got crisscrossed, totally crossed out
Cause now I'm in this bitch and I'm totally bossed out
Old chicks cryin' cause they know that they lost out
But I'm still on you, still on you
My drink spill on me while I feel on you

Would you believe me if I said I'm in love?
Baby, I want you to want me
Would you believe me if I said I'm in love?
Baby, I want you
And we are, we are, we are
Got me up all night
And we are, we are, we are
All I'm singin' is love songs
And we are, we are, we are
Got me up all night
And we are, we are, we are
And we are, we are, we are
She got me

Well this has got to be the longest crush ever
If I ever get to f*ck, it'll be the longest bust ever
Love is a drug like the strongest stuff ever
But f*ck it, I'm on one  you feel me?
She on a power trip, she got me where she want a nigga
Wifin' in the club and my homies gon' disown a nigga
Like  give me twenty dollars, dollars
That's stupid, how'd you get to college, college?
I'm in your city and I'm wonderin' if you're home now
Went and found a man, but I'm hopin' you alone now
Can't help but feel like I dropped the ball, cliché
I used to pop up on you at the mall each day
Typically, I kick game like East Bay
But you got a nigga freeze framed, yellin' please play
For Pete's sake, homie, get it together
Just f*ck her one time and be through with forever
But

Would you believe me if I said I'm in love?
Baby, I want you to want me
Would you believe me if I said I'm in love?
Baby, I want you
And we are, we are, we are
Got me up all night
And we are, we are, we are
All I'm singin' is love songs
And we are, we are, we are
Got me up all night
And we are, we are, we are
And we are, we are, we are
She got me

She got me up all night
All I'm singin' is love songs
She got me up all night
Constant drinkin' and love songs
She got me up all night
Down and out with these love songs
She got me up all night
Drownin' out with these love songs
She got me up all night
All I'm singin' is love songs
She got me up all night
Constant drinkin' and love songs
She got me up all night
Down and out with these love songs
She got me open all night
She got me open all night",0.11238396912813187,0.18777982890605927,0.4008329212665558,0.1575147807598114,0.02530287392437458,0.09601917117834091,0.020166367292404175,1,1,99.99,0.61,0.48
J. Cole,m y . l i f e,"Oh, you came there, God
Yeah, yeah, yeah, yeah
Oh, Lord
No matter how, no matter how long it take, yeah
No matter how long it take, nigga
Oh, God, yeah
You better be

Spiralin' up, just like a rich nigga staircase (Spiral up)
No fly zone, please stay the fuck out my airspace (Out my face)
Niggas say things behind backs that they wouldn't dare say (Dare say)
Know it's on sight when I see you, I'm workin' at Squarespace
Yeah, top of the mornin', I know that you thought I was dormant
Woke up early from shots that were swarmin'
A block full of opps, now the cops in an orbit
Guess somebody got popped, now thеy knockin' on doors
Tryna find an informant but I ain't see nathin'
I'm mindin' my business as God is my witness
No weapon gon' prospеr that’s formin' against me
Nigga, I'm starvin', immensely
Know when I'm done with these songs, you gon' miss me
Ja Morant, I'm on my Grizzly
You niggas just cubs but no, not the ones in the big leagues
After The Fall Off, I promise I'm comin' to sellin' out Wrigley's
Nigga, I'm just a product of poverty, full of narcotics to profit off quickly
My family tree got a history of users that struggle with demons
Not really the hustler instincts
Therefore, often, my pockets was empty
So while some of my partners was servin' up rocks on the corners, the project assemblies
Me, I was startin' to envy, wanna be on the top where it's plenty
Wanna be in the spot like where every bitch want me like Rihanna droppin' new Fenty
What I see in the sky, the 'Ville is the ceilin', can't reach up too high, evidently
Nah, shit, I can't reach up too high, evidently
Never seen no one drivin' a Bentley
I can't be out here moppin' up Wendys

My life is all I have
My rhymes, my pen, my pad
And I done made it out the struggle, don't judge me
What you sayin' now won't budge me
'Cause where I come from (Come from), so often (So often)
People you grow up with layin' in a coffin
But I done made it through the pain and strife
It's my time now, my world, my life, my life

Say what? The stuff that I've seen got me traumatized
I let the K go when Johnny died
Swangin' that muhfucka' side to side
We don't participate, ain't with that squashin' shit, all we believe in is homicide
I got a good heart, so I send teddy bears every time we make they mommas cry
I pray that my past ain't ahead of me (21)
When I'm in love, I love heavily (On God)
If you betray me, you dead to me (21)
I disrespect you respectfully (Straight up)
I got some partners who left this Earth
Maybe the pain made a better me (On God)
Just know that they secrets is kept with them (On God)
I feel like the streets is in debt with me (Straight up)
I gave my heart away to all the dawg hoes 'cause that's who accepted me (21)
I blame my pops for that shit 'cause if he didn't fail, he could've corrected me (21)
Give all the props to my momma 'cause no matter what, she always protected me (On God)
I promise you, it ain't no checkin' me (On God)
Jump in the water, get wet with me (Straight up, 21, 21)
You want my money or wanna have sex with me?
Can't let the opps or the law get the best of me
I get to answerin', you get to textin' me
I see chicken, you niggas is breast to me
Planted a seed but it ain't a sesame
Can't let you niggas or bitches grow next to me

My life is all I have
My rhymes, my pen, my pad
And I done made it out the struggle, don't judge me
What you sayin' now won't budge me
'Cause where I come from (Come from), so often (So often)
People you grow up with layin' in a coffin
But I done made it through the pain and strife
It's my time now, my world, my life, my life",0.06194775551557541,0.015415185131132603,0.07857459038496017,0.0351199135184288,0.07486895471811295,0.3212578296661377,0.4128156900405884,7,0,140.02,0.59,0.08
J. Cole,Love Yourz,"No such thing as a life that's better than yourz
No such thing as a life that's better than yourz
(Love yourz)
No such thing as a life that's better than yourz
No such thing, no such thing

Heart beatin' fast, let a n*gga know that he alive
Fake niggas mad, snakes in the grass let a nigga know that he arrive
Don't be sleepin' on you lover cause its beauty in the struggle n*gga",0.0023418976925313473,0.01367300096899271,0.027089206501841545,0.01595553755760193,0.08689171820878983,0.8389938473701477,0.015054909512400627,8,1,75.58,0.62,0.4
Post Malone,Circles,"Hey, hey, hey, hey
Oh,  oh, oh-oh
Oh,  oh, oh-oh
Oh, oh, oh-oh, oh

We couldn't turn around
'Til  we were upside down
I'll  be the bad guy now
But no, it ain't too hard
I  couldn't be there
Even when I try
You don't believe it
We do this every time

Seasons  change and our love went cold
Feed the flame 'cause we can't let it go

Run away but we're running in circles
Run away, run away
I dare you to do something
I'm waiting on you again, so I don't take the blame
Run away but we're running in circles
Run away, run away, run away, oh

I got a feeling it's time to let go
If you say so
I knew that this was new for me, ayy
You thought that it was special, special
But it was just the sex though, the sex though
And I still hear the echoes (The echoes)
I got a feeling that it's time to let it go, let it go

Seasons change and our love went cold

Feed the flame 'cause we can't let it go
Run away but we're running in circles
Run away, run away
I dare you to do something
I'm waiting on you again, so I don't take the blame
Run away but we're running in circles
Run away, run away, run away

Maybe you don't understand what I'm going through
It's only me, what you got to lose?
Make up your mind, tell me what are you gonna do
It's only me, let it go

Seasons change and our love went cold
Feed the flame 'cause we can't let it go
Run away but we're running in circles
Run away, run away

I dare you to do something
I'm waiting on you again, so I don't take the blame
Run away but we're running in circles
Run away, run away, run away",0.10365032404661179,0.18336859345436096,0.17026236653327942,0.1649201363325119,0.19518201053142548,0.1385965198278427,0.04402005672454834,0,1,120.04,0.76,0.55
Post Malone,rockstar,"Hahahahaha
Tank God Beats

[Post Malone]
Ayy, I've been fuckin' hoes and poppin' pillies
Man, I feel just like a rockstar (star)
Ayy, ayy, all my brothers got that gas
And they always be smokin' like a Rasta
Fuckin' with me, call up on a Uzi
And show up, man them the shottas
When my homies pull up on your block
They make that thing go grrra-ta-ta-ta (pow, pow, pow)

[Post Malone]
Ayy, ayy, switch my whip, came back in black

I'm startin' sayin', ""Rest in peace to Bon Scott""
Ayy, close that door, we blowin' smoke
She ask me light a fire like I'm Morrison
Ayy, act a fool on stage
Prolly leave my fuckin' show in a cop car
Ayy, shit was legendary
Threw a TV out the window of the Montage
Cocaine on the table, liquor pourin', don't give a damn
Dude, your girlfriend is a groupie, she just tryna get in
Sayin' ""I'm with the band""
Ayy, ayy, now she actin' outta pocket
Tryna grab up on my pants
Hundred bitches in my trailer say they ain't got a man
And they all brought a friend
Yeah, ayy

[Post Malone]
Ayy, ayy, I've been fuckin' hoes and poppin' pillies
Man, I feel just like a rockstar (star)
Ayy, ayy, all my brothers got that gas
And they always be smokin' like a Rasta
Fuckin' with me, call up on a Uzi
And show up, man them the shottas
When my homies pull up on your block
They make that thing go grrra-ta-ta-ta (pow, pow, pow)

[21 Savage]
I've been in the Hills fuckin' superstars
Feelin' like a popstar (21, 21, 21)
Drankin' Henny, bad bitches jumpin' in the pool
And they ain't got on no bra (bra)

Hit her from the back, pullin' on her tracks
And now she screamin' out ""no mas"" (yeah, yeah, yeah)
They like ""Savage, why you got a 12 car garage
And you only got 6 cars?"" (21)
I ain't with the cakin', how you kiss that? (kiss that?)
Your wifey say I'm lookin' like a whole snack (big snack)
Green hundreds in my safe, I got old racks (old racks)
L.A. bitches always askin' ""Where the coke at?"" (21, 21)
Livin' like a rockstar, smash out on a cop car
Sweeter than a Pop-Tart, you know you are not hard
I done made the hot chart, 'member I used to trap hard

Livin' like a rockstar, I'm livin' like a rockstar

[Post Malone & 21 Savage]
Ayy, I've been fuckin' hoes and poppin' pillies
Man, I feel just like a rockstar (star)
Ayy, ayy, all my brothers got that gas
And they always be smokin' like a Rasta (yeah, yeah, yeah, yeah)
Fuckin' with me, call up on a Uzi
And show up, man them the shottas
When my homies pull up on your block
They make that thing go grrra-ta-ta-ta (grrra-ta-ta-ta)

[Post Malone]
Star, star, rockstar, rockstar, star
Rockstar

Rockstar, feel just like a rock...
Rockstar
Rockstar
Rockstar
Feel just like a...",0.05815858021378517,0.3067316710948944,0.4203369915485382,0.028834424912929535,0.017182154580950737,0.07438352704048157,0.09437274187803268,5,0,159.8,0.52,0.13
Post Malone,Congratulations,"Mm-mmm
Yeah, yeah
Mm-mmm
Yeah

My momma called, seen you on TV, son
Said shit done changed ever since we was on
I dreamed it all ever since I was young
They said I wouldn't be nothing
Now they always say congratulations
Worked so hard, forgot how to vacation
They ain't never had the dedication
People hatin', say we changed and look, we made it
Yeah, we made it

They was never friendly, yeah
Now I'm jumping out the Bentley, yeah
And I know I sound dramatic, yeah
But I know I had to have it, yeah
For the money, I'm a savage, yeah
I be itching like a addict, yeah
I'm surrounded, twenty bad bitches, yeah
But they didn't know me last year, yeah
Everyone wanna act like they important
(Yeah, yeah, yeah, yeah, yeah, yeah)
But all that mean nothing when I saw my dog
(Yeah, yeah, yeah, yeah, yeah, yeah)
Everyone counting on me, drop the ball
(Yeah, yeah, yeah, yeah, yeah, yeah)
Everything costing like I'm at the bottom, yeah, yeah
If you fuck with winning, put your lighters to the sky

How could I make sense when I got millions on my mind?
Coming with that bullshit, I just put it to the side
Balling since a baby, they could see it in my eyes

My momma called, seen you on TV, son
Said shit done changed ever since we was on
I dreamed it all ever since I was young
They said I wouldn't be nothing
Now they always say congratulations
Worked so hard, forgot how to vacation
They ain't never had the dedication
People hatin', say we changed and look we made it
Yeah, we made it

I was patient, yeah, oh

I was patient, aye, oh
Now I can scream that we made it
Now everyone, everywhere I go, they say 'gratulations
Young nigga, young nigga, graduation
I pick up the rock and I ball, baby
I'm looking for someone to call, baby
But right now, I got a situation
Nothing but old Ben-Ben Franklins
Big rings, champagne
My life is like a ball game
But instead, I'm in the trap though
Pot so big, call it Super Bowl
Super Bowl, call the hoes, get in the Rolls
Top-floor lifestyle, Huncho and Post
Malone, I got a play on my phone, aye
You know what I'm on, aye
Huncho Houdini is gone, aye

My momma called, seen you on TV, son
Said shit done changed ever since we was on
I dreamed it all ever since I was young
They said I wouldn't be nothing
Now they always say congratulations
Worked so hard, forgot how to vacation
They ain't never had the dedication
People hatin', say we changed and look we made it
Yeah, we made it

(Hey, hey
Hey, hey
Hey, hey
Hey, hey)",0.39721548557281494,0.049009084701538086,0.3518613874912262,0.12949563562870026,0.02339683286845684,0.024276940152049065,0.024744637310504913,6,1,123.15,0.8,0.49
Post Malone,Better Now,"You probably think that you are better now, better now
You only say that 'cause I'm not around, not around
You know I never meant to let you down, let you down
Woulda gave you anything, woulda gave you everything
You know I say that I am better now, better now
I only say that 'cause you're not around, not around
You know I never meant to let you down, let you down
Woulda gave you anything, woulda gave you everything

I did not believe that it would end, no
Everything came second to the Benz oh
You're not even speaking to my friends, no
You knew all my uncles and my aunts though
Twenty candles, blow 'em out and open your eyes
We were looking forward to the rest of our lives
Used to keep my picture posted by your bedside
Now it's in your dresser with the socks you don't like
And I'm rollin', rollin', rollin', rollin'
With my brothers like it's Jonas, Jonas
Drinkin' Henny and I'm tryna forget
But I can't get this shit outta my head

You probably think that you are better now, better now
You only say that 'cause I'm not around, not around
You know I never meant to let you down, let you down
Woulda gave you anything, woulda gave you everything
You know I say that I am better now, better now
I only say that 'cause you're not around, not around
You know I never meant to let you down, let you down
Woulda gave you anything, woulda gave you everything

I seen you with your other dude
He seemed like he was pretty cool
I was so broken over you
Life it goes on, what can you do?
I just wonder what it’s gonna take
Another foreign or a bigger chain
Because no matter how my life has changed
I keep on looking back on better days

You probably think that you are better now, better now
You only say that 'cause I'm not around, not around
You know I never meant to let you down, let you down
Woulda gave you anything, woulda gave you everything
You know I say that I am better now, better now
I only say that 'cause you're not around, not around
You know I never meant to let you down, let you down
Woulda gave you anything, woulda gave you everything
Oh-oh

I promise
I swear to you I'll be okay
You're only the love of my life

You probably think that you are better now, better now
You only say that 'cause I'm not around, not around
You know I never meant to let you down, let you down
Woulda gave you anything, woulda gave you everything
You know I say that I am better now, better now
I only say that 'cause you're not around, not around
You know I never meant to let you down, let you down
Woulda gave you anything, woulda gave you everything
Oh-oh",0.05092165619134903,0.09030088037252426,0.5498623251914978,0.06558798998594284,0.026646649464964867,0.1578526645898819,0.058827854692935944,10,1,145.04,0.58,0.34
Post Malone,Wow.,"Said she tired little money, need a big boy
Pull up 20 inch blades like I'm Lil' Troy
Now it's everybody flockin', need a decoy
Shawty mixin' up the Vodka with the LaCroix, yeah
G-Wagen, G-Wagen, G-Wagen, G-Wagen
All the housewives pullin' up (Up, up)
I got a lot of toys, 720S bumpin' Fall Out Boy
You was talkin' shit in the beginnin' (Mm-mm)
Back when I was feelin' more forgivin' (More forgivin')
I know it piss you off to see me winnin' (See me)
See the igloo in my mouth and I be grinnin' (I be grinnin'), yeah

Hunnid bands in my pocket, it's on me
Hunnid deep when I roll like the army
Get more bottles, these bottles are lonely
It's a moment when I show up, got 'em sayin', ""Wow"" (Wow, wow)
Hunnid bands in my pocket, it's on me (On me)
Yeah, your grandmama probably know me (Know me)
Get more bottles, these bottles are lonely
It's a moment when I show up, got 'em sayin', ""Wow"" (Wow, wow)

Everywhere I go (Hey)
Catch me on the block like I'm Mutumbo (Wow)
750 Lambo in the Utah snow (Skrrt)
Trunk in the front like the shit don't bore ya
Cut the roof off like a nip-tuck
Pull up to the house with some big bucks
Turn the kitchen counter to a strip-club (Yeah, wow)
Me and Dre came for the...
When I got guap, all of y'all disappeared (Wow)
Before I dropped Stoney none of y'all really cared (Cared)
Now they always say, ""Congratulations,"" to the kid (Kid)
And this is not a 40, but I'm pourin' out this shit (Yeah)
Used to have a lot, but I got more now (Yup)
Made another hit 'cause I got bored now (Yup)
Always go for it, never punt fourth down
Last call, Hail Mary, Prescott touchdown, ayy

Hunnid bands in my pocket, it's on me (On me)
Hunnid deep when I roll like the army (Hey)
Get more bottles, these bottles are lonely
It's a moment when I show up, got 'em sayin', ""Wow"" (Wow, wow)
Hunnid bands in my pocket, it's on me (Yeah, yeah)
Yeah, your grandmama probably know me (Yeah, yeah)
Get more bottles, these bottles are lonely
It's a moment when I show up, got 'em sayin', ""Wow""

Got 'em sayin', ""Wow""
Ayy, wow
Wow",0.1602160930633545,0.1256667822599411,0.6062023639678955,0.04959813877940178,0.006398521363735199,0.03496938571333885,0.016948672011494637,11,0,99.96,0.54,0.39
Post Malone,White Iverson,"Double OT
I'm a new three

Saucin', saucin', I'm saucin' on you
I'm swaggin', I'm swaggin', I'm swaggin' oh ooh
I'm ballin', I'm ballin', Iverson on you
Watch out, watch out, watch out, yeah
That's my shot, that's my shot, that's my shot yeah
Spendin', I'm spendin' all my fuckin' pay

I got me some braids and I got me some hoes
Started rockin' the sleeve, I can't ball with no Jordans
You know how I do it, Concords on my toes
(This shit is hard)
I ain't rich yet, but you know I ain't broke, I
So if I see it, I like it, buy that from the store, I
I'm with some white girls and they lovin' the coca
Like they're OT
Double OT like I'm KD, smokin' OG
And you know me, in my 2-3s and my gold teeth
Bitch I'm smiling, bet you see me from the nosebleeds
I'm the new 3 and I change out to my new 3s

White Iverson
When I started ballin' I was young
You gon' think about me when I'm gone
I need that money like the ring I never won, I won

Saucin', saucin', I'm saucin' on you
I'm swaggin', I'm swaggin', I'm swaggin' oh ooh
I'm ballin', I'm ballin', Iverson on you
Watch out, watch out, watch out, yeah
That's my shot, that's my shot, that's my shot yeah
Spendin', I'm spendin' all my fuckin' pay

Cigarettes and a headband
Commas, commas in my head, man
Slumped over like a dead man
Red and black, 'bout my bread, man
I'm the answer, never question
Lace up, learn a lesson
Bitch I'm saucin', I do this often, don't do no talkin'
My options right when I walk in, jump all them Jordans
I'm ballin', money jumpin'
Like I'm Davis from New Orleans
Or bitch I'm Harden, I don't miss nothin'
Fuck practice, this shit just happens, know y'all can't stand it
I have it, I'll never pass it, I work my magic
High average, ball on these bastards, it makes me happy
It's tragic, I make it happen, and all y'all Shaqtin'

White Iverson
When I started ballin' I was young
You gon' think about me when I'm gone
I need that money like the ring I never won, I won

Saucin', saucin', I'm saucin' on you
I'm swaggin', I'm swaggin', I'm swaggin' oh ooh
I'm ballin', I'm ballin', Iverson on you
Watch out, watch out, watch out, yeah
That's my shot, that's my shot, that's my shot yeah
Spendin', I'm spendin' all my fuckin' pay",0.019534911960363388,0.034808576107025146,0.16674001514911652,0.029449965804815292,0.6030104756355286,0.1176299899816513,0.02882603369653225,7,1,130.1,0.56,0.31
Post Malone,I Like You,"(Ooh, ooh, oh)
(Ooh, ooh)

Ooh, girl, I like you, I do
I wanna be your friend, go shoppin' in the Benz
I like you, I do
I'll hit you when I land, can you fit me in your plans?
I like you, I do
We went to bed in France, then we woke up in Japan
I like you, I do, mmm

Oh, girl, I know you only like it fancy (Fancy)
So, I pull up in that Maybach Candy
Yeah, your boyfriend'll never understand me (Understand)
'Cause I'm 'bout to pull his girl like a hammy, hammy (Wow)
Let's take a lil' dip, lil' lady
Hit PCH, 180
Hey, I've been thinkin' lately
That I need someone to save me
Now that I'm famous, I got hoes all around me
But I need a good girl, I need someone to ground me
So, please be true, don't fuck around with me
I need someone to share this heart with me
Fill you up, then run it back again (Run it back again)

Ooh, girl, I like you, I do (I do)
I wanna be your friend, go shoppin' in the Benz
I like you, I do (I do)
I'll hit you when I land, can you fit me in your plans?
I like you, I do (I do)
We went to bed in France, then we woke up in Japan
I like you, I do, mmm, I do (Ooh, ooh, ooh)

Let me know when you free
'Cause I been tryna hit it all week, babe
Why you actin' all sweet?
I know that you want little ole me
I get a little OD
But ain't shit new to a freak
Let me drop bands, put a jewel in ya teeth
He love the way I drip, turn that pool to the beach
And I coulda copped a Birkin but I cop Celine
Why we got the same taste for the finer things?
Brand new nigga with the same old team
Now he got me on a leash 'cause he said no strings

You know I'm cool with that
Stole the pussy, you ain't get sued for that (Sued)
Wonder what a nigga might do for that?
I could be your Chaka, where Rufus at? (Where?)
80 in the Benz when that roof go back
They don't want to see us get too attached
I just gotta feelin' that we might be friends for a long, long time
You'on mind and you know I like you for that

Ooh, girl I like you, I do (I do)
I wanna be your friend, go shoppin' in the Benz
I like you, I do (I do)
I'll hit you when I land, can you fit me in your plans? (Tell me your plan)
I like you, I do (I do)
We went to bed in France, then we woke up in Japan
I like you, I do, mmm, I do (I do)

I just want you, I just want you
Your heart's so big, but that ass is huge
Just want you
Oh, baby, do you like me, too? Ooh, ooh

Girl I like you, I do (I do)
I wanna be your friend, go shoppin' in the Benz
I like you, I do, mmm, I do (I do)

(I like you)
(Don't want it now I'm with you)",0.09269370138645172,0.5608744621276855,0.169015571475029,0.09578324109315872,0.023170869797468185,0.027813026681542397,0.030649181455373764,5,1,100.96,0.67,0.47
Bad Bunny,DtMF,"Eh-eh, eh-eh, eh-eh, eh-eh

Otro sunset bonito que veo en San Juan
Disfrutando de todas esas cosas que extrañan los que se van (Van, van)
Disfrutando de noche' de esas que ya no se dan (Dan, dan)
Que ya no se dan (Dan)
Pero queriendo volver a la última vez
Y a los ojos te miré
Y contarte las cosas que no te conté (Te parece' a mi crush, jaja)
Y tirarte la' foto' que no te tiré (Acho, jura'o te ves bien linda, déjame tirarte una foto)
Ey, tengo el pecho pela'o, me dio una matá'
El corazón dándome patá'
Dime, baby, ¿dónde tú está'?
Pa' llegarle con Roro, Julito, Cristal
Roy, Edgar, Seba, Óscar, Dalnelly, Big J, tocando batá
Hoy la calle la dejamo' 'esbaratá
Y sería cabrón que tú me toque' el güiro
Yo veo tu nombre y me salen suspiro'
No sé si son petardo' o si son tiro'
Mi blanquita, perico, mi kilo
Yo estoy en PR, tranquilo, pero

Debí tirar más fotos de cuando te tuve
Debí darte más beso' y abrazo' las vece' que pude
Ey, ojalá que los mío' nunca se muden
Y si hoy me emborracho, pues que me ayuden
Debí tirar más foto' de cuando te tuve
Debí darte más beso' y abrazo' las veces que pude
Ojalá que los mío' nunca se muden
Y si hoy me emborracho, pues que me ayuden

Ey, hoy voy a estar con abuelo to'l día, jugando dominó
Si me pregunta si aún pienso en ti, yo le digo que no
Que mi estadía cerquita de ti ya se terminó, ya se terminó
Ey, que prendan la' máquina', voy pa' Santurce
Aquí todavía se da caña
Chequéate las babie', diablo, mami, qué dulce
Hoy yo quiero beber, beber, beber
Y hablar mierda hasta que me expulsen
'Toy bien loco ('Toy bien loco), 'toy bien loco ('Toy bien loco)
Cabrón, guía tú, que hasta caminando yo estoy que choco
'Toy bien loco ('Toy bien loco), 'toy bien loco ('Toy bien loco)
Vamo' a disfrutar, que nunca se sabe si nos queda poco
Debí tirar más f—

Gente, lo' quiero con cojone', los amo
Gracias por estar aquí, de verdad
Para mí e' bien importante que estén aquí
Cada uno de ustede' significa mucho para mí
Así que, vamo' pa' la foto, vengan pa'cá
Métase to'l mundo, to'l corillo, vamo'
Zumba

Ya Bernie tiene el nene y Jan la nena'
Ya no estamo' pa' la movie' y las cadena'
'Tamos pa' las cosa' que valgan la pena
Ey, pa'l perreo, la salsa, la bomba y la plena
Chequéate la mía cómo es que suena

Debí tirar más fotos de cuando te tuve
Debí darte más besos y abrazo' las veces que pude
Ojalá que los mío' nunca se muden
Y que tú me envíe' más nude'
Y si hoy me emborracho, que Beno me ayude",0.0848502367734909,0.03765866532921791,0.4703431725502014,0.03611424192786217,0.20424281060695648,0.06331702321767807,0.10347391664981842,7,0,136.02,0.13,0.03
Bad Bunny,NUEVAYoL,"¡Nueva Yol!

Si te quieres divertir con encanto y con primor
Solo tienes que vivir (¿Pa' dónde?) un verano en Nueva York (¡Nueva York!)
Si te quieres divertir con encanto y con primor (¿Pero qué es esto?)
Solo tienes que vivir (¿Y este frío?) un verano en Nueva York (Un ratito na' má')

Ey, ey, ey, 4 de julio, 4th de July
Ando con mi primo borracho, rulay
Los mío' en El Bronx saben la que hay
Con la nota en high por Washington Heights
Willie Colón, me dicen ""еl malo"", ey
Porque pasan los año' y sigo dando palo'
Vendiеndo disco' como cuadro' Frida Kahlo
El perico es blanco, sí, sí, el tusi rosita, eh, eh
No te confunda', no, no, mejor evita, ey
Un shot de cañita en casa de Toñita y PR se siente cerquita
Sí, sí, sí, como el campeonato, nadie me lo quita
The best, el mejor
Number one, the best, el mejor, ¿okey? ¡Puerto Rico!
¿Cómo Bad Bunny va a ser rey del pop, ey, con reggaetón y dembow?
Ey, con reggaetón y dembow, sí, con reggaetón y dembow
¿Cómo Bad Bunny va a ser rey del pop, ey, con reggaetón y dembow?
Me siento como el Lápiz en ""Capea El Dough""
Cuando yo nací, fue que nació el flow
De la'o a la'o, ping-pong
Un flow pesa'o, Big Pun
Con silenciador les robamo' las gata', James Bond, ey
Yo estoy en la mía, no tengo adversario, no
Con Los Yankee' y Los Met', Juan Soto
A correr, que otra ve' la sacamo' 'el estadio (Ey)

Si te quieres divertir con encanto y con primor
Solo tienes que vivir (Ya mismo nos vamo') un verano en Nueva— (Un ratito má', un ratito)

Shh, cuida'o, que nadie nos escuche
Shh, cuida'o, que nadie nos escuche
Shh, cuida'o, que nadie nos escuche
Shh, cuida—

Tú tiene' piquete, mami, yo también
Tú estás buena, yo estoy bueno también
Huelo rico y ando con los de cien
Si tú lo quiere', lo tiene' que mover
Tú tiene' piquete, mami, yo también
Tú estás buena, yo estoy bueno también
Huelo rico y ando con los de cien
Si tú lo quiere', lo tiene' que mover

Lo tiene' que move'-ve'-ve'-ve'-ve'-ve'-ve'-ve'-ve'-ve'-ve'-ve'
Lo tiene' que move'-ve'-ve'-ve'-ve'-ve'-ve'-ve'-ve'-ve'-ve'-ve'
Lo tiene' que move'-ve'-ve'-ve'-ve'-ve'-ve'-ve'-ve'-ve'-ve'-ve'
Lo tiene' que move'-ve'-ve'-ve'-ve'-ve'-ve'-ve'-ve'-ve'-ve'-ve'-ve'-ve'-ve'
Shh",0.01655016839504242,0.02268240414559841,0.11094435304403305,0.020369363948702812,0.7110099792480469,0.07346269488334656,0.044980961829423904,6,1,137.92,0.2,0.12
Bad Bunny,Tití Me Preguntó,"[Bad Bunny]
Ey

[Bad Bunny]
Tití me preguntó si tengo mucha' novia', mucha' novia'
Hoy tengo a una, mañana otra, ey, pero no hay boda
Tití me preguntó si tengo mucha' novia', je, mucha' novia'
Hoy tengo a una, mañana otra

[Bad Bunny]
Me la' vo'a llevar a to'a pa' un VIP, un VIP, ey
Saluden a Tití
Vamo' a tirarno' un selfie, say ""cheese"", ey

Que sonrían las que ya les metí
En un VIP, un VIP, ey
Saluden a Tití
Vamo' a tirarno' un selfie, say ""cheese""
Que sonrían las que ya se olvidaron de mí

[Bad Bunny]
Me gustan mucho las Gabriela
Las Patricia, las Nicole, las Sofía
Mi primera novia en kinder, María
Y mi primer amor se llamaba Thalía
Tengo una colombiana que me escribe to' los día'
Y una mexicana que ni yo sabía
Otra en San Antonio que me quiere todavía
Y las de PR que todita' son mía'
Una dominicana que es uva bombón
Uva, uva bombón
La de Barcelona que vino en avión

Y dice que mi bicho está cabrón
Yo dejo que jueguen con mi corazón
Quisiera mudarme con toda' pa' una mansión
El día que me case te envío la invitación
Muchacho, deja eso, ey

[Bad Bunny]
Tití me preguntó si tengo mucha' novia', mucha' novia'
Hoy tengo una, mañana otra, ey, pero no hay boda
Tití me preguntó si tengo mucha' novia', ey, ey, mucha' novia'
Hoy tengo una, mañana otra (Mañana otra; ¡rra!)

[Bad Bunny & Kiko El Crazy]
Tití me preguntó-tó-tó-tó-tó-tó-tó-tó
Tití me preguntó-tó-tó-tó-tó-tó-tó-tó (Qué pámpara)

Tití me preguntó-tó-tó-tó-tó-tó-tó-tó
Tití me preguntó-tó-tó-tó-tó (Pero ven acá, muchacho, ¿y para qué tú quiere' tanta' novia'?)

[Bad Bunny]
Me la' vo'a llevar a to'a pa' un VIP, un VIP, ey
Saluden a Tití
Vamo' a tirarno' un selfie, say ""cheese"", ey
Que sonrían las que ya les metí
En un VIP, un VIP, ey
Saluden a Tití
Vamo' a tirarno' un selfie, say ""cheese""
Que sonrían las que ya se olvidaron de mí

Oye, muchacho 'el diablo azaroso
Suelta ese mal vivir que tú tiene' en la calle
Búscate una mujer seria pa' ti

Chacho 'el diablo, coño
[Bad Bunny]
Yo quisiera enamorarme
Pero no puedo, pero no puedo, eh, eh
Yo quisiera enamorarme
Pero no puedo, pero no puedo

[Bad Bunny]
Sorry, yo no confío, yo no confío
Nah, ni en mí mismo confío
Si quiere' quedarte hoy que hace frío
Y mañana te va', nah
Muchas quieren mi baby gravy
Quieren tener mi primogénito, ey
Y llevarse el crédito
Ya me aburrí, hoy quiero un totito inédito, je
Uno nuevo, uno nuevo, uno nuevo, uno nuevo (Ey)
Hazle caso a tu amiga, ella tiene razón

Yo vo'a romperte el corazón, vo'a romperte el corazón
Ey, no te enamore' de mí (No, no)
No te enamore' de mí (No, no), ey
Sorry, yo soy así (Así, así), ey
No sé por qué soy así (Ey)
Hazle caso a tu amiga, ella tiene razón
Yo vo'a romperte el corazón, vo'a romperte el corazón (Ey, ey)
No te enamore' de mí (No)
No te enamore' de mí (No), no
Sorry, yo soy así
Ya no quiero ser así, no",0.06613236665725708,0.02634616754949093,0.620988130569458,0.03729843720793724,0.0817401111125946,0.04314889386296272,0.12434595078229904,5,0,106.67,0.72,0.19
Bad Bunny,BAILE INoLVIDABLE,"Pensaba que contigo iba a envejecer
En otra vida, en otro mundo podrá ser
En esta solo queda irme un día
Y solamente verte en el atardecer
Si me ven solo y triste, no me hablen
Si me ven solo y triste, soy culpable
La vida es una fiesta que un día termina
Y fuiste tú mi baile inolvidable
Y fuiste tú mi baile inolvidable
Eh-eh, eh-eh
Eh-eh, eh-eh

Mientras uno está vivo
Uno debe amar lo más que pueda

Pensaba que contigo iba a envejecer
En otra vida, en otro mundo podrá ser
En esta solo queda irme un día
Y ver pa'l cielo a ver si te veo caer
Si me ven solo y triste, no me hablen
Si me ven solo y triste, soy culpable
La vida es una fiesta que un día termina
Y fuiste tú mi baile inolvidable

No, no te puedo olvidar
No, no te puedo borrar
Tú me enseñaste a querer
Me enseñaste a bailar
No, no te puedo olvidar
No, no te puedo borrar
Tú me enseñaste a querer
Me enseñaste a bailar

Yeah-yeah-yeah-yeah, ey
Dime cómo le hago pa' olvidarte
Hay un paso nuevo que quiero enseñarte
En las noche' ya ni puedo dormir
Lo que hago es soñarte

No, no te puedo olvidar
No, no te puedo borrar
Tú me enseñaste a querer
Me enseñaste a bailar

Cómo tú me besabas, cómo yo te lo hacía
Cómo tú me mirabas, bellaquito me ponía
Se siente feo no tenerte cerquita
La nueva mama bien, pero no es tu boquita
Mi diabla, mi ángel, mi loquita
Mi diabla, mi ángel, mi loquita, ey

To' suena cabrón
Vamo' a hacerlo otra ve'
Como anoche, como anoche
Tan-tan, ta-na-na, ta-na-na
Aprieta, chamaquito, aprieta
¡Ahí, ahí, ahí, vamo' allá!

No, no te puedo olvidar
No, no te puedo borrar
Tú me enseñaste a querer
Me enseñaste a bailar

Ay, yo con cualquiera me puedo acostar
Pero no con cualquiera quiero despertar
Solo con usted, con usted
Yo bailo con usted, na' más con usted
Un beso donde estés, donde estés, bebé

No, no te puedo olvidar
No, no te puedo borrar
Tú me enseñaste a querer
Me enseñaste a bailar

Y yo tenía muchas novia'
Pero como tú, ninguna
Ya no tengo mi sol, me paso en la luna
Si te pienso, me tiro de una
Eh-eh, mi diabla, mi ángel, mi loquita
Mi diabla, mi ángel, mi loquita, eh-eh",0.005843729246407747,0.018401112407445908,0.051712002605199814,0.20203322172164917,0.22363968193531036,0.3990572988986969,0.09931295365095139,10,1,119.39,0.0,0.22
Bad Bunny,EoO,"Ella viene por ahí y nunca llega sola, so-so-so-so—
Ella nunca llega sola
To' los bandi-bandido' le sueltan las pistola', pa-pa-pa-pa—
Esta es noche lo que hay-hay-hay-hay-hay (dice)

Perreo, baby (sobeteo, baby)
Tra-tra, baby (hasta abajo, baby)
En la disco, baby (yo te cojo, baby)
Tra-tra, baby (tra-tra, baby)

Perreo, baby (sobeteo, baby)
Tra-tra, baby (hasta abajo, baby)
En la disco, baby (yo te cojo, baby)
Ey (tra-tra, baby), ey (tra-tra, baby)

Yo se la mamo y se pone contenta
Está wheeleá' y ya cumplió los 30
Después de las 12, no los cuenta
No la llame' en el jangueo si no quiere' que mienta

'Tás escuchando al número uno en venta'
Por eso con nosotro' nadiе inventa
Me siento como un bichotе en los 90
Lo tengo para'o, ven pa' que lo sienta'

Dale, mami, pégate (¡ah!), vírate
Si me mira' mucho, sabe' que voy a besarte
Dale, mami, pégate (¡ah!), vírate
Si te beso y me lo agarra', entonce' vo'a llevarte

Mira, puñeta, no me quiten el pe-pe-pe-pe-pe-pe-pe—

Mami, yo sé que tú te vuelve' loca cuando el perreo te azota
Pero obliga'o tú te acuerda' de mí si me ve' por ahí
Mami, yo sé que tú te vuelve' loca cuando el perreo te azota
Pero obliga'o tú te acuerda' de mí, de cuando te di

Perreo, baby, tra-tra, baby
En la disco, baby, vamo' a darle, baby
Hasta abajo, baby, no te quite', baby
Bellaqueo, baby, tú y yo solos, baby

Perreo, baby, tra-tra, baby
En la disco, baby, te lo meto, baby
Aquí mismo, baby, delante de tu baby
Te compro la BM y también el AP

Ey, te doy de'o bailando, mami, estoy testing (dale), ey
Tráete a tu bestie (uh), que a la do' le bajamo' el panty (tra)
Tiene a 20 en lista de waiting (dale)
Te lo tiro en la espalda, body painting (¡oh!)
Rompiendo la calle desde los twenty
Anda cazando, no está dating

Rompe la calle siempre que sale
Mami, tú 'tá fit, vo'a lamberte lo' abdominale'
Rompe la calle siempre que sale
Me gusta' porque tú y yo somo' iguale'

Siempre queremo' perreo, -eo
Tú y yo 'tamo envuelto' en el bellaqueo
Cuando nos ponen perreo, -eo, ey
No me ronquen, cabrone', que acá no lo' veo

'Tás escuchando música de Puerto Rico, cabrón
Nosotro' nos criamo' escuchando y cantando esto
En los caserío', en los barrio'
Desde los 90 hasta el 2000, por siempre
Y ando con el mejor de to' los tiempo, Tainy
Y yo no tengo que roncar, ustedes saben ya

Yeah-yeah-yeah-yeah, yeah-yeah-yeah-yeah
Bad Bunny, baby, Bad Bunny, baby, eh
Tainy, Tainy, Tainy, Tainy
Chequéate la historia",0.04420175030827522,0.2076978087425232,0.46430903673171997,0.11436727643013,0.09414703398942947,0.04742666706442833,0.027850518003106117,10,0,63.66,0.46,0.18
Bad Bunny,VOY A LLeVARTE PA PR,"(Acho, PR es otra cosa)

Yo la conocí en Miami, en Brickell
Ella sabe que aquí hay ticket
Quiere que yo se la aplique
Que, pa' casa, la trafique

Vo'a llevarte pa' PR, mami, pa' que vea' cómo es que se perrea
Tráete a tu amiga si te gusta la idea, dile que esta noche vamo' a janguear
Que rico la vamo' a pasar
Aquí nadie se va a casar, pero tú te va' a querer quedar

Ey, ey, aprovecha, quе estoy soltero (ay), single
Míramе mal si quiere' que te singue
Te vo'a llevar pa' PR to' el finde
Despué' de mí, va' a borrar Tinder

Y estoy suelto, mami, estoy suelto
Mírame ahora, perreando, un experto
Estoy suelto, mami, estoy suelto, ey, ey, ey

Hoy la calle está prendí'a, hookah, pastilla molí'a
Yo no pierdo tiempo, yo las cambio como Rosalía
La que me mira a los ojo' por cinco segundo', ya yo sé que es mía
¿Dónde están las mala'? Que son bienvení'a

'Toy puesto pa'l lío, dime si tú lía'
Tus amiga' y to' el corillo 'tán bien rica'
Pero ese culo tuyo, guau, sobresalía
Salimo' de la disco y estaba de día

Obviamente, salí con la que quería, ey
Que viva la putería
Dale pa'trá', pa'trá', tan-tan, chulería, ey

Dime si te va' a montar, pa' la isla tengo el portal
Bien borracho' los tre', baby, a las do' me las vo'a llevar
Oh, oh, me quiere besar, ja, yo que la puse mal

Tírate fotito' ahora
Porque ahorita te vo'a despeinar
Yeah-eh-eh-eh-eh

Vo'a llevarte pa' PR, mami, pa' que vea' cómo es que se perrea
Tráete a tu amiga si te gusta la idea, dile que esta noche vamo' a janguear
Que rico la vamo' a pasar
Aquí nadie se va a casar, pero tú te va' a querer quedar, yeah

Yeah, sí, sí
Esto es PR, mami
Aquí nací yo y el reggaeton, pa' que sepa'
Ey, ey, ey

Voy cazando y muero perreando
Voy cazando y muero perreando
Voy cazando y muero perreando
Que bailen toa' las gata', nos fuimo' algarete

'Tás escuchando el que más le mete
Dale, mami, suéltate el grillete
Ponte en cuatro, que te vo'a dar fuete
Ponte en cuatro, que te vo'a dar fue—",0.06397096067667007,0.06366867572069168,0.4508712887763977,0.061768174171447754,0.14261339604854584,0.15932568907737732,0.05778184160590172,7,1,106.3,0.6,0.0
Bad Bunny,Me Porto Bonito,"Yeah-yeah-yeah-yeah-yeah-yeah, ey
En la guagua se quedó el olor de tu perfume
Tú ere' una bellaca, yo soy un bellaco, eso e' lo que no' une
Ella sabe que está buenota y no la presumen
Si yo fuera tu gato, subiera una foto los vierne' y los lune' (So)

Pa' que to' el mundo vea lo rica que tú está', que tú está'
Contigo tengo que apretar
Y еn la calle ando suelto, pero por ti mе quito
Si tú me lo pides, yo me porto bonito
Y subo un selfie pa' que vean lo rica que tú está', que tú está'
Las otras tienen que apretar
En la calle ando suelto, pero por ti me quito
Si tú me lo pide', yo me porto bonito

Ey, ey
Tú no ere' bebecita, tú ere' bebesota
Frikitona, ma', se te nota
Le gustan los trío' cuando está en la nota
Si el novio no sirve, de una lo bota
Y wow, mami, dime dónde dejo el résume (Résume)
Sé que te dejaste hace un me' (Ey, ey)
Y de una de pecho me zumbé
Si quiere' te hago un bebé o te traigo la' plan B
Uff, mami, qué rica tú te ve'
Pa' los 2000 escuchaba RBD
Y ahora quiere perreo, toa' la noche en la pared
Te obsesiono, CBD

Mami, tú ere' élite (Ey), no te me limite' (Okey)
Déjame hacerte lo que amerite y te levite
Dale pa'l escondite (Ey), no te me arisque' (So)
Que aquí no van a poder llegar lo' satélite'
Mami, sube algo, dame contenido
Ese culo súbelo má' seguido
Me paso jangueando a ver si coincido, ey
Y por fin doy contigo
Mai, nuestra' bellaquera' nunca la' olvido
Ninguna como tú a mí me ha complacido
Tú cree' que a toda' siempre les digo lo mismo
Quiere chingar, pero no quiere na' fijo, ey
Pero en confianza me confiesa
Dice que nadie le interesa
Pero cuando sale, se pone traviesa (Ey)

Pa' que to' el mundo vea lo rica que tú está', que tú está', ey
Contigo tengo que apretar
Y en la calle ando suelto, pero por ti me quito
Si tú me lo pide', yo me porto bonito",0.02755502238869667,0.06457225233316422,0.4751761555671692,0.022903932258486748,0.2645193040370941,0.07490549981594086,0.07036783546209335,1,0,92.01,0.71,0.43
Bad Bunny,Moscow Mule,"Si yo no te escribo
Tú no me escribe', ey
Si tú quieres, te busco
Yo sé dónde tú vive'
Quizá hoy está aborrecía'
Pero, por dentro, tú tiene' alegría

Si quieres, te la saco
Dos trago' y sabes que me pongo bellaco
No somo' na', pero estamo' envuelto' hace rato, oh-oh
WhatsApp sin el retrato
No guarda mi contacto (ey, ey, ey, ey)

Pero se la saco
Dos trago' y sabes que me pongo bellaco
No somo' na', pero estamo' envuelto' hace rato, oh-oh
WhatsApp sin el retrato
No guarda mi contacto-to

Todo es underwater (ey)
Baby, vamo' pa'l cuarto quarter
En la Uru', comiéndono' al pare'
Te voy a dar duro pa' que no me compare'

Ey, cuida'o con ese mahón, que se va a romper (ey)
Ese booty lo va a romper (ey)
Yo no sé si yo te vuelvo a ver
Si mañana me voy a perder

Tú ere' una player, me hiciste un crossover
Esta ve' metiste, me diste game over, eh-eh (huh)
Porque no puedo olvidar
El perreo, aquel, que se fue viral

Dime si mañana te va' a quedar
Después de la alarma, te lo voy a dar
Ey, hoy tú no va' a trabajar
Jeje, no

Si quieres, te la saco
Dos trago' y sabes que me pongo bellaco
No somo' na', pero estamo' envuelto' hace rato, oh-oh
WhatsApp sin el retrato
No guarda mi contacto

Pero se la saco
Dos trago' y sabes que me pongo bellaco
No somo' na', pero estamo' envuelto' hace rato, oh-oh
WhatsApp sin el retrato
No guarda mi contacto

Me gustan así, piquetu'a
Mami, qué rica te ve' desnu'a
Quizás no sentiste lo que yo sentí
Pero aún te debo una noche en la suite

Pa' darte tabla
Dale, mami, habla
Tú ere' una diablona
No te haga'

Pa' darte tabla
Dale, mami, habla
Tú ere' una diablona
No te haga'

No, no, no, no (no, no, no, no)
No, no, no, no (no, no, no, no)
No, no, no, no (no, no, no, no)

Ey
Yo no sé tú
Pero yo quisiera amanecer desnu'
En una playa por Balí, si no, Cancún
Pide otro Moscow Mule
Ey

Que ando en nota, nota
Ven y choca
Conmigo que se joda
Baby, tú 'tás grandota

Pero hoy ando en nota, nota
Ven y choca
Conmigo que se joda, eh
Que se joda, ey

Mami, tú quieres perreo (tú quieres perreo)
Tú quieres perreo (tú quieres perreo)
Tú quieres bellaqueo (tú quieres bellaqueo)
Tú quieres bellaqueo (tú quieres bellaqueo)

Mami, tú quieres perreo (tú quieres perreo)
Tú quieres perreo (tú quieres perreo)
Tú quieres bellaqueo (tú quieres bellaqueo)
Tú quieres bellaqueo (tú quieres bellaqueo)",0.12880519032478333,0.06510494649410248,0.3290099799633026,0.09908127039670944,0.3076142370700836,0.038796644657850266,0.03158767893910408,5,0,99.97,0.67,0.29
Feid,Classy 101,"[Young Miko]
To' los día' te imagino
Cómo te debe' ver sin ese Valentino
Con ese cuerpo asesino, divino, ma
Que yo esté pensándote para mí es normal
To' lo que tiene' a mí me gusta
Vamo' a comerno', baby, aunque no sea formal
Y si nos envolvemo', no me asusta

[Young Miko & Feid]
Tú tiene' cara de que te gusta freaky, nasty, nada 'e lo romantic
Tú te ves cara, bitchy, classy, en cuatro fantastic, más que problematic
Tú tocándote, yo loca por entrar, tú sabe' lo que me gusta

Sigue cucándome, que yo no vo'a fantasmear, te voy a cobrar la multa (Yeah)

[Feid]
Baby, bienvenida al party
Tú ere' una bandi con cuerpo de Barbie, yeah
Rumbea desde que no tiene ID
Se pone mis Oakley's, se sube la faldi, yeah
Es otra cosa
Pero mi corillo dice que es peligrosa
Una experta, es una chimba
A la disco que llega, ella la destroza

[Feid]
No le pongo frenos, esas nalga' me las baja hasta el suelo
She say ""fuck that"", no le gusta lo normal, to' es extremo

Déjame ver to'
Yo sé que no es nada formal, pero dame el ""okey"", though
Very welcome
Esta noche vo'a hacerte to' lo que dije por texto, yeah

[Feid & Young Miko]
Tú tiene' cara de que te gusta freaky, nasty, nada 'e lo romantic
Tú te ves cara, bitchy, classy, en cuatro fantastic, dizque problematic
Tú tocándote, yo loco por entrar, tú sabe' lo que me gusta
Sigue cucándome, que yo no vo'a fantasmear, te voy a cobrar la multa, wow (Brr)

[Young Miko]

Mami, esto e' un arresto
Te vo'a cobrar esa miradita con impuesto' (Mmm)
Saca las esposa', baby, yo me presto
Y ponme en house arrest, que no me molesto (Yeah)
Tú tiene' cara de que ere' una nasty doll debajo de los cover', ey (Yeah)
Woh, ninguna se compara, mami, ese culo es game over (Ey)
Bubble butt, oh my God
Tú te mueve' así, mami, you got me stuck, ey (Yeah)
Peligrosa, pero I'm falling in love
Es que no es normal, baby, what the fuck

[Young Miko]
No la freno si esas nalga' me las baja hasta el suelo
I said ""fuck that"", yeah

Si se me trepa encima me mata sin bala'

[Young Miko & Feid]
Con esa cara de que le gusta freaky, nasty, nada 'e lo romantic
Tú te ves cara, bitchy, classy, en cuatro fantastic, más que problematic
Tú tocándote, yo loca por entrar, tú sabe' lo que me gusta
Sigue cucándome, que yo no vo'a fantasmear, te voy a cobrar la multa, wow

[Young Miko]
Eh-eh, eh-eh, oh-oh
FERXXO, FERXXO
Caleb, Caleb Calloway, uh-uh
Julia, ey
It's Baby Miko

Prr
Ey, yo, Mauro",0.05516936257481575,0.05316901579499245,0.46242839097976685,0.04759316146373749,0.06331504136323929,0.14880689978599548,0.16951806843280792,11,1,100.07,0.66,0.67
Feid,LUNA,"[Feid]
Yeah, yeah, yeah
(ATL Jacob, ATL Jacob)

[Feid]
Te busco y no sé dónde estás, estoy buscando respuestas
¿Cuándo fue la última vez que te vi sonreír?
Te decía ""mi reina"", te temblaban las piernas
Contigo las noches no, no eran pa' dormir
A veces lo ignoro, fumo y bebo solo
Siempre pensé que no te debiste ir
Cambiaste plata por oro, eras mi tesoro

[Feid]
No supe qué día te olvidaste de mí

Y, y de mí, y, y yo de ti
No supe qué día te olvidaste de mí
Y, y de mí, y, y yo de ti
No supe qué día te olvidaste de mí
Y, y de mí, y, y de mí
No supe qué día te olvidaste de mí
Y, y de mí, y, y yo de ti
Yeah, yeah

[Feid]
A veces te extraño, ma, te quiero perdonar
Pero me tiraste pa' la lona
Me dejaste en cero toda la estamina
No me llames cuando te sientas sola
Bebé, yo sé que también extrañas los carros
Hacer el amor cuando estábamos farros, yeah
Todo era mentira cuando tú me decías ""Baby, te extraño""

Que duraríamos años, baby, dolió tu engaño
Ojalá que se acabe este tema y por fin yo me olvide de ti

[Feid]
Te busco y no sé dónde estás, estoy buscando respuestas
¿Cuándo fue la última vez que te vi sonreír?
Te decía ""mi reina"", te temblaban las piernas

[Feid]
No supe qué día te olvidaste de mí
Y, y de mí, y, y yo de ti
No supe qué día te olvidaste de mí
Y, y de mí, y, y yo de ti
No supe qué día te olvidaste de mí
Y, y de mí, y, y de mí
No supe qué día te olvidaste de mí

Y, y de mí, y, y de mí
No supe qué día te olvidaste de mí
Yeah, ah-ah-ah",0.03645379841327667,0.018224868923425674,0.4175620973110199,0.03824371099472046,0.22775298357009888,0.10138662904500961,0.1603759527206421,7,0,100.02,0.86,0.45
Feid,Feliz Cumpleaños Ferxxo,"Haciendo de todo
Con ese pirobo

Hace mucho te quería ver
Cuando eras mi novia no salías y ahora hasta te gusta prender
El tiempo que pasamo' junto' como que lo dejamo' perder
Yo sé que estoy borracho, pero recuerdo lo rico que bailamo', bebé

Tú y yo, bebé, haciendo de todo
Tú estás pa' andar con este gato, no con ese pirobo
Tú estás solita y yo también, también estoy solo
Tómate algo, vamos a perrear, a hacer de todo
Que los pana' míos a tus amiga' le hacen coro
Tú estás pa' andar con este gato, no con ese pirobo
Tú estás solita y yo también, también estoy solo
Tómate algo, vamos a perrear, a hacer de todo
Que los pana' míos a tus amiga' le hacen coro

Te lo di todo
To'a la noche yo te pienso cuando tomo
Ando mezclando las pastilla' con el romo
Y a tus ex novios yo les ofrezco plomo
To' los parceros hablándome de ti
Te mandaba canciones en el cole en un CD (Wow)
Estábamos a fuego y lo nuestro lo dividí
To'a la noche prendo, ya estoy pensando en ti
Yo sé que estás cansada de tanto chimbear
Buscando algo que no será igual, yeah
El cuerpo que te hiciste lo quiero estrenar
Te compré una cadena pa' verte brillar

Tú y yo haciendo de todo
Tú estás pa' andar con este gato, no con ese pirobo
Tú estás solita y yo también, también estoy solo
Tómate algo, vamos a perrear, a hacer de todo
Que los pana' míos a tus amiga' le hacen coro

Haciendo de todo
Con ese pirobo",0.039391182363033295,0.13234616816043854,0.27270084619522095,0.07495211064815521,0.2938600480556488,0.11177913099527359,0.07497046887874603,5,1,95.02,0.55,0.57
Feid,Normal,"He querido borrarte, pero sueño contigo
Quisiera que entendiera' lo que hiciste conmigo
Yo dándote cien y tú me dabas cincuenta
Yo durmiendo contigo y tú con otro te acuestas
Te extraño, pero perdonarte qué mucho me cuesta
Qué mucho me cuesta

Normal, si te sientes solita y me extraña'
Y se te sale mi nombre
Difícil que llore' por mí en otra cama
Dime quién te va a creer, la nena no quiere Cartier
Quiere buscarme en otra piel
Vive en la disco to' los fine' de semana
Pa' ver si me vuelve a ver
Normal, si te sientes solita y me extraña'

Y se te sale mi nombre
Difícil que llore' por mí en otra cama
Dime quién te va a creer, la nena no quiere Cartier
Quiere buscarme en otra piel
Vive en la disco to' los fine' de semana
A ver si me vuelve a ver

La nena no quiere un nene sano
A ella le gustan los gato' malo'
Y yo en una casita llena 'e gata' en Los Cabo'
Ese culo se fue y están lloviendo los chavo'
Ahora me estoy perreando una gata mejor
Si le duele el cora, que se tome un Panadol (Uy)
Partido que juego, partido que meto gol
Y está' otra vez llamando, diciendo que el alcohol
Te tiene así, pensando en mí

Que qué putas me pasó que me perdí
Bebé, si en la foto te ve' feliz
Ojalá y algún día sientas lo que yo sentí
Pa' que veas que es

Normal, si te sientes solita y me extrañas
Y se te sale mi nombre
Difícil que llore' por mí en otra cama
Dime quién te va a creer, la nena no quiere Cartier
Quiere buscarme en otra piel
Vive en la disco to' los fine' de semana (Yeah)
Pa' ver si me vuelve a ver
Normal, si te sientes solita y me extraña'
Y se te sale mi nombre
Difícil que llore' por mí en otra cama
Dime quién te va a creer, la nena no quiere Cartier

Quiere buscarme en otra piel
Vive en la disco to' los fine' de semana
A ver si me vuelve a ver",0.016192572191357613,0.02056659385561943,0.16092368960380554,0.03666778653860092,0.6363399028778076,0.08172271400690079,0.047586794942617416,4,0,170.08,0.56,0.59
Feid,CHORRITO PA LAS ANIMAS,"Los ojito' en chino'
Esa shorty sale y arregla el clima
Habla español, latina
Me pregunto si baila como camina, ey, uy

Solo le caen hombres, ya no le caen lágrimas, yeah
No quería salir, pero ya pasó la página, ah-ah-ah-ah-ah
Salud y un chorrito pa' las ánimas
El botelleo en la disco, todos saben que hoy es ladies night

Están diciendo: ""Baby, saca esa perra a pasear""
El que quiera ese culo tuyo hoy va a tener que josear (Que josear), ey
Ella es callaíta' (Shh), no es de frontear, yеah
La baby es exclusive, no еs tan fácil de juquear, wow

Salió en un auto 'escapota'o para ver la luna
Vapeaa y las otras fuman
Dice que pa'l mal de amor solo hay una cura
Party y botella', candela pura (Yeah)
Son peligro, son danger
¿Cómo será la movie si así es el tráiler?
Adicta al perreo, adicta a los cangri
Le gusta lo kinky, nati y aunque sea fancy

Solo le caen hombres, ya no le caen lágrimas, yeah
No quería salir, pero ya pasó la página, ah-ah-ah-ah-ah
Salud y un chorrito pa' las ánimas
El botelleo en la disco, todos saben que hoy es ladies night

Están diciendo: ""Baby, saca esa perra a pasear""
El que quiera ese culo tuyo hoy va a tener que josear, ey
Ella es callaíta' (Shh), no es de frontear, yeah
La baby es exclusive, no está fácil de juquear, wow
Están diciendo: ""Baby, saca esa perra a pasear"" (Perra a pasear)
El que quiera ese culo tuyo hoy va a tener que josear (Tener que josear), ey
Ella es callaíta' (Shh), no es de frontear (Na' que frontear), yeah
La baby es exclusive, no está fácil de juquear, wow

Dulcecita, flow candy
Le está yendo cabrón, siempre compra en La Perla los panty
Se quieren ir a vacilar
Pa' ella to' los hombre' la tienen que pagar, yeah, ey
Dulcecita, flow candy
Le está yendo cabrón, siempre compra en La Perla los panty
Se quieren ir a vacilar
Pa' ella to' los hombre' la tienen que pagar, yeah, ey",0.06395845860242844,0.08527611941099167,0.333599716424942,0.08663509041070938,0.33824455738067627,0.04581770673394203,0.04646839201450348,8,0,95.98,0.83,0.61
Feid,Ferxxo 100,"Ey, lady, mi amor
Feliz cumpleaños
Maestro
Wow

Otra vez borracho otra madrugada
Viendo mi cel, pero tú no me escribe' nada
Me acuerdo cuando tú y yo prendíamos uno allá en la ventana
Estaba escuchando los tema' que yo te dediqué
Puro perreo explotando ese Bose, ey-yeah
Hoy salí con alguien dizque porque te olvidé

Pero la miro y me acuerdo de ti
No sé cómo explicarte lo que sentí (Sentí)
Salgo to' los día' pa' la calle, a ver si te veo por ahí (Te veo por ahí)

Yo todo intenso preguntando por vos
Te mando música por notas de voz
Y solo espero que si no vuelves conmigo, siempre te cuide Dios
Pero la miro y me acuerdo de ti
No sé cómo explicarte lo que sentí (Sentí)
Salgo to' los días pa' la calle, a ver si te veo por ahí (Te veo por ahí)
Yo todo intenso preguntando por vos
Te mando música por nota' de voz
Y solo espero que si no vuelves conmigo, siempre te cuide Dios (Wow)

Qué falta me hacés tan hijueputa, cogiste otra ruta
Soltarte o no soltarte es mi disputa
Mi amor, ¿el mal de amor cómo se cura?
Me echaste como echaron de Philipp Plein a la Segura

Bebé, ¿esta noche qué vas a hacer?
Te necesito ver
Yo solo quiero que me pienses estés donde estés
Ya ha pasa'o más de un mes
Yo nunca la cagué
Solo espero que me creas
Bebé, ¿esta noche qué vas a hacer?
Te necesito ver
Yo solo quiero que me pienses estés donde estés
Ya ha pasa'o más de un mes
Yo creí que te olvidé

Pero la miro y me acuerdo de ti
No sé cómo explicarte lo que sentí
Salgo to' los día' pa' la calle, a ver si te veo por ahí
Yo todo intenso preguntando por vos
Te mando música por nota' de voz

Y solo espero que si no vuelves conmigo, siempre te cuide Dios
Pero la miro y me acuerdo de ti

Uh-uh-uh
Mmm
(Yo todo intenso preguntando por vos
Te mando música por nota' de voz
Y solo espero que si no vuelves conmigo siempre te cuide Dios)",0.8727315068244934,0.032912950962781906,0.059009380638599396,0.010819086804986,0.014011170715093613,0.006823728326708078,0.003692186437547207,8,0,164.06,0.57,0.58
Feid,SORRY 4 THAT MUCH,"Antes de que te vayas a ir
Te quiero dar gracias por lo que pude vivir
Me hiciste tan feliz
Todo este tiempo junto a ti me hizo creer
En toda' las cosas que me hablaron de ti
Bebé, si tú nunca cambiaste
Yo ya no soy el que encontraste
Después de todo me pagas así

Estoy mejor sin ti, así me quedé roto
De esa fiesta en Berlín solo nos queda la foto
Mami, no llores por mí, si tú ya tienes a otros
Tú no eras así, jodiste lo de nosotros (Wow)

¿En qué putas pensaba?
Cómo no vi que tú me engañabas

Y vos cagada tras cagada
Yo arrepentido, ya ni fumaba
Los panas diciéndome que saliéramos
Yo en la casa solo esperando por vos
La chimba, uno no cambia un culo por los bros
No vuelve a pasar, se lo juro por Dios (Yeah)
To'a la funda que tengo con otra la vo'a gastar
Baby, ya no llores, si total vamo' a terminar
Bebé, gracias por nada, no te pongas sentimental
Perdóname por tanto, yo pensé que esto era real

Estoy mejor sin ti, así me quedé roto
De esa fiesta en Berlín solo nos queda la foto
Mami, no llores por mí, si tú ya tienes a otros
Tú no eras así, jodiste lo de nosotros

Te di decline
Yo en mero perreo y tú poniéndote a llamar

Hoy soñé contigo, pero soñé que te vas
Esas indirectas del story, baby, no las mandes más
Porque ya llevo otra noche sin dormir
Pero de la farra que me di
Si hoy me los tomo, no es por ti
Solo chimbas y guaro con las firmas

Antes de que te vayas a ir
Te quiero dar gracias por lo que pude vivir
Me hiciste tan feliz
Todo este tiempo junto a ti me hizo creer
En toda' las cosas que me hablaron de ti
Bebé, si tú nunca cambiaste
Yo ya no soy el que encontraste
Después de todo me pagas así

Estoy mejor sin ti, así me quedé roto

De esa fiesta en Berlín solo nos queda la foto
Mami, no llores por mí, si tú ya tienes a otros
Tú no eras así, jodiste lo de nosotros",0.028827687725424767,0.07424797862768173,0.24048496782779694,0.0656224936246872,0.15774662792682648,0.26283401250839233,0.1702362298965454,7,1,92.99,0.68,0.6
Feid,FERXXO 151,"Quemando un crespo
Quemando el sol mirandote que chimba esto
Poniendote el oil tan por todo el cuerpo
Hace calor pero no quiero que se me acabe esto
Eh!
Tu de otra city
Ese totico rosado flow hello kitty
Chingar me quitó el guayabo de esa fiesta anoche en Santorini
Se broncea a top-less solo quiere que se le marque la tanga del
Bikini

Yeah
Volvamos a hacerlo aunque no hayamos dormido
Me porto bien pero bien malo contigo
Tu me dices lo rico que la estas pasando y me motivo
Mañana pa' donde quieres ir
En el goyard tengo el efectivo
Pa' gastarmelo todo en ti
Amanece otra vez conmigo
Mañana pa donde quieres ir
En el goyard tengo el efectivo
Pa' gastarmelo todo en ti
Y que queden mordidos esos malparidos

Ellas son flop y tu ere' un bop
Te quiero dar como te da el sol
Te quité los hoops porque te estorban cuando te doy en four
El bikini aguamarina
Culonsita ella es latina
Supreme en el 2010 le hacen fila
Yeh yeh
De tekila un shot
De los noventa como las shock
El mal la persigue como a Randy Glock
Abrió la goyard y se quedó en shock

Bebe, yeh
Tu me dices lo rico que la estas pasando y me motivo...
Mañana pa' donde quieres ir
En el goyard tengo el efectivo
Pa' gastarmelo todo en ti
Amanece otra vez conmigo
Mañana pa donde quieres ir
En el goyard tengo el efectivo
Pa' gastarmelo todo en ti
Y que queden mordidos esos malparidos

Hoy vamos a hacerlo aunque no hayamos dormido...",0.0353299044072628,0.025545185431838036,0.09171660244464874,0.0251673124730587,0.6804354190826416,0.11002996563911438,0.031775638461112976,0,1,113.05,0.93,0.55
KAROL G,Si Antes Te Hubiera Conocido,"¿Qué lo que?
Estamo' a rulay
Empezó el verano
Fuego

¿Qué hubiera sido?
Si antes te hubiera conocido
Seguramente, estarías bailando esta conmigo
No como amigos

Sino como otra cosa
Usted cerca me pone peligrosa
Por un besito hago cualquier cosa
La novia suya me pone celosa y aunque es hermosa
¡Ey!

No te va a tratar como yo
No te va a besar como yo
No está tan rica así como yo
Ella es tímida y yo no
Con esta' ganas que tengo yo
Me atrevo a comerme los do'
Hoy estás jangueando con ella
Pero (Mmm) después tal vez no

¿Qué hubiera sido?
Si antes te hubiera conocido
Seguramente, estarías bailando esta conmigo
No como amigos, ¡ey!
¿Qué hubiera sido?
Ay, si antes te hubiera conocido
Seguramente, estarías bailando esta conmigo
No como amigos, ¡ey!

Y yo te veo y no sé cómo actuar
Bebé, pa' conquistarte que me pasen el manual
Espero lo que sea, yo no me voy a quitar
Tengo fe que esos ojito' un día me van a mirar
Yo me caso contigo
Mi nombre suena bien con tu apellido
'Toy esperando el primer descuido
Pa' presentarte como mi marido
Yo me caso contigo
Mi nombre suena bien con tu apellido
'Toy esperando el primer descuido
Pa' presentarte como mi marido
No has entendido que

No te va a tratar como yo
No te va a besar como yo
No está tan rica así como yo
Ella es tímida y yo no

Con esta' ganas que tengo yo
Me atrevo a comerme los do'
Hoy estás jangueando con ella
Pero (Mmm) después tal vez no

¿Qué hubiera sido?
Si antes te hubiera conocido (Ey, ¿cómo?)
Seguramente, estarías bailando esta conmigo
No como amigos, no, no, no
Ey, ey, ey, ey
(¿Qué hubiera sido?)
(Si antes te hubiera conocido)
Chiqui-chá, chiqui-chá, chiqui-chá, chiqui-chá (Ja, ja, ah)
Uh-uh-uh-uh
(¿Qué hubiera sido?)
(Si antes te hubiera conocido)",0.20322953164577484,0.0390750952064991,0.19711332023143768,0.04028024151921272,0.22859402000904083,0.20723772048950195,0.08447006344795227,11,1,128.03,0.67,0.79
KAROL G,Tusa,"Yo ¿Qué pasó contigo? Dímelo
Rrr!
O-O-Ovy on the Drums! (Mmm)
Ya no tiene excusa (No, no)
Hoy salió con su amiga dizque pa' matar la tusa (Ah; tusa)
Que porque un hombre le pagó mal (Ah)
Está dura y abusa (Eh)
Se cansó de ser buena
Ahora es ella quien los usa (Hmm-mm)
Que porque un hombre le pagó mal (Mal)
Ya no se le ve sentimental (-tal)
Dice que por otro man no llora, no (Llora)

Pero si le ponen la canción (Hmm)
Le da una depresión tonta
Llorando lo comienza a llamar
Pero él la dejó en buzón (No)
¿Será porque con otra está (Con otra está)
Fingiendo que a otra se puede amar?

Pero hice todo este llanto por nada
Ahora soy una chica mala
And now you kickin' and screamin', a big toddler
Don't try to get your friends to come holla, holla
Ayo (Kyuh!), I used to lay low (Uh-huh)
I wasn't in the clubs, I was on my J.O (Oop!)
Until I realized you a epic fail
So don't tell your guys that I'm still your bae, yo (Ah!)
'Cause it's a new day, I'm in a new place (Uh-huh)
Gettin' some new D, sittin' on a new face (Okay)
'Cause I know I'm the baddest bitch that you ever really met (Oop!)
You searchin' for a badder bitch, and you ain't met her yet (Oop!)
Ayo! Tell 'em to back off, he wanna slack off
Ain't no more booty calls, you gotta jack off
It's me and Karol G, we let them rats talk
Don't run up on us, 'cause they lettin' the MACs off (Rrr!)

Pero si le ponen la canción (Hmm)
Le da una depresión tonta
Llorando lo comienza a llamar
Pero él la dejó en buzón (No)
¿Será porque con otra está (Con otra está)
Fingiendo que a otra se puede amar?
Eh, ah

Un-un shot pa' la pena profunda (Un shot, eh)
Y seguimo' gastando la funda (La funda)
Otro shot pa' la mente (Yeah-yeh)
Pa' que el recuerdo no la atormente (Ah; oh)
Ya no le copia nada (Na')
Su ex ya no vale nada (Nada)
Se va pa' la disco y sólo quiere perrear (Perrear)
Pero se confunde cuando empieza a tomar (Tomar)

Ella se cura con rumba (Ah)
Y el amor pa' la tumba (Yeh)
To' los hombre' le zumban (Le zumban)

Pero si le ponen la canción (Oh)
Le da una depresión tonta (Tonta)
Llorando lo comienza a llamar
Pero él la dejó en buzón (Oh)
¿Será porque con otra está (Con otra está)
Fingiendo que a otra se puede amar?

Ey, Karol G (Ajá; Karol G)
Nicki Minaj (Ah, ajá), ey
""The Queen"" with ""The Queen"" (Ajá, jajaja)
O-O-Ovy on the Drums",0.41633039712905884,0.06790861487388611,0.24196314811706543,0.04229716956615448,0.04033898562192917,0.14100171625614166,0.05015997961163521,2,1,101.09,0.72,0.57
KAROL G,PROVENZA,"[KAROL G & Bad Bunny]
Baby, ¿qué más?
Hace rato que no sé na' de ti
'Taba con alguien, pero ya estoy free
Puesta pa' revivir viejos tiempo', no salgo hace tiempo
Tú dime dónde está', ah-ah-ah
Que hace rato que no sé na' de ti (Na' de ti)
'Taba con alguien, pero ya estoy free
Puesta pa' revivir viejos tiempo', no salgo hace tiempo (Shh)

[KAROL G]
Papi, nos perdemo', nos parqueamo' y lo prendemo'
Pa' la seca algo bebemo', y cuando nos emborrachemo'

Una de reggaetón ponemo' y nos vamo' a donde nos podamos querer
Nos podamos comer (Eh-ah)
Papi, nos perdemo', nos parqueamo' y lo prendemo'
Pa' la seca algo bebemo', y cuando nos emborrachemo'
Una de reggaetón ponemo' y nos vamo' a donde nos podamos querer
Nos podamos comer

[KAROL G & Bad Bunny]
Baby, ¿qué más?
Hace rato que no sé na' de ti (Wuh; yeh)
'Taba con alguien, pero ya estoy free ('Toy free)
Puesta pa' revivir viejos tiempo', no salgo hace tiempo
Tú dime dónde está', ah-ah-ah (Tú dime, tú dime)

Que hace rato que no sé na' de ti (Na' de ti)
'Taba con alguien, pero ya estoy free (Wuh)
Puesta pa' revivir viejos tiempo', no salgo hace tiempo

[ KAROL G & Bad Bunny]
¿Qué de malo puede pasar?
¿Que nos vaya mal? 'Toy afuera, sal
Tenemos cosas pendiente' por repasar
Tú ere' un polvito difícil de reemplazar (Sí)
No sé si te convenza (Ey)
Nos damo' un rocecito por Provenza
Y si la cosa se pone tensa, en mi cama la recompensa
O viceversa, ¿por qué lo piensas? (¡No!)
Pasamo' por el barrio por hierba (Hierba)
Ponla en la hookah pa' que se disuelva
La química todavía se conserva

Y yo te lo hago rico para que vuelva'
Aunque mañana me voy, aprovéchame que aquí estoy
Puesta pa' ti, por eso te escribí

[KAROL G & Bad Bunny]
Baby, ¿qué más?
Hace rato que no sé na' de ti
'Taba con alguien, pero ya estoy free (Huh)
Puesta pa' revivir viejos tiempo', no salgo hace tiempo
Tú dime dónde está', ah-ah-ah (Tú dime, tú dime)
Que hace rato que no sé na' de ti (Na' de ti)
'Taba con alguien, pero ya estoy free (Wuh)
Puesta pa' revivir viejos tiempo', no salgo hace tiempo

O-O-Ovy On The Drums",0.0816446840763092,0.06080752611160278,0.5868366360664368,0.028902139514684677,0.08236207813024521,0.08482066541910172,0.07462625950574875,1,1,111.01,0.52,0.53
KAROL G,TQG,"La que te dijo que un vacío se llena con otra persona, te miente
Es como tapar una herida con maquillaje, no se ve, pero se siente
Te fuiste diciendo que me superaste y te conseguiste nueva novia
Lo que ella no sabe es que tú todavía me estás viendo toda' las historias

Bebé, ¿qué fue?
¿No pues que muy tragadito?
¿Qué haces buscándome el lado?
Si sabes que yo errores no repito
Dile a tu nueva bebé
Que por hombres no compito
Que deje de estar tirando
Que al menos yo te tenía bonito

Verte con la nueva me dolió
Pero ya estoy puesta pa' lo mío
Lo que vivimos se me olvidó
Y eso es lo que te tiene ofendido

Que hasta la vida me mejoró
Por acá ya no eres bienvenido
Vi lo que tu novia me tiró
Eso no da ni rabia, yo me río, yo me río

No tengo tiempo pa' lo que no aporte, ya cambié mi Norte
Haciendo dinero como deporte
Llenando la cuenta, los shows, el parking y el pasaporte
Estoy más dura, dicen los reportes

Ahora tú quieres volver, se te nota, mmm, sí
Espérame ahí, que yo soy idiota
Se te olvidó que estoy en otra
Y que te quedó grande la Bichota

Bebé, ¿qué fue?
¿No pues que muy tragadito?
¿Qué haces buscándome el lado?
Si sabes que yo errores no repito
Dile a tu nueva bebé
Que por hombres no compito
Que deje de estar tirando
Que al menos yo te tenía bonito

Shakira, Shakira

Tú te fuiste y yo me puse triple M
Más buena, más dura, más level
Volver contigo never
Tú eras la mala suerte porque ahora las bendiciones me llueven

Y quieres volver, ya lo suponía
Dándole like a las foto' mía'
Tú buscando por fuera la comida
Yo diciendo que era monotonía

Y ahora quieres volver, ya lo suponía
Dándole like a las foto' mía'
Te ves feliz con tu nueva vida, pero
Si ella supiera que me buscas todavía

Bebé, ¿qué fue?
¿No pues que muy tragadito?
¿Qué haces buscándome el lado?
Si sabes que yo errores no repito
Dile a tu nueva bebé
Que por hombres no compito
Que no tiene buena mano
Y al menos yo te tenía bonito

O-O-Ovy On the Drums
Mi amor, es que usted se alejó mucho
Y yo de lejos no veo, bebé
TQM
Pero TQG
Barranquilla, Medallo",0.02289946936070919,0.009086116217076778,0.11058151721954346,0.019966408610343933,0.7024837136268616,0.07101521641016006,0.06396754086017609,4,0,179.97,0.63,0.61
KAROL G,QLONA,"Ayer te vi solita
Esa carita bonita
Diablo, qué mamacita
Estás provocándome aunque lo haces sin querer
Ya por ti pregunté y hace más de un mes
Te dejaste con el bobo aquel

Qué hijueputas ganas tengo de besarte
Te vi en una foto y te imaginé sin ropa
Te mentiría si no estoy loca por verte
Con ese jeancito cómo te ves de culona
Qué hijueputa gana tengo de besarte
Te vi en una foto y tе imaginé sin ropa
Te mentiría si no estoy loco por dartе
Con ese jeancito cómo te ves de culona

Nos vamos de guayeteo, fumeteo, en la disco mero perreo
Te pusiste minifalda pa' ver si yo te gateo
Un besito pa' sentir ese goteo
Y prendí la cámara pa' grabarte un video

No te voy a mentir, no paro 'e imaginarme tu culo en tanga
Pónteme de espalda hasta que el sol salga
Te pongas caliente y todo el cuerpo arda, arda
Te pongas caliente como la arena
Y ese culito blanco el sol te lo ponga moreno
Lo tiene grandote por el entreno
Empieza el toque-toque, mojaíta', flow sereno
Te-Te-Te pone caliente como la arena
Y ese culito blanco, el sol te lo ponga moreno
Lo tiene grandote por el entreno
Empieza el toque-toque, mojaíta'—

Qué hijueputa gana tengo de besarte
Te vi en una foto y te imaginé sin ropa
Te mentiría si no estoy loco por darte
Con ese jeancito cómo te ves de culona
Qué hijueputas ganas tengo de besarte
Te vi en una foto y te imaginé sin ropa
Te mentiría si no estoy loca por verte
Con ese jeancito cómo te ves de culona

Ayer te vi solita
Esa carita bonita
Diablo, qué mamacita
Estás provocándome aunque lo haces sin querer
Ya por ti pregunté y hace más de un mes
Te dejaste con el bobo aquel

O-O-Ovy On The Drums
Qué hijueputas ganas tengo de besarte
Tengo de besarte
Besarte—Besarte—
Te mentiría si no estoy loca por verte
Por verte—Por verte—
Cu-Cu-Cu-Culona (Culona)",0.026157191023230553,0.05723235756158829,0.29554054141044617,0.046664394438266754,0.47189614176750183,0.06132465600967407,0.041184790432453156,7,0,169.93,0.76,0.42
KAROL G,AMARGURA,"Si te dicen que yo me estoy curando es la verdad

Hey
Ayer te vi, aparentemente estabas contento, estabas feliz
Besándola a ella, así como antes me besaba' a mí
En parte me alegra que uno de los dos no esté llorando
Ojalá me piense de vez en cuando

Y aunque yo hago como si na'
Baby, qué amargura me da
Saber que ahora
Tú estás vacilando con otra
Por fuera me río, pero por adentro estoy rota

Y aunque yo hago como si nada (Papi)
Baby, qué amargura me da
Saber que ahora
Tú estás vacilando con otra
Por fuera me río, pero por adentro estoy rota

Primero, quiero decirte que no hay un segundo que
Piense que te lo dañó un tercero
Sin ti se siente vacío el cuarto, insisto
Polvo llega vamos hasta el quinto
Te extraño tanto, sin ti es distinto
Me duele ver cómo me deja' en visto
A veces pienso que me extraña un poquito
Yo misma los pajarito 'me pinto (Ey)

Qué mal que ya no estés aquí
Estaría tomándomelos contigo y no por ti, por tí

Un coleccionista me volví
Guardando toda' las foto
Me volví más devota y ni así

Y aunque yo hago como si na'
Baby, qué amargura me da
Saber que ahora
Tú estás vacilando con otra
Por fuera me río, pero por adentro estoy rota
Y aunque yo hago como si nada (Papi)
Baby, qué amargura me da
Saber que ahora
Tú estás vacilando con otra
Por fuera me río, pero por adentro estoy rota

Ayy
Esta canción que no me la pongan borracha, hido de puta

O-O-Ovy On the Drums",0.12756411731243134,0.13172774016857147,0.34084880352020264,0.07864036411046982,0.20323483645915985,0.09447351098060608,0.02351069450378418,6,0,106.97,0.7,0.55
KAROL G,UNA NOCHE EN MEDELLÍN - REMIX,"[KAROL G]
La baby ya no quiere andar sola
Ahora quiere que la besen
Se puso ready pa' mover la cola
Dar casquillo y buscarse un nuevo flete

[Cris Mj & KAROL G]
Nena, dime si tú 'tá pa' mí
Como yo 'toy puesto pa' ti
Te llevo una noche a Medellín
Y te pago el gym
Papi, dime si tú estás pa' mí
Como yo estoy puesta pa' ti
Te llevo una noche a Medellín
Que yo soy tu gym

[Cris Mj & Ryan Castro]
Te voy a hacerte completa
'Tá buscando que yo le meta
Ya llegamo' a la meta
Ahora nadie aprieta
Y ahí me puse las Balenciaga
Mami, no te haga', vente pa'cá, tú ere' brava
Me gusta porque ere' malvada
No está operada y así mata las mirada'
Y me ayuda a contar billete'
Saca su juguete, to' ya saben que le mete
Tú sabe', no ando al garete
Encima mío te quito el brazalete (Zaga zau)

[Ryan Castro]
Tomando aguardiente
Perreíto en el ghetto caliente (Pu-pu-pu)
Baby, qué rico se siente (Jaja)

Bailando con toda mi gente (¡Prr!)
Yo me acuerdo los perreo' en Barrio Colombia
Mis perro' soltero', ninguno con la novia (Shu)
Las babie' piden una noche (Rru)
Con los gángsters, no con los fantoche' (Pu-pu-pu)
Como olvidar los perreos arriba en el Lleras (Ajá)
Mano arriba las mujeres solteras
Las raperas, las regggaetoneras (Pu-pu-pum)
Las que vinieron a explotar la cartera (Ay)

[Ryan Castro & KAROL G]
Mami, dime si te gusta Medellín (Baby)
Las moto', los carro', el perreo, el blin blin (Jaja)
El nene del ghetto y KAROL G (Qué chimba, SOG; dime; pum)

Ponte bichota pa' mí
Papi, dime si tú estás pa' mí
Como yo estoy puesta pa' ti
Te llevo una noche a Medellín
Que yo soy tu gym

[KAROL G]
El bebito mío dice que quiere salir de roce (Ah)
Yo me pongo la máscara, así nadie me conoce (Eh)
Fuma y tose, tiene el cuello frozen
Cuando muevo el culo ya todo' me reconocen (Ah)
La verdadera G, que te vo'a juquearte, yo te lo advertí
Toa' las otras son un no, a mí me dice que sí
Sí, tómate una botellita por mí
Que el guarito tuyo ya me lo bebí (Ra-pa-pa-pam-pam)

Fumeteo y bellaqueo (Ah), en RD esto es teteo (Ah)
Pa' PR en el jangueo y en Colombia esto es perreo (Ah-ah)
Las bebita' como yo tienen un propio meneo
La que dijo que es frontú, ¿dónde está, que no la veo?

[Cris Mj & KAROL G]
Nena, dime si tú 'tá pa' mí
Como yo 'toy puesto pa' ti
Te llevo una noche a Medellín
Y te pago el gym
Papi, dime si tú estás pa' mí
Como yo estoy puesta pa' ti
Te llevo una noche a Medellín
Que yo soy tu gym

[Cris Mj, KAROL G & Ryan Castro]
Ey
Jaja
Ey, ey
Cris Mj, El Má' Que Suena
Dímelo, baby
Papi, dime y te llevo pa' Medallo
Qué chimba, SOG
Jaja
Cris Mj
Prra
KAROL G, La Bichota
Ryan Castro, ey
Zaga zaga zaga zaga zau
Es El Cantante del Ghetto
Desde Medallo pa'l mundo
Jeje
Fran C in the beat

Pa' que sepa'",0.11256838589906693,0.05641436204314232,0.6254621148109436,0.030302969738841057,0.07708392292261124,0.06259191781282425,0.03557632863521576,10,0,96.0,0.76,0.88
KAROL G,BICHOTA,"Salgo acicalá' de pie' a tope
Porque puede ser que con el culo mío te topes (Oh)
Me siento bichota sin salir del bloque (Ah)
To' me quieren partir y no tienen con qué

Roncan, pero no pueden con mi pum-pum, con mi pum-pum
Y si hay alguien que me rompa
Porque no pueden con mi pum-pum
Con mi pum-pum, con mi pum-pum

Por encima se me nota que me sobra el piquete, piquete
No' dimo' par de botella' y ahora estamo' al garеte

Yo también tengo una jeepeta
La tеngo fuleteá' con to'a mi' shortie'
Dejamo' el miedo en la gaveta, ah-ah
Cuida'o con lo que suba' al story
Y adivina quién viene por ahí
Viene Juana, viene Mari
To'a la' babie' quieren party
Un comentary fuera 'e lugari
Y te vamo' a romper, yeah-yeah-yeah-yeah

Salgo acicalá' de pie' a tope (Ey)
Porque puede ser que con el culo mío te topes (Eh)
Me siento bichota sin salir del bloque (Ah)
To' me quieren partir y no tienen con qué

Roncan, pero no pueden con mi pum-pum, con mi pum-pum

Y si hay alguien que me rompa
Porque no pueden con mi pum-pum
Con mi pum-pum, con mi pum-pum
Roncan, pero no pueden con mi pum-pum, con mi pum-pum
Y si hay alguien que me rompa
Porque no pueden con mi pum-pum
Con mi pum-pum, con mi pum-pum

Perreando duro, le gusta mi culo
Hace tiempo te 'toy esperando
No sé tú, pero yo aquí pensando (Ah)
No hace' na' pa' lo que está' roncando (Oh)
Tú pa' darme like en el Insta ere' veloz (Eh)
Pero se rumora por ahí que ere' preco'
Por má' que me tiren, no cojo lucha
La que me fronteó de aquí no se escucha (Ja)

Salgo acicalá' de pie' a tope (Ey)
Porque puede ser que con el culo mío te topes(Eh)
Me siento bichota sin salir del bloque (Ah)
To' me quieren partir y no tienen con qué

Roncan, pero no pueden con mi pum-pum, con mi pum-pum
Y si hay alguien que me rompa
Porque no pueden con mi pum-pum
Con mi pum-pum, con mi pum-pum
Roncan (Perreando)

Tra, tra (Ah)
Papi, papi
O-O-Ovy On The Drums
Papi, papi",0.012134975753724575,0.027740979567170143,0.14709213376045227,0.03712703287601471,0.6828112006187439,0.05423079431056976,0.0388629175722599,1,0,163.91,0.67,0.84
Rauw Alejandro,Qué Pasaría...,"[Bad Bunny]
¿Qué pasaría si volvieran esas noche' dentro de ti?
Qué rico fue cuando te metí
Tú sabe' lo que hicimo'
Y ahora sin buscarno' en la disco nos vimo'

[Rauw Alejandro]
¿Qué pasaría si estuviéramos solos?
En una cama, ey, ey, recordando
Cómo ante' yo te lo metía, tu amiga se fue
¿Por qué te estás quedando? Algo te está faltando, bebé, y

[Rauw Alejandro]
Yo lo tengo, ma, yo lo tengo, ma

Yo lo tengo y te lo doy esta noche (Wuh)
Suena su canción, suena su canción
Tú la ve' y nadie la conoce
No lo piense' má', no lo piense' má'
No lo piense' y dame otra noche
Que yo te doy lo que te falte, bebé (Ra-Rauw)

[Rauw Alejandro & Bad Bunny]
Y si nos comemo' otra vez, ¿a quién le importa? (¡Yah!)
Esto es cosa nuestra, cuando la bellaquera aprieta (Wuh)
Lleno de video' dándole están las carpeta'
La tengo brincando en un split (Yih)
Explícita le gusta la letra (¡Ah!)
Tú siempre' termina' aquí
Mi gata salvaje y yo soy quien te aquieta, eh
Yo sé que tú no vas a parar hasta tener lo que quieres (No, oh-oh, yeah)

Ella está prendía' en fuego, quiere que me queme (Quiere que me queme)
Ya por mi mente pasa hacerte un par de nenes (Ja)
Diablo, qué culo tienes (Yeah-yeah-yeah-yeah; wuh)

[Bad Bunny & Rauw Alejandro]
Baby, no te haga', tú sabe' lo que va a pasar
Si no te la saco, me va' a tener que envasar
Tú sabe' quién la tiene, yo sé cómo te viene'
Imagínate un baby si juntamo' los gene'
Por ahora no quiere, en la boca la prefiere, y
Se dio un shot de mi ADN
Tan callaíta' la nena (Wuh), pero bellaqueando nunca frena (Yih)
Sudaíta', brincando, brillando como mis cadena'
Ba-Ba-Baila, morena (¡Yah!)
Me mira y me lo agarra, ella sabe pa' qué

Es que la noche está buena
La disco está llena, pero

[Bad Bunny & Rauw Alejandro]
¿Qué pasaría si estuviéramos solos?
En una cama tú y yo chingando
Como antes yo te lo metía, tu amiga se fue
¿Por qué te estás quejando? Algo te está faltando
Eh, eh, eh, eh (¡Yah!)

[Bad Bunny & Rauw Alejandro]
Yo lo tengo, ma, yo lo tengo, ma
Yo lo tengo y te la doy esta noche (Yih)
Suena su canción, suena su canción
Tú la ve' y nadie la conoce (Yih)
No lo piense' má', no lo piense' má'
No lo piense' y dame otra noche

Eh-eh-eh, eh-eh-eh, eh-eh-eh, mmm

[Rauw Alejandro]
Dime, MAG, ponle más
Dime, MAG, ponle más
Ey, ey, ey, ja",0.1792183518409729,0.02286599576473236,0.4364655315876007,0.018425069749355316,0.2279062420129776,0.06103911250829697,0.05407969281077385,11,0,105.03,0.78,0.33
Rauw Alejandro,Todo De Ti,"One, two
One, two, three
Dice, Ra-Rauw

El viento soba tu cabello
Uh, uh, uh, uh, uh
Me matan esos ojos bellos
Uh, uh, uh, uh, uh

Me gusta tu olor, de tu piel el color
Y cómo me haces sentir
Me gusta tu boquita, ese labial rosita (tú)
Y cómo me besas a mí (Rauw)

Contigo quiero despertar
Hacerlo después de fumar (ey)
Ya no tengo na' que buscar
Algo fuera de aquí

Tú combinas con el mar
Ese bikini se ve fenomenal
No hay gravedad que me pueda elevar
Me pones mal a mí (¡yah!)

Aceleras to' mis latidos
Y e' que me gusta todo de ti
De to'a tus parte', ¿cuál decido?
Y e' que me gusta todo de ti

Oh, oh, oh, oh, oh, oh, oh
E' que me gusta todo de ti
Oh, oh, oh, oh, oh, oh, oh
E' que me gusta todo de ti

Quinta Avenida, no va pa'l mall
Ella sabe que le llegó a sólo un call
En la Raptor me gusta ponerla en Ford
El jogger large, la camisa small

Como la dieta keto
Por ti me controlo y me quedo quieto
Que quiero comerte to' eso completo
De ese culo me volví un Teco, eh

Mi-mi-micro dosi', rola, oxi (oh)
Besando eso' labio' glossy
Ya yo le di en to'a la' posi

Champú de coco, Chanel su wallet
Me vuelve loco desde el casco hasta lo' pedale'

Contigo quiero despertar (oh, oh)
Hacerlo después de fumar
Ya no tengo na' que buscar
Algo fuera de aquí

Tú combinas con el mar (eh)
Ese bikini se ve fenomenal (eh)
No hay gravedad que me pueda elevar
Me pones mal a mí (¡yah!)

Aceleras to' mis latidos
Y e' que me gusta todo de ti
De to'a tus parte', ¿cuál decido?
Y e' que me gusta todo de ti

Ah, ah, ah (todo de ti)
Ah, ah (todo de ti), ah, ah
E' que me gusta todo de ti
Ah, ah, ah (todo de ti)
Ah, ah (todo de ti), ah, ah
E' que me gusta todo de ti

Contigo quiero despertar (oh, oh)
Hacerlo después de fumar
Ya no tengo na' que buscar
Algo fuera de aquí (Ra-Rauw)

Tú combinas con el mar (ey)
Ese bikini se ve fenomenal (Naisgai)
No hay gravedad que me pueda elevar (Colla)
Me pones mal a mí (dice)

Rauw Alejandro
Algo fuera de aquí (Uh, uh)
Uh, uh
Me pones mal a mí",0.024626217782497406,0.008301238529384136,0.3975892663002014,0.03273412212729454,0.3996649384498596,0.022986864671111107,0.11409734189510345,3,0,127.95,0.72,0.34
Rauw Alejandro,LOKERA,"Yeah
Ra-Rauw

'Toy puesto pa' coger una nota cabrona
Explotar la cuenta y perrearme una culona
Despertar en otra cama que no sea la mía
Me importa un bicho mi ex, si es tremenda porquería, jaja
¿Pero qué carajo le pasa a este cabrón? (¡Yah!)

Hoy yo quiero coger una loquera, coger una loquera
Guayar por to'a la disco, guayar por to'a la disco (Tra, tra, tra, eh)
Guayar, guayar
Ay, 'toy bien loca con la nota en high
Guayar, guayar
Ay, hoy yo no llego a casa de mi mai (Ly-Ly-Ly-Ly)
Guayar

Tú estás chucky
Cara linda, a vece e' media puti
Tu gato te dejó sola en la disco (¿Qué?)
Cabrón, qué rookie
Ponte en cuatro, menea las nalga'
Se ve el gistro debajo de la falda
En sacármelo no se tarda
Siempre dulce, nunca sabe amarga
Botó al novio, prefiere estar soltera
Ese Phillie nunca se queda afuera
Siempre con los condone' en la cartera
De las hija 'e puta, fue la primera, yeah-yeah (Ra-Rauw)

Hoy yo me escapo
Y me invento un plan como El Chapo
Ella quiere amarrarse a un caco
De Carolina, un bellaco nato
Yo, que falle, dudoso (¡Yah!)
Esta noche ando peligroso
Ella no es mi esposa, pero la esposo
Me lo vio y dijo: ""Ay, qué venoso"", oh (Wow, baby)

Hoy yo quiero coger una loquera, coger una loquera
Guayar por to'a la disco, guayar por to'a la disco (Tra, tra, tra, eh)
Guayar, guayar
Ay, 'toy bien loca con la nota en high
Guayar, guayar
Ay, hoy yo no llego a casa de mi mai
Tra, tra, tra, eh (Sheesh)

A mal momento, buena nota (¡Yah!)
No me responsabilizo cuando me explota
Voy pa' encimota, chúpame como una gota
Y tú si fuera' Viña del Mar, ya tengo toa' las gaviota' (Huh)
Una que se va, y otras bendiciones que llegan (¡Yah!)
Hoy quiero una perra que lo mueva como Megan (Ah)
Aquí misionamo' y la data no se riega (Nah)
Chambonean, pero no me matan como Omega (Prr, plo, plo)
Necesitaba tiempo del que tengo (Yeah)
De todo me aburro y con nada me entretengo (Wah)
Bajando la 1942 sin dividendo (Ah)
No viven su vida y yo los entiendo (Sheesh)
Mirando 'e los bleachers, mi ex de metiche
Quiere que me encapriche pa' que me la chiche (Ja), chiche
Hace tiempo le apagué el switche (Yeah)
No es que sea pitcher, es que prefiero bad bitches
Qué berrinche (Sheesh)

'Toy puesto pa' coger una nota cabrona
Explotar la cuenta y perrearme una culona
Despertar en otra cama que no sea la mía
Y mandé al carajo a mi ex, si es tremenda porquería

Gua-Guayar
Ay, un perreo con Lyanno, Rauw y Brray
Gua-Guayar, guayar
Ay, vamo' pa' la cama, dime, ¿qué hay?
Ey, no te quite'
No te quite', no te quite'
Somo' unos bellacos
¡Calloway!",0.10420378297567368,0.0825781375169754,0.15773341059684753,0.0336979441344738,0.2305716723203659,0.3215564787387848,0.06965846568346024,11,0,102.02,0.83,0.58
Rauw Alejandro,Desesperados,"¿Qué me hizo usted?
Que la quiero volver a ver
Y volverla a besar
Yo te paso a buscar, buscar
Es que la bellaquera contigo
Con nadie me la consigo
De tus grito' no me olvido, oh-oh-oh-oh

Tengo reservado el hotel, pero con estas gana' no vamo' a llegar
Somo' do' desesperado', por eso nos tuvimo' que parquear
Atrá' nos espera el asiento
Tú ere' una aventura cuando te desnuda', -a-a-as

Te-Te-Tengo rеservado el hotel, pеro con estas gana' no vamo' a llegar
Somo' do' desesperado', por eso nos tuvimo' que parquear
Atrá' nos espera el asiento
Tú ere' una aventura cuando te desnuda', -a-a-as

La' gana' de tenerla, yo no pude, tuve
Que hacértelo cuando me detuve, sudé
En la parte 'e atrá', aunque falta comodidad
Tus grito' confirmaron que has visto la' nube'

La bellaquera nos domina siempre que tú y yo no' vemo'
No importa el ambiente, donde sea no' comemo'
No hay planificación porque a ti la situación
Te descontrola y no hay forma de evitar la situación

Donde siempre terminamos sin ropa
No te conformas con un beso en la boca
Según tú dice', yo soy el que te provoca
Pero me busca' aunque sabe' que tengo a otra

Te-Te-Tengo reservado el hotel, pero con estas gana' no vamo' a llegar
Somo' do' desesperados, por eso nos tuvimos que marchar
Atrás nos espera el asiento
Tú ere' una aventura cuando te desnuda', -a-a-a'

La-La primera vez que perreamos
No pudimo' evitarlo y nos besamos (Ey)
Que el momento no acabara no dejamo'
En vano no fue, la toqué como un piano

Tu mirada me dijo que esto hoy gano (Yah)
Ah, mami, ¿tú quiere' más, tú quiere' más, tú quiere' más? (Wuh)
Bebé, pues no se hable más (Wuh)
No me suelte' y vámono' de una ve' (Ah)

Bendecío' por ser el que ve tu desnudez (Amén)
Lo más que me gusta 'e ti e' tu sencillez (Ah)
Le gusta agresivo, pero que entre con delicadez (Ey)
De la Metro a Mayagüez (Ra-Rauw)

¿Qué me dice usted?
Que la quiero volver a ver
Y volverla a besar
Yo te paso a buscar, buscar
Es que la bellaquera contigo
Con nadie me la consigo
De tus grito' no me olvido, oh-oh-oh-oh

Tengo reservado el hotel, pero con estas gana' no vamo' a llegar
Somo' do' desesperado', por eso nos tuvimo' que parquear
Atrá' nos espera el asiento
Tú ere' una aventura cuando te desnuda', -a-a-a'

Ra-Rauw, Rauw Alejandro
Con Chencho Corleone
Desbloqueando un nuevo nivel del perreo
Dímelo, Nino
Dulce Como Candy
VICE VERSA, porque la nena e' perversa
Ey
Ra-Rauw
Con los f*ckin' Sensei
Duars Entertainment
Gang",0.28294143080711365,0.030695509165525436,0.13821841776371002,0.09732580929994583,0.3973731994628906,0.03338199853897095,0.02006363868713379,1,0,90.02,0.69,0.51
Rauw Alejandro,DILUVIO,"Yeah, yeah
Rauw

Tres de la mañana me llama
Me dice que tiene ganas
De tener sexo y yo en el expreso
Ya de camino a su cama

En el cuarto cae un diluvio
Otra vez te vienes
Cada vez más yo te estudio
Y hasta que salga el Sol
Me quedo pa' darte lo tuyo
Los dos bien bellacos
Calentamos más que un julio

Castígala, dale lo que pide
Estamos en la zona que nada se prohíbe
Dale duro pa' que nunca se olvide
Castígala
Castígala

Me envía una foto por texto
Que me espera sin nada puesto
Ok, baby escucha el concepto
Tu virá, con las nalgas parás
Y las manos cruzá' que parezca un arresto
Ese toto me hizo una hipnosis
Mis pensamientos de ti están compuestos
¿Cuándo repetimos la dosis?
Mami
Ma' esto es sin dejarnos ver
A ti ninguna te puede frontear
Porque nunca la dejas caer
Dime cuando nos vamos a encontrar
Como pista te quiero romper
Todavía no me voy a acostar
Voa' esperar que me tires al cel
Vamo' a tener sex

En el cuarto cae un diluvio
Otra vez te vienes
Cada vez más yo te estudio
Y hasta que salga el Sol
Me quedo pa' darte lo tuyo
Los dos bien bellacos
Calentamos más que un julio
Mami, dile

Castígala, dale lo que pide
Estamos en la zona que nada se prohíbe
Dale duro pa' que nunca se olvide
Castígala
Castígala

Shorty, la nota explota
Yo no sé que pasaba
Tuve que agarrarme de ti fuerte
A ver hasta dónde llegaba
Shorty fue la nota
O la noche, pero yo no me quitaba
Sorry, si yo nunca me envuelvo
Pero tú estás complicada

Por la madrugada me llama
Me dice que tiene ganas
De tener sexo y yo en el expreso
Ya de camino a su cama

En el cuarto cae un diluvio
Otra vez te vienes
Cada vez más yo te estudio
Y hasta que salga el Sol
Me quedo pa' darte lo tuyo
Los dos bien bellacos
Calentamos más que un julio

Ra' Rauw
Rauw Alejandro
Ey, Cautiverio
Dímelo Keno
Dímelo Ninow, ey
Castígala, dale lo que
Castígala, pide
Castígala, dale lo que
Castígala
Fokin Sensei",0.09044568985700607,0.06547189503908157,0.642349898815155,0.07211373001337051,0.08310014754533768,0.028438182547688484,0.018080422654747963,9,0,94.97,0.8,0.68
Rauw Alejandro,Cúrame,"Hace unos días me caí del cielo
Tú no eres ella pero te deseo
Quédate cerca de mí, ven, cúrame esta noche
Y, aunque sea mentira, quiéreme esta noche

Tres cachas, marihuanos y Tusi
Guayando se le sube el escote
Ea, what the fuck? Cómo se me agacha
Mi ex, la tengo tachada

En cantidades llegan las botellas
El VIP brilla más que una estrella
Me gusta esta pero también aquella
Juro que esta noche me desquito de ella

Y ahora soy un pobre diablo
No tengo de tu amor pero culos tengo varios
Drogas y alcohol, es necesario
Solo juego solitario, tu nombre borrao de mi diario

Tú no eres ella pero bellaco me tienes hace rato
Viniste programada en mi formato
Se arrebató
Me suelta to' y yo ni trato

Hace unos días me caí del cielo
Tú no eres ella pero te deseo
Quédate cerca de mí, ven, cúrame esta noche
Y, aunque sea mentira, quiéreme esta noche

Tres cachas, marihuanos y Tusi
Guayando se le sube el escote
Ea, what the fuck? Cómo se me agacha
Y mi ex, la tengo tachada

Son las 12:00 y en el agua siguen los botes
'Tas prendía en fuego, quiere' que me sofoque
Si te corre, hacemos infinita la noche
Baila, baila

Bailando, la hebilla cómo me la guaya
Me toca, le encanta pasarse de la raya
Sin ropa se nota que le gusta la playa
El abdomen y su booty están on fire

En el aire hay humo y no es del incienso
La bellaquera sigue en ascenso
Nadie nos ve y el momento está intenso
Dime si piensas lo que yo pienso

Hace unos días me caí del cielo
Tú no eres ella pero te deseo
Quédate cerca de mí, ven, cúrame esta noche
Que, aunque sea mentira, quiéreme esta noche

Ra-Rauw
Kenobi
Handsome",0.038462355732917786,0.004920565523207188,0.033939771354198456,0.01557224616408348,0.03456179425120354,0.6426453590393066,0.2298978716135025,9,0,102.1,0.63,0.26
Rauw Alejandro,El Efecto,"Ah-yeah-yeah-yeah (Ah-yeah-yeah-yeah)
Yeah-yeah (Yeah-yeah)
Ah-yeah-yeah-yeah (Ah-yeah-yeah-yeah)
¿Quién sabe si mañana no te vuelvo a ver?
Vamo' a olvidarno’ de lo correcto
Me quiero portar mal, te lo hago saber
La nota ya me hizo el efecto

¿Por qué tu me bailas así?
Como si estuviéramo' en la cama
Que rica te tienes que sentir 'esnu’ita, sin nada
Dime cuándo y nos vamos a ir
Que se no' acaba el tiempo
Ya te tienes que decidir
Si vienes o lo deja' para luego

Baby, hoy sí que me puse yo pa' ti
Porque así freaky fue que tú me bailaste a mí
Moviéndote, twerking, de espalda te vi
Hey, baby, I'm sorry she, fre'quito me puso el verte así
Erótico se puso el encuentro entre tú y yo
Olvida si es correcto y el momento vivetelo
Si a mí, mami, tú me permite' fluir
Vera' que fácil yo te llevo al éxtasi’
No queda casi pa’ que cierren esto aquí
Y hagamo' horny que e’ lo que hacemo' aquí

¿Por qué tu me bailas así?
Como si estuviéramo' en la cama
Que rica te tienes que sentir 'esnu’ita, sin nada
Dime cuándo y nos vamos a ir
Que se no' acaba el tiempo
Ya te tienes que decidir
Si vienes o lo deja' para luego

Nadie está mirando
Y tampoco no se ve, hay poca lu'
Mi mente pensando
Con gana' de saber cómo en la cama te ve' tú
Si supiera' este efecto me provoca hacer (Hacer)
Pa' experimentar contigo varia' pose' (Pose')
Es que a mí todavía no me conoces
Como Calderón: ""Esto es pa' que te lo goces""

Yo sabía que esto pasaría
Que tú terminaría' amenecía' en mi cama
Despué' de esta noche to' se olvida
Y si quiere' otro día a cualquier hora me llamas
Yo sabía que esto pasaría
Que tú terminaría' amenecía' en mi cama (-ma, yeah)
Despué' de esta noche to' se olvida
Y si quiere' otro día a cualquier hora me llamas (-mas, yeah)

¿Por qué tu me bailas así?
Como si estuviéramo' en la cama
Que rica te tienes que sentir 'esnu'ita, sin nada
Dime cuándo y nos vamos a ir
Que se no' acaba el tiempo
Ya te tienes que decidir
Si vienes o lo deja' para luego

¿Quién sabe si mañana no te vuelvo a ver?
Vamo' a olvidarno' de lo correcto
Me quiero portar mal, te lo hago saber
La nota ya me hizo el efecto (Yah)
Ra' Rauw, ay
Ra' Rauw Alejandro
Chencho, Chencho
Chencho Corleone, baby
Dímelo Nigel, ey
Con Naisgai (Tun-tun-tun-tun-tun-tun-tun), hey
Duran The Coach
Duars Entertainment
Con los Sensei
Dímelo Colla, ay
Pina Records (Yah)",0.09230919927358627,0.04740612581372261,0.52712082862854,0.04532891884446144,0.17187240719795227,0.059689465910196304,0.056273024529218674,0,0,84.04,0.78,0.89
Rauw Alejandro,Khé?,"Te escribí lo que sentía y lo borré
Te dije que no te amaba y lo arruiné
Sabiendo que
Cuando te ibas, solo quería besarte
Me acuerdo cuando de tu casa me fui
Dije que ""no"" queriendo decir que ""sí""
Pero sentí tu duda y me atrajo la duda
Por eso estamos aquí

Me dices que pa' qué y yo te digo que
Si no somos nada, ¿entonces a qué
Estamos jugando? El tiempo volando
Y tú sin mí no sé si bien la estás pasando
Me dices que pa' qué y yo tе digo que
¿Pa' que nos mentimos? Si еn el fondo se
Te nota tanto, que te está matando
Decir que ahora sin mí mejor la estás pasando

Yo fronteando me hice el fuerte y me apeché
Tú queriendo ser mi amiga y te besé
Sabes muy bien
Que no podemos controlar los sentimientos
Y llamo a otras pa' olvidarme de ti
Pero en mi mente yo te tengo en repeat
Más que una calentura, baby, tú disimulas
Por eso estamos aquí

Me dices que pa' qué y yo te digo que
Si no somos nada, ¿entonces a qué
Estamos jugando? El tiempo volando
Y tú sin mí no sé si bien la estás pasando
Me dices que pa' qué y yo te digo que
¿Pa' que nos mentimos? Si en el fondo se
Te nota tanto, que te está matando
Decir que ahora mejor sin mí la estás pasando

Rauw
¿Cómo se llama este juego que estamos jugando los dos?
Con la hipocresía que llevamos la careta nos pueden creer
Tú supiste que te quiero
Yo te digo ""dame banda"", pero me quemo por dentro
Cuando estoy en romo feo
Yo te llamo y me quedo en mudez

Quédate
¿Pa' dónde tú va'? Ven, ¿pa' dónde tú va'?
Bae, quédate
¿Pa' dónde tú va'?

Me dices que pa' qué y yo te digo que
¿Pa' que nos mentimos? Si en el fondo se
Te nota tanto, que te está matando
Decir que ahora mejor sin mí la estás pasando

Me dices que pa' qué
Y yo te digo que, y yo te digo que, ¿pa' qué?
Me dices que pa' qué
Y tú sin mí no sé si bien la estás pasando
Mami
Es Rauw Alejandro junto a The King Romeo, jaja (The biggest)
Bebé, sí, yo no sé lo que tú y yo tenemo', pero quiero que sepas que es especial

Te escribí lo que sentía y lo borré
Te dije que no te amaba y lo arruiné
Sabiendo que
(Cuando te ibas, solo quería besarte)",0.041582535952329636,0.06702668219804764,0.26365089416503906,0.0786895602941513,0.22201982140541077,0.19566859304904938,0.13136188685894012,7,1,155.87,0.63,0.47
J Balvin,LA CANCIÓN,"Pensaba que te había olvidado
Pero pusieron la canción
Que cantamos bien borrachos
Que bailamos bien borrachos
Nos besamos bien borrachos los dos

Pensaba que te había olvidado
Pero pusieron la canción
Que cantamos bien borrachos
Que bailamos bien borrachos
Nos besamos bien borrachos los dos

Pensaba que te había olvidado

Justo cuando creía que por comerme a dos o diez
Te olvidaría, cogí un respiro y me salí de la vía
Y cómo un pendejo no sabía lo que hacía
Nunca lo superé, nunca te superé
Hasta me aprendí to'as las baladas en Inglés
Respiré y conté hasta tres eres la fantasia oscura de Kanye West

Bebe hey
Hace tiempo lo barato me salió caro
Ya solo Twiteo o a la loca disparo
¿Cómo olvidar lo bella que era en el carro?
La que aquí yo solo

Pensaba que te había olvidado
Pero pusieron la canción
Que cantamos bien borrachos
Que bailamos bien borrachos
Nos besamos bien borrachos los dos

Pensaba que te había olvidado
Pero pusieron la canción
Que cantamos bien borrachos
Que bailamos bien borrachos
Nos besamos bien borrachos los dos

Y hace tiempo
Que no venías a mi cabeza
Pero ya van par de cervezas
Y me acordé de cómo tú me besas
De todos los polvos encima de la mesa
En el carro, en la playa y el motel
En casa de tu pa' y cuándo yo te iba a ver
Las veces que tu Mai nos llegó a coger
Tú brincando moja'ita sudando Channel
Yo sé que lo nuestro es cosa de ayer
Y me pone contento que te va bien con él
Yo ni te extrañaba ni te quería ver
Pero pusieron la canción que te gustaba poner
Y me acordé ti, cuándo me hiciste feliz
Se acabó pues me fui, yo mismo me rio de mí, porque

Pensaba que te había olvidado
Pero pusieron la canción
Que cantamos bien borrachos
Que bailamos bien borrachos
Nos besamos bien borrachos los dos

Y yo pensaba que tú nombre estaba muerto
Pero te soñé despierto
Ey, hoy salí pa' la calle suelto
Sin sentimiento el corazón desierto

Y yo pensaba que tú nombre estaba muerto
Pero te soñé despierto
Hoy salí pa' la calle suelto
Sin sentimiento el corazón desierto",0.0450151190161705,0.02113780938088894,0.5960283279418945,0.0331573486328125,0.1363067924976349,0.07428934425115585,0.09406524151563644,7,1,176.09,0.65,0.43
J Balvin,Mi Gente,"Si el ritmo te lleva a mover la cabeza
Ya empezamos como es
Mi música no discrimina a nadie
Así que vamos a romper

Toda mi gente se mueve
Mira el ritmo como los tiene
Hago música que entretiene
El mundo nos quiere, nos quiere
Y me quiere a mí

Toda mi gente se mueve
Mira el ritmo como los tiene
Hago música que entretiene
Mi música los tiene fuerte bailando
Y se baila así

Estamos rompiendo la discoteca
La fiesta no para, apenas comienza
Se come-ci, si comme-ça
Ma chèrie, la la la la la
Francia, Colombia
Me gusta (Freeze)
J Balvin, Willy William
Me gusta (Freeze)
Los DJ's no mienten, le gusta a mi gente
Y eso se fue mundial (Freeze)
No le bajamos, más nunca paramos
Es otro palo y ¡Blam!

Y dónde está mi gente?
Mais fais bouger la tête
Y dónde está mi gente?
Say yeah, yeah, yeah
1, 2, 3, leggo'
(Ay di que sí)

Esquina a esquina, de ahí no' vamo'
El mundo es grande pero lo tengo en mi mano
Estoy muy duro, si? Ok, ahí vamo'
Y con el tiempo nos seguimos elevando

Que seguimos rompiendo aquí
Esta fiesta no tiene fin
Botellas para arriba, si
Los tengo bailando, rompiendo y yo sigo aquí

Que seguimos rompiendo aquí
Esta fiesta no tiene fin
Botellas para arriba, si
Los tengo bailando, rompiendo y yo sigo aquí

Y dónde está mi gente?
Mais fais bouger la tête
Y dónde está mi gente?
Say yeah, yeah, yeah
1, 2, 3, leggo'
(Ay di que sí)

Worldwide
Willy William
J Balvin, man",0.049700845032930374,0.03358789533376694,0.2889062166213989,0.06089787557721138,0.19917379319667816,0.1269998550415039,0.24073345959186554,11,0,104.96,0.69,0.31
J Balvin,QUE PRETENDES,"Ahora quiere volver
(Ahora quiere volver, yeah)
¿Por qué razón?
Dime para qué (Para qué, para qué)
Ya no te presto atención (Ninguna)
Desde hace tiempo le puse punto final

¿Qué pretendes tú llamándome a esta hora?
Esa actitud la conozco ya
Sabes qué hacer muy bien para envolverme
Pero esta vez es muy tarde ya

Estas no son horas de llamar
A menos que me lo quiera' mama'
Que quiera' prender, que quiera' quemar
Hablando claro ya tú me caía' hasta mal
Por ti me metí pastilla' y me fui de overflow la mal

Pero tú no ere' una Kardashian
Contigo no me tiro, porque si no las retro se me embachan
De Snapchat te borré, de Facebook te borré
De Instagram te borré, de mi vida te borré

Y ahora quiere volver (Na')
Na', tú lo que quiere' e' joder
Pero no se va a poder
Me vas a ver con otra y te vas a morder

Y ahora quiere volver
Na', tú lo que quiere' e' joder
Pero no se va a poder
Me vas a ver con otra y te vas a morder

¿Qué pretendes tú llamándome a esta hora?
Esa actitud la conozco ya
Sabes qué hacer muy bien para envolverme
Pero esta vez es muy tarde ya
Yeah, yeah, yeah, yeah, yeah, yeah

Intentas hacerlo todo para que yo vuelva
Las cosas no son iguales, para qué insistir
Evita molestias y tu tiempo no pierdas
Conmigo no encuentras nada

A escondidas vives chequeando las fotos
Investigando mi perfil
No lo niegues, bien te conozco

Todo lo que tú hiciste conmigo
Quiere' repetirlo
Anda buscando más
Y a mí eso me da igual

Todo lo que tú hiciste conmigo
Quiere' repetirlo
Anda buscando más
Y a mí eso me da igual

¿Qué pretendes tú llamándome a esta hora?
Esa actitud la conozco ya
Sabes qué hacer muy bien para envolverme
Pero esta vez es muy tarde ya

¿Qué pretendes tú llamándome a esta hora?
Esa actitud la conozco ya
Sabes qué hacer muy bien para envolverme
Pero esta vez es muy tarde ya
Yeah, yeah, yeah, yeah, yeah, yeah

Sky Rompiendo
Yeah, yeah, yeah, yeah
Rompiendo el Bajo
Bad Bunny, baby-be-be-be-be
Bebé, bebé
J Balvin
Leggo
J Balvin
Bad Bunny
Oasis
Oasis, baby",0.07116910070180893,0.012913481332361698,0.59233158826828,0.023739276453852654,0.11278708279132843,0.08129865676164627,0.1057608351111412,10,0,92.6,0.79,0.94
J Balvin,Ginza,"Infinity!

Si necesitas reggaeton dale
Sigue bailando mami no pares
Acércate a mi pantalón dale
Vamos a pegarnos como animales
Si necesitas reggaeton dale
Sigue bailando mami no pares
Acércate a mi pantalón dale
Vamos a pegarnos como animales

Muévete a mi ritmo
Sientes el magnetismo
Tu cadera con la mia (boom)
Hacen un sismo
Ahora da lo mismo
El amor hoy es tu ritmo
Diciéndole que no al que viene con romanticismo

Si te dan ganas de bailar pues dale
En esta disco todos somos iguales
Te ves bonita con tu swing salvaje
Sigue bailando que pa eso te traje

Si te dan ganas de bailar pues dale
En esta disco todos somos iguales
Te ves bonita con tu swing salvaje
Sigue bailando que pa eso te traje

Si necesitas reggaeton dale
Sigue bailando mami no pares
Acércate a mi pantalón dale
Vamos a pegarnos como animales

Si necesitas reggaeton dale
Sigue bailando mami no pares
Acércate a mi pantalón dale
Vamos a pegarnos como animales

Y yo hoy estoy aquí imaginando
Sexy baila y me deja con las ganas
Y yo hoy estoy aquí imaginándolo
Sexy baila y me deja con las ganas

Que bien te queda a ti esa faldita
Ella es señora, no es señorita
Sexy baila y me deja con las ganas

Como te luces cuando lo meneas
Cuanto quisiera hacerte el amor
Enséñame lo que sabes

Si necesitas reggaeton dale
Sigue bailando mami no pares
Acércate a mi pantalón dale
Vamos a pegarnos como animales

Si necesitas reggaeton dale
Sigue bailando mami no pares
Acércate a mi pantalón dale
Vamos a pegarnos como animales

1,2,3 let's go!",0.03829715773463249,0.05345027521252632,0.4742864668369293,0.10868960618972778,0.11189331859350204,0.1451490968465805,0.0682341679930687,5,0,101.97,0.81,0.83
J Balvin,In Da Getto,"Dancin' at the ghetto
And at the ghetto
Party in the ghetto
And at the ghetto

Esto se jodió
La vecina no sé qué bebió
El vecino no sé qué prendió
A la gente no sé qué le dio, pero
To' el mundo está loco (Está loco)
To' el mundo, to' el mundo está loco (Está loco)
To' el mundo raya'o del coco
Y yo solo sé que montaron

Dancin' at the ghetto
And at the ghetto
Party in the ghetto
And at the ghetto
Dancin' at the ghetto
And at the ghetto
Party in the ghetto
And at the ghetto

En el ghetto hay party, to' el mundo, everybody
'Tamo flow rastafari, 'tá perfecto ese body
Mami, tú estás bien salvaje y yo que estoy de safari
DJ, no le baje', pongan la de Tego y de Daddy
Ese culo e' de quilate' (-late'), se te notan los pilate' (-late')
O tú gana' o yo gano, no lo dejamo' en empate (Empate)
En mi casa es el remate (-mate)
Nos fuimo' lowkey (-key), calla'o, sin dar detalle' (-talle')
La gente ya se dio cuenta, que montamo' la disco en la calle
Y esto es

Dancin' at the ghetto
And at the ghetto
Party in the ghetto
And at the ghetto
Dancin' at the ghetto
And at the ghetto
Party in the ghetto
And at the ghetto

E-En el barrio siempre hay bailoteo, Ave María (Ave María)
El trago nunca falta ni la buena compañía
Yeah, cómo ha cambiado la vida
Yo crecí en el ghetto y el mundo e' la casa mía (Mía, mía, mía)

Dancin' at the ghetto
And at the ghetto
Party in the ghetto
And at the ghetto
Dancin' at the ghetto
And at the ghetto
Party in the ghetto
And at the ghetto

Skri-Skri, Skrillex
J Balvin, man
Tainy
Mosty
And at the ghetto (¡Wuh!)
And at the ghetto
In da ghetto
And at the ghetto (¡Wuh!)
Party in the ghetto
J Balvin, man",0.07095836102962494,0.07285052537918091,0.33256611227989197,0.1574207991361618,0.19449764490127563,0.08253256976604462,0.08917403221130371,8,1,126.99,0.72,0.63
J Balvin,Azul,"Le gusta salir y amanecer
Beber y enloquecerse
Y cuando el día termine
No sé si la vuelvo a ver

Yo que no traje bloqueador
Pa' tanto calor que quema

Y ese cuerpito que tú tienes
El traje de baño, chiquitito te queda
Esa blanquita coge Sol
Y, de una, ya se pone morena

Un trago en mano, bien borracha
Todos saben que su vida es extrema
Dice que no, pero sé
Que mi flow le corre por las vena'

Y ese cuerpito que tú tienes
El traje de baño, chiquitito te queda
Esa blanquita coge Sol
Y, de una, ya se pone morena

Un trago en mano, bien borracha
Todos saben que su vida es extrema
Dice que no, pero sé
Que mi flow le corre por las vena'

Leggo

Mami, sacúdete la arena
Con ese booty, me duele que seas ajena, ey (ajena)
Se puso una de mis cadena'
Nunca le baja, siempre con la copa llena

Ella entró, saludó y en el bote se montó
Dos cachas y tosió cuando Sky se lo pasó
Me pegué, lo meneó, nunca me dijo que no
Se lució, abusó, y eso que ni se esforzó

Yo que no traje bloqueador
Pa' tanto calor que quema

Y ese cuerpito que tú tienes
El traje de baño, chiquitito te queda
Esa blanquita coge Sol
Y, de una, ya se pone morena

Un trago en mano, bien borracha
Todos saben que su vida es extrema
Dice que no, pero sé
Que mi flow le corre por las vena' (ooh)

Con tu cuerpo, sube la marea (la marea)
En traje de baño, bobo me deja
A lo Yankee, estás dura
Como Maluma, pa' que suba la temperatura

Hace calor, hace calor
Por tu cuerpo baja tu sudor
Toma aguardiente y lo pasa con ron
Si no es bikini, ropa interior

Cuando la vi, yo le dije: ¿cómo fue? (Cómo fue)
Abajo del yate fue que la pillé (la pillé)
Está loca y de todo prueba

Y ese cuerpito que tú tienes
El traje de baño, chiquitito te queda
Esa blanquita coge Sol
Y, de una, ya se pone morena

Un trago en mano, bien borracha
Todos saben que su vida es extrema
Dice que no, pero sé
Que mi flow le corre por las vena'

Y ese cuerpito que tú tienes
El traje de baño, chiquitito te queda
Esa blanquita coge Sol
Y, de una, ya se pone morena

Un trago en mano, bien borracha
Todos saben que su vida es extrema
Dice que no, pero sé
Que mi flow le corre por las vena'

Yeh-yeh
Yeh-yeh",0.03438757732510567,0.10420915484428406,0.4892956018447876,0.051855605095624924,0.03343890607357025,0.05717960372567177,0.22963348031044006,6,0,94.02,0.83,0.65
J Balvin,Brillo,"Estoy brillando con highlighter
¿No lo ves?
Un clavel en mi melena
¿No lo ves?
He subi'o quince Stories
¿No lo ves?
Mira que quiero ser buena
¿No lo ves?

Oh, no, no lo ves
(¡Niño!)

Tú tienes que ¿? la ciudad
Lloran con mis penas si salgo a cantar
Tráeme el desayuno
¿? negra estás
Haz lo que te pida
Te llevo a cenar

He entrado poco, va a ser demasiado tarde
Mira niña si tú subes por ahí
Me he tomado la molestia de avisarte
Un día de plata, si ya no me ves aquí

Estoy brillando con highlighter
¿No lo ves?
Un clavel en mi melena
¿No lo ves?
He subi'o quince Stories
¿No lo ves?
Mira que quiero ser buena
¿No lo ves?

Uh, na, na, na, na, na
Siempre me dice que no va a esperarme
Uh, na, na, na, na, na
Luego ya arreglamos antes de acostarme

He entrado poco, va a ser demasiado tarde
Mira niña si tú subes por ahí
Me he tomado la molestia de avisarte
Un día de plata, si ya no me ves aquí

¿Pa, pa, pa qué highlighter, si tú brillas sola?
Quiero ser el número uno en tu emisora
Si me convierto en surfista es pa' montarme en tus olas
Le pedí a Dios que te cuide, pero tú te cuidas sola
Solo me es difícil de controlar
¿Estás segura? Piénsalo antes de actuar
Relájate conmigo, ¿Que tú crees? Sí
Juntos nos quedamos, viendo Netflix

Se acabaron las lágrimas
Si te miro y me giras sin decir na' (callá)
No juegues con fuego más
Ten cuida'o que al final te vas a quemar

Estoy brillando con highlighter
¿No lo ves?
Un clavel en mi melena
¿No lo ves?
He subi'o quince Stories
¿No lo ves?
Mira que quiero ser buena
¿No lo ves?

Sky
Olé, mi Jose
Así sí
La Rosalía
Mira, toma que toma",0.21080534160137177,0.029854444786906242,0.3331001400947571,0.023125436156988144,0.21426783502101898,0.13167548179626465,0.05717134475708008,9,0,145.95,0.38,0.77
Lana Del Rey,Summertime Sadness,"Kiss me hard before you go
Summertime sadness
I just wanted you to know
That, baby, you're the best

I got my red dress on tonight
Dancing in the dark in the pale moonlight
Done my hair up real big beauty queen style
High heels off, I'm feeling alive

Oh, my God, I feel it in the air
Telephone wires above are sizzling like a snare
Honey, I'm on fire, I feel it everywhere
Nothing scares me anymore

(1, 2, 3, 4)

Kiss me hard before you go
Summertime sadness
I just wanted you to know
That, baby, you're the best

I've got that summertime, summertime sadness
S-s-summertime, summertime sadness
Got that summertime, summertime sadness
Oh, oh, oh, oh, oh

I'm feelin' electric tonight
Cruising down the coast goin' 'bout 99
Got my bad baby by my heavenly side
I know if I go, I'll die happy tonight

Oh, my God, I feel it in the air
Telephone wires above are sizzling like a snare
Honey, I'm on fire, I feel it everywhere
Nothing scares me anymore

(1, 2, 3, 4)

Kiss me hard before you go
Summertime sadness
I just wanted you to know
That, baby, you're the best

I've got that summertime, summertime sadness
S-s-summertime, summertime sadness
Got that summertime, summertime sadness
Oh, oh, oh, oh, oh

I think I'll miss you forever
Like the stars miss the sun in the morning sky
Later's better than never
Even if you're gone I'm gonna drive (drive, drive)

I've got that summertime, summertime sadness
S-s-summertime, summertime sadness
Got that summertime, summertime sadness
Oh, oh, oh, oh, oh

Kiss me hard before you go
Summertime sadness
I just wanted you to know
That, baby, you're the best

I've got that summertime, summertime sadness
S-s-summertime, summertime sadness
Got that summertime, summertime sadness
Oh, oh, oh, oh, oh",0.0936751738190651,0.02982923574745655,0.021394286304712296,0.8397822380065918,0.009959029965102673,0.0021442114375531673,0.00321582006290555,1,0,126.05,0.81,0.11
Lana Del Rey,Video Games,"Swinging in the backyard
Pull up in your fast car
Whistling my name

Open up a beer
And you say get over here
And play a video game

I'm in his favorite sun dress
Watching me get undressed
Take that body downtown

I say you the bestest
Lean in for a big kiss
Put his favorite perfume on

Go play a video game

It's you, it's you, it's all for you
Everything I do
I tell you all the time
Heaven is a place on earth with you
Tell me all the things you want to do
I heard that you like the bad girls
Honey, is that true?
It's better than I ever even knew
They say that the world was built for two
Only worth living if somebody is loving you
Baby now you do

Singing in the old bars
Swinging with the old stars
Living for the fame

Kissing in the blue dark
Playing pool and wild darts
Video games

He holds me in his big arms
Drunk and I am seeing stars
This is all I think of

Watching all our friends fall
In and out of Old Paul's
This is my idea of fun
Playing video games

It's you, it's you, it's all for you
Everything I do
I tell you all the time
Heaven is a place on earth with you
Tell me all the things you want to do
I heard that you like the bad girls
Honey, is that true?
It's better than I ever even knew
They say that the world was built for two
Only worth living if somebody is loving you
Baby now you do

(Now you do)

It's you, it's you, it's all for you
Everything I do
I tell you all the time
Heaven is a place on earth with you
Tell me all the things you want to do
I heard that you like the bad girls
Honey, is that true?
It's better than I ever even knew
They say that the world was built for two
Only worth living if somebody is loving you
Baby now you do",0.05608980730175972,0.28088438510894775,0.516452968120575,0.025498157367110252,0.04011149704456329,0.03914482519030571,0.041818369179964066,6,0,72.85,0.25,0.18
Lana Del Rey,Young and Beautiful,"I've seen the world, done it all
Had my cake now
Diamonds, brilliant, and Bel Air now
Hot summer nights, mid-July
When you and I were forever wild
The crazy days, city lights
The way you'd play with me like a child

Will you still love me when I'm no longer young and beautiful?
Will you still love me when I got nothing but my aching soul?
I know you will, I know you will, I know that you will
Will you still love me when I'm no longer beautiful?

I've seen the world, lit it up as my stage now
Channeling angels in the new age now
Hot summer days, rock and roll
The way you'd play for me at your show
And all the ways I got to know
Your pretty face and electric soul

Will you still love me when I'm no longer young and beautiful?
Will you still love me when I got nothing but my aching soul?
I know you will, I know you will, I know that you will
Will you still love me when I'm no longer beautiful?

Dear Lord, when I get to heaven
Please, let me bring my man
When he comes, tell me that You'll let him in
Father, tell me if You can
All that grace, all that body
All that face makes me wanna party
He's my Sun, he makes me shine like diamonds

Will you still love me when I'm no longer young and beautiful?
Will you still love me when I got nothing but my aching soul?
I know you will, I know you will, I know that you will
Will you still love me when I'm no longer beautiful?

Will you still love me when I'm no longer beautiful?
Will you still love me when I'm not young and beautiful?",0.2699936628341675,0.13446848094463348,0.3585965037345886,0.1795053631067276,0.03185093030333519,0.022073034197092056,0.003512029303237796,11,0,113.99,0.42,0.15
Lana Del Rey,Born to Die,"Feet don't fail me now
Take me to the finish line
All my heart, it breaks every step that I take
But I'm hoping that the gates,
They'll tell me that you're mine
Walking through the city streets
Is it by mistake or design?
I feel so alone on a friday night
Can you make it feel like home, if I tell you you're mine
It's like I told you honey

Don't make me sad, don't make me cry
Sometimes love's not enough when the road gets tough
I don't know why
Keep making me laugh,
Let's go get high
Road's long, we carry on
Try to have fun in the meantime

Come and take a walk on the wild side
Let me kiss you hard in the pouring rain
You like your girls insane
Choose your last words
This is the last time
Cause you and I, we were born to die

Lost but now I am found
I can see but once I was blind
I was so confused as a little child
Tried to take what I could get
Scared that I couldn't find
All the answers, honey

Don't make me sad, don't make me cry
Sometimes love's not enough when the road gets tough
I don't know why
Keep making me laugh,

Let's go get high
Road's long, we carry on
Try to have fun in the meantime

Come and take a walk on the wild side
Let me kiss you hard in the pouring rain
You like your girls insane
Choose your last words,
This is the last time
Cause you and I
We were born to die
We were born to die
We were born to die

Come and take a walk on the wild side
Let me kiss you hard in the pouring rain
You like your girls insane

Don't make me sad, don't make me cry
Sometimes love's not enough when the road gets tough
I don't know why
Keep making me laugh,
Let's go get high
Road's long, we carry on
Try to have fun in the meantime

Come and take a walk on the wild side
Let me kiss you hard in the pouring rain
You like your girls insane
Choose your last words
This is the last time
Cause You and I
We were born to die
We were born to die

(Merci à Lenow pour cettes paroles)",0.004275244195014238,0.0008835856569930911,0.004963490646332502,0.9785230755805969,0.007900550961494446,0.001839025062508881,0.0016150641022250056,4,0,86.02,0.63,0.38
Lana Del Rey,West Coast,"Down on the West Coast, they got a saying
If you're not drinking, then you're not playing
But you've got the music
You've got the music in you, don't you?

Down on the West Coast, I get this feeling, like
It all could happen, that's why I'm leaving
You for the moment, you for the moment
Boy Blue, yeah, you

You're falling hard, I push away, I'm feelin' hot to the touch
You say you miss me and I wanna say I miss you so much
But something keeps me really quiet, I'm alive, I'm a lush
Your love, your love, my love

I can see my baby swinging
His Parliament's on fire and his hands are up
On the balcony and I'm singing
Ooh, baby, ooh, baby, I'm in love

I can see my sweet boy swaying
He's crazy y cubano como yo, la-la
On the balcony and I'm saying
Move, baby, move, baby, I'm in love
I'm in love (I'm in love)
I'm in love (I'm in love)

(Mic-check)
(One, two)
(Two, two)
(Get it, girl)

Down on the West Coast, they got their icons
Their silver starlets, their Queens of Saigons
And you've got the music
You've got the music in you, don't you?

Down on the West Coast, they love their movies
Their golden gods and rock'n'roll groupies
And you've got the music
You've got the music in you, don't you?

You push it hard, I pull away, I'm feeling hotter than fire
I guess that no one ever really made me feel that much higher
Te deseo, cariño, boy, it's you I desire
Your love, your love, my love

I can see my baby swinging
His Parliament's on fire and his hands are up
On the balcony and I'm singing
Ooh, baby, ooh, baby, I'm in love

I can see my sweet boy swaying
He's crazy y cubano como yo, la-la
On the balcony and I'm saying
Move, baby, move, baby, I'm in love

I can see my baby swinging
His Parliament's on fire and his hands are up
On the balcony and I'm singing
Ooh, baby, ooh, baby, I'm in love

I can see my sweet boy swaying
He's crazy y cubano como yo, la-la
On the balcony and I'm saying
Move, baby, move, baby, I'm in love

I'm in love
I'm in love",0.04383562132716179,0.01913376897573471,0.5154547095298767,0.10059180855751038,0.07377225905656815,0.07358449697494507,0.17362739145755768,6,0,123.17,0.59,0.46
Lana Del Rey,Diet Mountain Dew,"You're no good for me
Baby you're no good for me
You're no good for me
But baby I want you, I want you

Diet mountain dew, baby, New York City
Never was there ever a girl so pretty
Do you think we'll be in love forever?
Do you think we'll be in love?
Diet mountain dew, baby, New York City
Can we get it now, low
Down and gritty?
Do you think we'll be in love forever?
Do you think we'll be in love?

Baby put on heart shaped sunglasses
Cause we gonna take a ride
I'm not gonna listen to what the past says
I've been waiting up all night
Take another drag turn me to ashes
Ready for another lie?
Says he's gonna teach me just what fast is
Say it's gonna be alright

Diet mountain dew, baby, New York City
Never was there ever a girl so pretty
Do you think we'll be in love forever?
Do you think we'll be in love?
Diet mountain dew, baby, New York City
Can we get it now, low down and gritty?
Do you think we'll be in love forever?
Do you think we'll be in love?

Let's take Jesus off the dashboard
Got enough on his mind
We both know just what we're here for
Saved too many times
Maybe I like this roller coaster
Maybe it keeps me high
Maybe the speed it brings me closer
I could sparkle up your eye

Diet mountain dew, baby, New York City
Never was there ever a girl so pretty
Do you think we'll be in love forever?
Do you think we'll be in love?
Diet mountain dew, baby, New York City
Can we get it now, low down and gritty?
Do you think we'll be in love forever?
Do you think we'll be in love?

You're no good for me
Baby you're no good for me
You're no good for me
But baby I want you, I want you
You're no good for me
Baby you're no good for me
You're no good for me
But baby I want you, I want you, I want you

Diet mountain dew, baby, New York City
Never was there ever a girl so pretty
Do you think we'll be in love forever?
Do you think we'll be in love?

Baby stoppin' at seven eleven
There in his white Pontiac heaven
Do you think we'll be in love forever?
Do you think we'll be in love?

Diet mountain dew, baby, New York City
Never was there ever a girl so pretty
Do you think we'll be in love forever?
Do you think we'll be in love?
Diet mountain dew, baby, New York City
Can we get it now, low down and gritty?
Do you think we'll be in love forever?
Do you think we'll be in love?

You're no good for me
Baby you're no good for me
You're no good for me
But baby I want you, I want you
You're no good for me
Baby you're no good for me
You're no good for me
But baby I want you, I want you
You're no good for me
Baby you're no good for me
You're no good for me
But baby I want you, I want you",0.12125814706087112,0.016244005411863327,0.16204024851322174,0.5698773264884949,0.0743667483329773,0.022643888369202614,0.033569592982530594,10,0,88.01,0.7,0.53
Lana Del Rey,Brooklyn Baby,"They say I'm too young to love you
I don't know what I need
They think I don't understand
The Freedomland of the seventies
I think I'm too cool to know ya
You say I'm like the ice I freeze
I'm churning out novels like
Beat poetry on Amphetamines
I say
I say

My boyfriend's in the band
He plays guitar while I sing Lou Reed
I've got feathers in my hair
I get down to Beat poetry
And my jazz collection's rare
I can play most anything
I'm a Brooklyn baby
I'm a Brooklyn baby

They say I'm too young to love you
You say I'm too dumb to see
They judge me like a picture book
By the colors like they forgot to read
I think we're like fire and water
I think we're like the wind and sea
You're burning up, I'm cooling down
You're up, I'm down
You're blind, I see
But I'm free
I'm free

Well my boyfriend's in a band
He plays guitar while I sing Lou Reed
I've got feathers in my hair
I get down to beat poetry
And my jazz collection's rare
I can play most anything
I'm a Brooklyn baby
I'm a Brooklyn baby

I'm talking about my generation
Talking about that newer nation
And if you don't like it
You can beat it
Beat it, baby
You never liked the way I said it
If you don't get it, then forget it
So I don't have to fucking explain it

And my boyfriend's in a band
He plays guitar while I sing Lou Reed
I've got feathers in my head
I get high on hydroponic weed
And my jazz collection's rare
I get down to beat poetry
I'm a Brooklyn baby
I'm a Brooklyn baby

Yeah my boyfriend's really cool
But he's not as cool as me
Cause I'm a Brooklyn baby
I'm a Brooklyn baby",0.3656668961048126,0.012730801478028297,0.36484822630882263,0.04252946376800537,0.06652481108903885,0.09086159616708755,0.056838251650333405,1,1,107.75,0.66,0.09
Lana Del Rey,National Anthem,"Money is the anthem
Of success
So before we go out
What's your address?

I'm your National Anthem
God, you're so handsome
Take me to the Hamptons
Bugatti Veyron

He loves to romance them
Reckless abandon
Holdin' me for ransom
Upper echelon

He says to ""be cool"" but
I don't know how yet
Wind in my hair
Hand on the back of my neck
I said, ""Can we party later on?""
He said, ""Yes, yes""

Tell me I'm your National Anthem
Ooh, yeah, baby, bow down
Making me so wow, wow
Tell me I'm your National Anthem
Sugar, sugar, how now
Take your body down town
Red, white, blue's in the skies
Summer's in the air and
Baby, heaven's in your eyes
I'm your National Anthem

Money is the reason
We exist
Everybody knows it, it's a fact
Kiss, kiss

I sing the National Anthem
While I'm standing over your body
Hold you like a python
And you can't keep your hands off me
Or your pants on
See what you've done to me
Give me Chevron

You said to ""be cool"" but
I'm already coolest
You said to ""get real""
Don't you know who you're dealing with?
Um, do you think you'll buy me lots of diamonds?

Tell me I'm your National Anthem
Ooh, yeah, baby, bow down
Making me so wow, wow
Tell me I'm your National Anthem
Sugar, sugar, how now
Take your body down town
Red, white, blue's in the skies
Summer's in the air and
Baby, heaven's in your eyes
I'm your National Anthem

It's a love story for the new age
For the six page
Want a quick sick rampage?
Wining and dining
Drinking and driving
Excessive buying
Overdosin', dyin'
On our drugs and our love
and our dreams and our rage
Blurring the lines between real and the fake
Love again, lonely
I need somebody to hold me
We will do very well
I can tell, I can tell
Keep me safe in his bell tower, hotel

Money is the anthem of success
So put on mascara, and your party dress

I'm your National Anthem
Boy, put your hands up
Give me a standing ovation
Boy, you is landin'
Babe, in the land of
Sweetness and Angel
Queen of Saigon

Tell me I'm your National Anthem
Ooh, yeah, baby, bow down
Making me so wow, wow
Tell me I'm your National Anthem
Sugar, sugar, how now
Take your body down town
Red, white, blue's in the skies
Summer's in the air and
Baby, heaven's in your eyes
I'm your National Anthem

Money is the anthem
God, you're so handsome
Money is the anthem
Of success
Money is the anthem
God, you're so handsome
Money is the anthem
Of success
Money is the anthem
God, you're so handsome
Money is the anthem
Of success
Money is the anthem
God, you're so handsome
Money is the anthem
Of success",0.1727343052625656,0.010888466611504555,0.6100934147834778,0.06386439502239227,0.05606013908982277,0.0691700279712677,0.0171892661601305,0,0,85.0,0.9,0.44
Phoebe Bridgers,Motion Sickness,"I hate you for what you did
And I miss you like a little kid
I faked it every time but that's alright
I can hardly feel anything
I hardly feel anything at all

You gave me fifteen hundred
To see your hypnotherapist
I only went one time, you let it slide
Fell on hard times a year ago
Was hoping you would let it go and you did

I have emotional motion sickness
Somebody roll the windows down
There are no words in the English language
I could scream to drown you out

I'm on the outside looking through
You're throwing rocks around your room
And while you're bleeding on your back in the glass
I'll be glad that I made it out
And sorry that it all went down like it did

I have emotional motion sickness
Somebody roll the windows down
There are no words in the English language
I could scream to drown you out

And why do you sing with an English accent
I guess it's too late to change it now
You know I'm never gonna let you have it
But I will try to drown you out

You said when you met me you were bored
You said when you met me you were bored
And you you were in a band when I was born

I have emotional motion sickness
I try to stay clean and live without
And I want to know what would happen
If I surrender to the sound
Surrender to the sound",0.08804374933242798,0.02542361244559288,0.0893985703587532,0.5005372166633606,0.051311392337083817,0.21009323000907898,0.03519223630428314,1,1,107.02,0.55,0.62
Phoebe Bridgers,Scott Street,"Walking Scott Street, feeling like a stranger
With an open heart, open container
I've got a stack of mail and a tall can
It's a shower beer it's a payment plan

There's helicopters over my head
Every night when I go to bed
Spending money and I earned it
When I'm lonely, that's when I'll burn it

Do you feel ashamed
When you hear my name

I asked you ""How is your sister?
I heard she got her degree""
And I said, ""That makes me feel old""

He said, ""What does that make me?""

I asked you ""How is playing drums?""
You said it's too much shit to carry
""And what about the band?""
You said they're all getting married

Do you feel ashamed
When you hear my name

Anyway, don't be a stranger
Anyway, don't be a stranger
Don't be a stranger",0.010077660903334618,0.0015081486199051142,0.009782337583601475,0.00554930092766881,0.9604179263114929,0.004566970746964216,0.00809769332408905,10,1,134.94,0.42,0.48
Phoebe Bridgers,I Know the End,"Somewhere in Germany, but I can't place it
Man, I hate this part of Texas
Close my eyes, fantasize
Three clicks and I'm home
When I get back I'll lay around
And I'll get up and lay back down
Romanticize a quiet life
There's no place like my room

But you had to go
I know, I know, I know
Like a wave that crashed and melted on the shore
Not even the burnouts are out here anymore
And you had to go
I know, I know, I know

Out in the park, we watch the sunset
Talking on a rusty swing set
After a while you went quiet
And I got mean
Always pushing you away from me
But you come back with gravity
And when I call, you come home
A bird in your teeth

So I gotta go
I know, I know, I know
When the sirens sound, you'll hide under the floor
But I'm not gonna go down with my hometown in a tornado
I'm gonna chase it
I know, I know, I know
I gotta go now

I know, I know, I know

Driving out into the sun
Let the ultraviolet cover me up
Went looking for a creation myth
Ended up with a pair of cracked lips
Windows down, scream along
To some America First rap country song
A slaughterhouse, an outlet mall
Slot machines, fear of God
Windows down, heater on
Big bolts of lightning hanging low
Over the coast, everyone's convinced
It's a government drone or an alien spaceship
Either way, we're not alone
I'll find a new place to be from
A haunted house with a picket fence
To float around and ghost my friends

No, I'm not afraid to disappear
The billboard said ""The End Is Near""
I turned around, there was nothing there
Yeah, I guess the end is here

The end is here
The end is here
The end is here
The end is... ahh!",0.006835165433585644,0.006691154558211565,0.04053807258605957,0.029351599514484406,0.6073651909828186,0.2090662568807602,0.10015252977609634,1,1,111.83,0.32,0.26
Phoebe Bridgers,Kyoto,"Day off in Kyoto
Got bored at the temple
Looked around at the 7-Eleven
The band took the speed train
Went to the arcade
I wanted to go, but I didn't
You called me from a payphone
They still got payphones
It cost a dollar a minute
To tell me you're getting sober
And you wrote me a letter
But I don't have to read it

I'm gonna kill you
If you don't beat me to it
Dreaming through Tokyo skies

I wanted to see the world
Then I flew over the ocean
And I changed my mind (Woo)

Sunset's been a freak show
On the weekend, so
I've been driving out to the suburbs
To park at the Goodwill
And stare at the chemtrails
With my little brother
He said you called on his birthday
You were off by like ten days
But you get a few points for tryin'
Remember getting the truck fixed
When you let us drive it
Twenty-five felt like flying

I don't forgive you

But please don't hold me to it
Born under Scorpio skies
I wanted to see the world
Through your eyes until it happened
Then I changed my mind

Guess I lied
I'm a liar
Who lies
'Cause I'm a liar",0.07452575117349625,0.005718562752008438,0.09490913897752762,0.10553184896707535,0.6027795672416687,0.09735506772994995,0.01917998492717743,11,1,131.01,0.75,0.5
Phoebe Bridgers,Moon Song,"You asked to walk me home
But I had to carry you
And you pushed me in
And now my feet can't touch the bottom of you

You couldn't have
You couldn't have
Stuck your tongue down the throat of somebody
Who loves you more
So I will wait for the next time you want me
Like a dog with a bird at your door
Mmm

We hate Tears In Heaven
But it's sad that his baby died
And we fought about John Lennon

Until I cried
And then went to bed upset

But now I am dreaming
And you're singing at my birthday
And I've never seen you smiling so big
It's nautical themed
And there's something I'm supposed to say
But can't for the life of me
Remember what it is

And if I could give you the moon
I would give you the moon

You are sick and you're married
And you might be dying
But you're holding me like water in your hands
When you saw the dead little bird

You started crying
But you know the killer doesn't understand",0.016304729506373405,0.0026479647494852543,0.06455983966588974,0.03662259131669998,0.21679632365703583,0.6191076040267944,0.04396089166402817,1,1,154.91,0.24,0.18
Phoebe Bridgers,Savior Complex,"Emotional affair
Overly sincere
Smoking in the car
Windows up
Crocodile tears
Run the tap 'til it's clear

Drift off on the floor
I drag you to the shore
Sweating through the heat
You're gonna drown in your sleep
For sure, wake up and start a big fire
In our one room apartment
But I'm too tired
To have a pissing contest
All the bad dreams that you hide

Show me yours, I'll show you mine

Call me when you land
I'll drive around again
One hand on the wheel
One in your mouth
Turn me on and turn me down

Baby, you're a vampire
You want blood and I promised
I'm a bad liar
With a savior complex
All the skeletons you hide
Show me yours, and I'll show you mine

All the bad dreams that you hide
Show me yours",0.009908469393849373,0.018439702689647675,0.052881281822919846,0.40413010120391846,0.42236384749412537,0.06302075833082199,0.029255714267492294,4,1,129.0,0.44,0.22
Phoebe Bridgers,Funeral,"I'm singing at a funeral tomorrow
For a kid a year older than me
And I've been talking to his dad; it makes me so sad
When I think too much about it I can't breathe

And I have this dream where I'm screaming underwater
While my friends are all waving from the shore
And I don't need you to tell me what that means
I don't believe in that stuff anymore

Jesus Christ, I'm so blue all the time
And that's just how I feel
Always have and I always will
I always have and always will

I have a friend I call
When I've bored myself to tears
And we talk until we think we might just kill ourselves
But then we laugh until it disappears

And last night I blacked out in my car
And I woke up in my childhood bed
Wishing I was someone else, feeling sorry for myself
When I remembered someone's kid is dead

Jesus Christ, I'm so blue all the time
And that's just how I feel
Always have and I always will
I always have and always will

And it's 4am, again
And I'm doing nothing
Again",0.03266028314828873,0.00566082913428545,0.008497501723468304,0.9427997469902039,0.007130892481654882,0.0016937708714976907,0.0015569546958431602,11,1,170.72,0.26,0.31
Phoebe Bridgers,Garden Song,"Someday, I'm gonna live
In your house up on the hill
And when your skinhead neighbor goes missing
I'll plant a garden in the yard, then
They're gluing roses on a flatbed
You should see it, I mean thousands
I grew up here, till it all went up in flames
Except the notches in the door frame

I don't know when you got taller
See our reflection in the water
Off a bridge at the Huntington
I hopped the fence when I was seventeen
And then I knew what I wanted

And when I grow up, I'm gonna look up

From my phone and see my life
And it's gonna be just like my recurring dream
I'm at the movies, I don't remember what I'm seeing
The screen turns into a tidal wave
Then it's a dorm room, like a hedge maze
And when I find you
You touch my leg, and I insist
But I wake up before we do it

I don't know how, but I'm taller
It must be something in the water
Everything's growing in our garden
You don't have to know that it's haunted
The doctor put her hands over my liver
She told me my resentment's getting smaller
No, I'm not afraid of hard work
I get everything I want

I have everything I wanted",0.10308299958705902,0.006393102928996086,0.08220566064119339,0.17743439972400665,0.28368690609931946,0.29686564207077026,0.05033120512962341,0,1,100.26,0.27,0.17
Clairo,Sofia,"I think we could do it if we tried
If only to say, you're mine
Sofia, know that you and I
Shouldn't feel like a crime

I think we could do it if we tried
If only to say, you're mine
Sofia, know that you and I
Shouldn't feel like a crime

You know
I'll do anything you ask me to
But oh my god
I think I'm in love with you
Standing here alone now
Think that we can drive around

I just want to say
How I love you with your hair down
Baby you don't got to fight
I'll be here til the end of time
Wishing that you were mine
Pull you in, it's alright

I think we could do it if we tried
If only to say, you're mine
Sofia, know that you and I
Shouldn't feel like a crime

Honey, I don't want it to fade
There's things that I know could get in the way
But, I don't want to say goodbye
And I think that we could do it if we tried

I think we could do it if we tried

If only to say, you're mine
Sofia, know that you and I
Shouldn't feel like a crime

I think we could do it if we tried
I think we could do it if we tried
Sofia, know that you and I
Shouldn't feel like a crime
Sofia, know that you and I
Shouldn't feel like a crime",0.009394610300660133,0.002119635231792927,0.01978234201669693,0.04049617052078247,0.7967044711112976,0.1013961136341095,0.03010658361017704,0,1,113.0,0.62,0.64
Clairo,Bags,"Every second counts
I don't wanna talk to you anymore, and
All these little games
You can call me by the name I gave you yesterday, yeah
Every minute counts
I don't wanna watch TV anymore, yeah
Can you figure me out?
Just doin' this to waste more time on the couch

Can you see me? I'm waiting for the right time
I can't read you, but if you want, the pleasure's all mine
Can you see me using everything to hold back?
I guess this could be worse
Walking out the door with your bags

Walking out the door with your bags
Walking out the door with your bags
Walking out the door with your bags

Pour your glass of wine
Mitchell told me I should be just fine (Yeah)
Cases under the bed
Spill it open, let it rush to my head
I don't wanna be forward, I don't wanna cut corners
Savor this with everything I have inside of me
I'm not the type to run
I know that we're having fun
But what's the rush? Kissing, then my cheeks are so flushed

Tell you how I felt
Sugar coated melting in your mouth

Pardon my emotions
I should probably keep it all to myself
Know you'd make fun of me
Know you'd make fun of me
Know you'd make fun of me
Know you'd make fun of me

Can you see me? I'm waiting for the right time
I can't read you, but if you want, the pleasure's all mine
Can you see me using everything to hold back?
I guess this could be worse
Walking out the door with your bags
Walking out the door with your bags
Walking out the door with your bags
Walking out the door with your bags",0.06192053109407425,0.02748102881014347,0.188373401761055,0.2321195900440216,0.20116569101810455,0.17036794126033783,0.11857181042432785,1,1,105.0,0.55,0.87
Clairo,Pretty Girl,"Polaroid of u dancing in my room
I want to remember I think it was about noon
It's getting harder to understand, to understand
How u felt in my hands (in my hands)
I could be a pretty girl
I'll wear a skirt for u
I could be a pretty girl
Shut up when u want me too

I could be a pretty girl, won't ever make u blue,
I could be a pretty girl, I'll lose myself in you,
I was so blinded by you,
Now I cry just thinkin bout the fool that I was,
I was such a fool!
I'm alone now but it's better for me,
I don't need all your negativity,

I could be a pretty girl
I'll wear a skirt for u
I could be a pretty girl
Shut up when u want me too,
I could be a pretty girl
Won't ever make u blue,
I could be a pretty girl
I'll lose myself in u",0.16710422933101654,0.03901205211877823,0.3478320240974426,0.0611150860786438,0.2970397174358368,0.0587107390165329,0.029186151921749115,0,1,112.13,0.61,0.7
Clairo,Juna,"Ooh-ooh, ooh

Come to me slowly
It's when you talk close enough
That I feel it on my skin, breathe it in
Most of these days (Most of these days)
I don't get too intimate
Why would I let you in? (Why would I let you in?)
But I think again

I don't need even try
I don't have to think
With you, there's no pretending

You know me, you know me
And I just might know you too, ooh

Come to me ready

(You make me wanna) Go dancing
(You make me wanna) Try on feminine
(You make me wanna) Go buy a new dress
(You make me wanna) Slip off a new dress

Don't need even try
I don't have to think
With you, there's no pretending

You know me, you know me
And I just might know you too, ooh
Come to me slowly",0.46273860335350037,0.011403157375752926,0.07446452230215073,0.06150902062654495,0.28265416622161865,0.02849237434566021,0.07873808592557907,3,1,141.51,0.71,0.45
Clairo,4EVER,"Some things just aren't that simple
You called me wondering why I changed
Or why I don't look the same
Why are things so differently now?

Is it ever gonna change?
Am I gonna feel this way forever?
Are you gonna be around for me to count on?

Is it ever gonna change?
Am I gonna feel this way forever?
Are you gonna be around for me to count on? Count on

On-on-on, on-on-on-on-on
On-on-on, on-on-on-on-on
On-on-on, on-on-on-on-on
On-on-on, on-on-on-on-on

Some things just never seem to fade
I'm thinking about how we were on our first date
You understood the words I was saying
I knew I'd never let you get away

Hold you tight, squeeze you right, tell you what I want
Put me in your bedroom and I'll sing a little song
Hold you tight, squeeze you right, give you all I've got
See you in the morning, over coffee, we'll talk, oh

Is it ever gonna change?
Am I gonna feel this way forever?
Are you gonna be around for me to count on?

Is it ever gonna change?
Am I gonna feel this way forever?
Are you gonna be around for me to count on? Count on

On-on-on, on-on-on-on-on
On-on-on, on-on-on-on-on
On-on-on, on-on-on-on-on
On-on-on, on-on-on-on-on",0.7845595479011536,0.004569389391690493,0.07636991888284683,0.01588943600654602,0.04693126305937767,0.040741000324487686,0.030939482152462006,9,0,102.33,0.59,0.58
Clairo,Amoeba,"Between the gaps, I was swimming laps
Got close to some epiphany
I'll convince a friend to join deep ends
Have your toes touch the lack of cement

Gather to one corner of the woods
Echo chambers inside a neighborhood
And centerfold, humility shown
You're not as good as what your mama's sewn

Aren't you glad that you reside in a Hell and in disguise?
Nobody yet everything, a pool to shed your memory
Could you say you even tried?
You haven't called your family twice
I can hope tonight goes differently

But I show up to the party just to leave

Between the gaps, keep it under wraps
How I got to some epiphany
I'll convince myself when it turns to twelve
The photos keep the sentiment

Gather to one corner of the woods
Echo chambers inside a neighborhood
And centerfold, humility shown
You're not as good as what your mama's sewn

Aren't you glad that you reside in a Hell and in disguise?
Nobody yet everything, a pool to shed your memory
Could you say you even tried?
You haven't called your family twice
I can hope tonight goes differently

But I show up to the party just to leave

Pulling back I tried to find
The point of wasting precious time
I sip and toast to normalcy
A fool's way into jealousy
I mock and imitate goodbyes
When I know that I can't deny
That I'll be here forever while
I show up to the party just to leave",0.024901721626520157,0.013960840180516243,0.4580260217189789,0.03508847951889038,0.2878991961479187,0.07276545464992523,0.10735822468996048,6,1,111.01,0.49,0.71
Clairo,Flaming Hot Cheetos,"Sometimes I feel like I just wanna go back to my old ways
You're telling me I'm silly
it's no fun in the old days
I'm such a romantic
I never remember how things really happened
I guess you're attractive
Or something

Live in the moment
That's what they tell me
But what ever happened
To when you would hold me
And hold me
And hold me?

Girlfriend or: Girl, that's a friend?
It's easy just to pretend
That we don't have something real

It's just how we feel
We feel
Oh, it's just how we feel
How we feel

I'm feeling something, right?
I'm feeling something, right?
I'm feeling something, right?
I'm feeling something, right?
I'm feeling something, right?
I'm feeling something, right?

I wanna be the one you think about at night
And I wanna be the one that you would put up a fight for
You know that I adore
That even when you're bored
I'd buy you anything and everything I can't afford",0.04251587390899658,0.22812451422214508,0.14834420382976532,0.44405248761177063,0.025935448706150055,0.059553880244493484,0.05147368088364601,7,0,109.97,0.55,0.14
Clairo,bubble gum,"Sorry I didn't kiss you
But it's obvious I wanted to
Bubble gum down my throat and it's a curse
But my luck couldn't get any worse

'Cause I swallowed the bubble gum
Oh, and these seven years will be pretty dumb
Pink flowers grow from my skin
Pepto Bismol veins and I grin

You look so nice in your shirt
It's sad because it just hurts
I'd do anything for you
But would you do that for me, too?

'Cause I swallowed the bubble gum

Oh, and these seven years will be pretty dumb
Oh, pink flowers grow from my skin
Oh, Pepto Bismol veins and I grin
Ooh, ooh, ooh, oh, oh",0.018117008730769157,0.4112420082092285,0.07348524779081345,0.42084360122680664,0.004804190713912249,0.033151619136333466,0.03835628554224968,9,1,207.97,0.02,0.23
Joji,SLOW DANCING IN THE DARK,"I don't want a friend (Just one more night)
I want my life in two (My life in two)
Please one more night
Waiting to get there
Waiting for you (Waiting for you)
Just one more night
I'm done fighting all night

When I'm around slow dancing in the dark
Don't follow me, you'll end up in my arms
You done made up your mind
I don't need no more signs
Can you?
Can you?

Give me reasons we should be complete

You should be with him, I can't compete
You looked at me like I was someone else, oh well
Can't you see? (Can't you see?)
I don't wanna slow dance (I don't wanna slow dance)
In the dark, dark

When you gotta run
Just hear my voice in you (My voice in you)
Shutting me out you (Shutting me out)
Doing so great (So great, so great)
You

Used to be the one to hold you when you fall
Yeah, yeah, yeah (When you fall, when you fall)
I don't fuck with your tone (I don't fuck with your tone)
I don't wanna go home (I don't wanna go home)

Can it be one night?
Can you?
Can you?

Give me reasons we should be complete
You should be with him, I can't compete
You looked at me like I was someone else, oh well
Can't you see?
I don't wanna slow dance (I don't wanna slow dance)
In the dark, dark
In the dark, dark",0.010249140672385693,0.005253836512565613,0.10007313638925552,0.37674006819725037,0.3421266973018646,0.14687366783618927,0.01868346892297268,3,1,88.96,0.48,0.28
Joji,Glimpse of Us,"She'd take the world off my shoulders
If it was ever hard to move
She'd turn the rain to a rainbow
When I was livin' in the blue
Why then, if she's so perfect
Do I still wish that it was you?
Perfect don't mean that it's workin'
So what can I do? (Ooh)

When you're out of sight in my mind

'Cause sometimes I look in her eyes
And that's where I find a glimpse of us
And I try to fall for her touch
But I'm thinkin' of the way it was
Said, ""I'm fine"" and said, ""I moved on""

I'm only here passin' time in her arms
Hopin' I'll find a glimpse of us

Tell me he savors your glory
Does he laugh the way I did?
Is this a part of your story?
One that I had never lived
Maybe one day you'll feel lonely
And in his eyes, you'll get a glimpse
Maybe you'll start slippin' slowly and find me again

When you're out of sight in my mind

'Cause sometimes I look in her eyes
And that's where I find a glimpse of us
And I try to fall for her touch
But I'm thinkin' of the way it was

Said, ""I'm fine"" and said, ""I moved on""
I'm only here passin' time in her arms
Hopin' I'll find a glimpse of us

Ooh-ooh-ooh
Ooh
Ooh-ooh-ooh

'Cause sometimes I look in her eyes
And that's where I find a glimpse of us
And I try to fall for her touch
But I'm thinkin' of the way it was
Said, ""I'm fine"" and said, ""I moved on""
I'm only here passin' time in her arms
Hopin' I'll find a glimpse of us",0.37105563282966614,0.01717030629515648,0.11626873910427094,0.18416975438594818,0.17767280340194702,0.06532879173755646,0.06833401322364807,8,1,169.91,0.32,0.27
Joji,YEAH RIGHT,"I'ma fuck up my life
I'ma fuck up my life
I'ma fuck up my life
I'ma fuck up my life

I'ma fuck up my life
I'ma fuck up my life
We gon' party all night
She don’t care if I die
Yeah right, yeah right
Yeah I bet you won’t cry
Yeah I bet you won’t try
But you know I don’t mind
But you know I don’t mind

Yeah right, yeah right
Yeah right, yeah right
Yeah right, yeah right

Yeah, you better know that she ain’t
Never give a single fuck about me
Yeah, you bet you know that we ain’t
Ever gonna be together, I see
Yeah, you better go to see me when
I'm feeling like a drum without a beat
Yeah, you dance so good
And I think that’s kinda neat

What you know about love?
What you know about life?
What you know about blood?
Bitch you ain’t even my type
Yeah right, yeah right
Yeah, you know I feel right
Yeah, you need it right now
You don’t ever pick sides
Yeah right, yeah right
I'm overthinking my pride
I don’t know how to look nice
She's just feelin' my eyes
She's just feelin' my-

Yeah, you better know that she ain’t
Never give a single fuck about me
Yeah, I bet you know that we ain’t
Ever gonna be together, I see
Yeah, you better go to see when
I'm feeling like a drum without a beat
Yeah, you dance so good
And I think that’s kinda neat",0.0049945698119699955,0.006898504216223955,0.01205207034945488,0.027724673971533775,0.0277317576110363,0.867114245891571,0.0534842349588871,1,1,169.03,0.59,0.2
Joji,Worldstar Money,"I looked at you and said, oh-oh-oh
Don't hate me, am I crazy?
So tenderly you watch me burn, you watch me burn, oh
So tell me, am I crazy?

'Cause I do, 'cause I do
'Cause I do, 'cause I do
'Cause I do, 'cause I do

Ooh (La la la, la la la, la la la, la la la la, goddamn)
Ooh (Oh)
And I don't wanna die
No, I don't wanna die
I don't wanna die",0.012748189270496368,0.01589738391339779,0.0463554821908474,0.048982374370098114,0.5079033970832825,0.2820655107498169,0.08604767918586731,7,1,146.57,0.39,0.46
Joji,Sanctuary,"Go ahead and park after dark
Fallen star, I'm your one call away
Motel halls, neon walls
When night falls, I am your escape

When you lay alone, I ache
Something I wanted to feel

If you've been waiting for falling in love
Babe, you don't have to wait on me
'Cause I've been aiming for heaven above
But an angel ain't what I need

Not anyone, you're the one
More than fun, you're the sanctuary
'Cause what you want is what I want
Sincerity

Souls that dream alone lie awake
I'll give you something so real

If you've been waiting for falling in love
Babe, you don't have to wait on me
'Cause I've been aiming for heaven above
But an angel ain't what I need

Hold me, oh, so close
'Cause you never know
Just how long our lives will be

If you've been waiting for falling in love
Babe, you don't have to wait on me
'Cause I've been aiming for heaven above
But an angel ain't what I need",0.005221320316195488,0.003358968300744891,0.02401050180196762,0.9080626964569092,0.05133400112390518,0.0032718952279537916,0.004740588832646608,1,1,167.83,0.64,0.33
Joji,Die for You,"Swear I couldn't sleep a wink last night
No point in turning off the lights
Not the same without your head on my shoulders
Growing pains, but I don't wanna get older
Almost like we left it all on read
A couple feelings that were laid to rest
Didn't know that the party was over
And it's true that I need you, get closer

Burning photos, had to learn to let go
I used to be
Somebody in another skin (Another skin)

I heard that you're happy without me
And I hope it's true (I hope, I hope it's true)
It kills me a little, that's okay

'Cause I'd die for you
You know I'd still die for you

I hope you're getting everything you needed
Found the puzzle piece and feel completed
Just wanted you to know every reason
Hope you really know that I mean that
I couldn't see the forest from the trees
The only time we speak is in my dreams

Burning photos, had to learn to let go
I used to weep
Somebody in another skin (Another skin)

I heard that you're happy without me
And I hope it's true (I hope, I hope it's true)
It kills me a little, that's okay
'Cause I'd die for you

You know I'd still die for you",0.019786186516284943,0.006218427326530218,0.01494546141475439,0.8870246410369873,0.06575152277946472,0.0045975325629115105,0.001676227548159659,8,1,147.81,0.52,0.15
Joji,Will He,"I got knots all up in my chest
(Up in my chest, up in my chest)
Just know, I'm trying my best
(I'm trying my best)

'Cause when you look (When you look)
When you laugh (When you laugh)
When you smile (When you smile)
I'll bring you back (Bring you back)

And now I'm sad (Now I'm sad)
And I'm a mess (And I'm a mess)
And now we high (Now we high)
That's why I left (Why I left)
That's why I left (Whoo)

Will your tongue still remember the taste of my lips?
(My lips, my lips, my lips)
Will your shadow remember the swing of my hips?
(My hips, my hips, my hips)
Will your lover caress you the way, that I did?
(I did, I did, I did)
Will you notice my charm, if he slips up one bit?
(One bit)

'Cause I don't need to know
I just wanna make sure you're okay (Okay)
I don't need to know
I just wanna make sure you're all safe
All safe, all safe

Will he play you those songs just the way that I did?

(I did, I did, I did)
Will he play you so strong just the way that I did?
(I did) Yeah, yeah, yeah, yeah
Will he treat you like shit just the way that I did?
(I did, I did, I did)
'Cause I don't blame you

'Cause I don't need to know
I just want to make sure you're okay (Okay)
I don't need to know
I just want to make sure you're all safe",0.002380865393206477,0.008862277492880821,0.030436411499977112,0.9280605912208557,0.011268052272498608,0.00885440781712532,0.01013739313930273,10,1,116.01,0.22,0.09
Joji,Gimme Love,"Oh, oh

Gimme, gimme love, gimme, gimme love
Gimme, gimme love, gimme, gimme love
When I'm gone
When I'm gone (oh)

Gimme, gimme love, gimme, gimme love
Gimme, gimme love, gimme, gimme love (oh)
When I'm gone
When I'm gone

Swing around front, let me inside
Playing my song into my sides
It hurts, I can't lie
Remember those times I fought to get out?
I want to get out

Those pictures so clear will fade in my mind
You're leaving me here with ashes and fire
These people don't heal, these people don't feel
These people aren't real, so make me this deal
Won't you?

Gimme, gimme love, gimme, gimme love
Gimme, gimme love, gimme, gimme love
When I'm gone (oh)
When I'm gone (when I'm gone, yeah)

Gimme, gimme love, gimme, gimme love (when I'm gone, yeah)
Gimme, gimme love, gimme, gimme love (when I'm gone, yeah)
When I'm gone (oh, yeah)
When I'm gone (when I'm gone)
(When I'm gone, when I'm gone)

Look into your heart and let me know
Do things turn black and gray as they go?
When I'm far too gone, can you show me love?
Give me love

(Oh, oh)

Caught in a river of records and dreams (oh)
Oh, will you keep up with me? (Oh)
Everyone's looking for someone to hold (oh)
But I can't let you go (oh)

(Oh, oh)",0.004064506851136684,0.0030323867686092854,0.012201803736388683,0.9361865520477295,0.03544715419411659,0.0057260687462985516,0.003341477597132325,5,1,126.58,0.63,0.07
The 1975,Somebody Else,"So I heard you found somebody else
And at first, I thought it was a lie
I took all my things that make sound
The rest I can do without

I don't want your body
But I hate to think about you with somebody else
Our love has gone cold
You’ve intertwined your soul with somebody else

I'm looking through you
While you're looking through your phone
And then leaving with somebody else
No, I don't want your body
But I'm picturing your body with somebody else

(I don't want your body)
(I don't want your body)
(I don't want your body)
(I don't want your body)
(I don't want your body)
(I don't want your body)
(I don't want your body)

And c'mon, baby
This ain't the last time that I'll see your face
And c'mon, baby
You said you'd find someone to take my place

I just don't believe that you have got it in you
'Cause we are just gonna keep doin' it and every time
I start to believe in anything you're saying
I'm reminded that I should be getting over it

I don't want your body
But I hate to think about you with somebody else
Our love has gone cold
You’ve intertwined your soul with somebody else

I'm looking through you
While you're looking through your phone
And then leaving with somebody else
No, I don't want your body
But I'm picturing your body with somebody else

(I don't want your body)
(I don't want your body)
(I don't want your body)
(I don't want your body)
(I don't want your body)
(I don't want your body)
(I don't want your body)

Get someone you love?
Get someone you need?
Fuck that, get money
I can't give you my soul
'Cause we're never alone

Get someone you love?
Get someone you need?
Fuck that, get money
I can't give you my soul
'Cause we're never alone

Got someone you love?
Get someone you need?
Fuck that, get money
I can't give you my soul
'Cause we're never alone

Got someone you love?
Get someone you need?
Fuck that, get money
I can't give you my soul
'Cause we're never alone

I don't want your body
But I hate to think about you with somebody else
Our love has gone cold
You’ve intertwined your soul with somebody else

I'm looking through you
While you're looking through your phone
And then leaving with somebody else
No, I don't want your body
But I'm picturing your body with somebody else

(I don't)
(I don't)
(I don't)

(I don't)
(I don't)
(I don't)

(I don't)
(I don't)
(I don't)

(I don't)
(I don't)
(I don't)",0.002313428558409214,0.0016530551947653294,0.017441561445593834,0.015225494280457497,0.028949126601219177,0.6942076683044434,0.2402096539735794,0,1,101.02,0.79,0.46
The 1975,About You,"[Matty Healy]
I know a place
It's somewhere I go when I need to remember your face
We get married in our heads
Something to do while we try to recall how we met

[Matty Healy]
Do you think I have forgotten?
Do you think I have forgotten?
Do you think I have forgotten
About you?

[Matty Healy]
You and I were alive
With nothing to do I could lay and just look in your eyes

Wait and pretend
Hold on and hope that we'll find our way back in the end

[Matty Healy]
Do you think I have forgotten?
Do you think I have forgotten?
Do you think I have forgotten
About you?
Do you think I have forgotten?
Do you think I have forgotten?
Do you think I have forgotten
About you?

[ Carly Holt, Matty Healy]
There was something about you that now I can't remember
It's the same damn thing that made my heart surrender

And I'll miss you on a train
I'll miss you in the morning
I never know what to think about
I think about you
About you

[ Matty Healy]
Do you think I have forgotten about you?
About you
About you
About you
Do you think I have forgotten about you?
About you",0.48423072695732117,0.005961785092949867,0.39964383840560913,0.015465221367776394,0.03085325099527836,0.02462846040725708,0.03921675309538841,2,1,95.97,0.76,0.46
The 1975,Chocolate,"Hey now, call it a split because I know that you will
Oh-oh, you bite your friend like chocolate
You said we go where nobody know
With guns hidden under our petticoat
No, we're never gonna quit it, no, we're never gonna quit it, no
Now we run, run away from the boys in the blue
Oh, my car smells like chocolate
Hey now, I think about what to do
I think about what to say, I think about how to think
Pause it, play it, pause it, play it, pause it

Oh, we go where nobody know
With guns hidden under our petticoats

No, we're never gonna quit it, no, we're never gonna quit it, no
Yeah, we're dressed in black from head to toe
We got guns hidden under our petticoat
No, we're never gonna quit it, no, we're never gonna quit it, no

Now you're never gonna quit it, now you're never gonna quit it
Now you're never gonna quit it if you don't stop smoking it
That's what she said
She said we're dressed in black, head to toe
With guns hidden under our petticoat
Mm, we're never gonna quit it, no, we're never gonna quit it, no

Hey now, we're building up speed as we're approaching the hill

Oh, my hair smells like chocolate
Hey now, you say you're gonna quit it, but you're never gonna quit it
Go get it, go get it, go get it, go get it, go
And play it cool

Oh, you said we go where nobody know
With guns hidden under our petticoat
No, we're never gonna quit it, no, we're never gonna quit it, no
Yeah, we're dressed in black from head to toe
We got guns hidden under our petticoat
We're never gonna quit it, no, we're never gonna quit it, no

Well, I think we better go
Seriously better go
Said the feds are here, you know

Seriously better go
Oh no, well, I think we better go
Said the feds are here, you know
Said Rebecca better know
Seriously better go

(Hey)
We go where nobody know
Guns hidden under our petticoat
No, we're never gonna quit it, no, we're never gonna quit it, no
Yeah, we're dressed in black from head to toe
Guns hidden under our petticoat
No, we're never gonna quit it, no, we're never gonna quit it, no, no, no

Well, I think we better go
Seriously better go

Said the feds are here, you know
Seriously better go
Well, I think we better go
Said the feds are here, you know
Said Rebecca better know
Seriously better go",0.05610691010951996,0.007726314943283796,0.10226872563362122,0.07244538515806198,0.19567424058914185,0.19668926298618317,0.3690892457962036,11,1,100.06,0.94,0.61
The 1975,Robbers,"She had a face straight out a magazine
God only knows but you'll never leave her
Her balaclava is starting to chafe
When she gets his gun he's begging, ""Babe stay, stay, stay, stay, stay.""

I'll give him one more time
We'll give you one more fight
Said one more line
There'll be a riot, cause I know you

Now if you never shoot, you'll never know
And if you never eat, you'll never grow
You've got a pretty kinda dirty face
And when you're leaving your home she's begging you, ""Stay, stay, stay, stay, stay.""

I'll give you one more time
We'll give you one more fight
Just said one more line
There'll be a riot, cause I know you

Well, now that you've got your gun
It's much harder now the police have come
Now shoot him if it's what you're worth
And if you just take off your mask
to find out that everything's gone wrong, wrong, wrong.

Now everybody's dead
And they're driving past my old school
And he's got his gun, he's got his suit on
She says, ""Babe, you look so cool you look so cool, you look so cool, cool, cool, cool
You look so cool, you look so cool, you look so cool, cool, cool, cool, cool.""",0.0017592586809769273,0.0018349498277530074,0.013066014274954796,0.005898939911276102,0.8202863335609436,0.14603032171726227,0.011124216951429844,4,1,99.81,0.7,0.37
The 1975,It's Not Living,"Danny ran into some complications
He falls asleep during conversations
He’s gotta search the street
When he’s on vacation
The worst thing is that
I’m in the same situation

All I do is sit and think about you
If I knew what you’d do
Collapse my veins wearing beautiful shoes
It's not living if it's not with you

Danny says we’re living in a simulation
But he works in a petrol station
(selling petrol)
He says it all began with his operation

And I know you think you’re sly
But you need some imagination

All I do is sit and
Think about you
If I knew what you’d do
Collapse my veins wearing beautiful shoes
It's not living if it's not with you

All I do is sit and drink without you
If I choose then I lose
Distract my brain
From the terrible news
It’s not living if it’s not with you
I can’t stop sweating
Or control my feet
I’ve got a twenty-stone monkey
That I just can’t beat

I can stage a situation
But I just can’t eat
There’s a feeling
You’re replacing embrace

And it’s true all I do is sit
And think about you
If I knew what you’d do
Collapse my veins
Wearing beautiful shoes
It’s not living if it’s not with you
All I do is sit and drink without you
If I choose then I lose
Distract my brain
From the terrible news
It’s not living if it’s not with you",0.008146393112838268,0.0025652956683188677,0.03898639604449272,0.03635126352310181,0.07290932536125183,0.04232422634959221,0.7987170219421387,1,1,121.23,0.84,0.53
The 1975,Sex,"And this is how it starts
You take your shoes off in the back of my van
Yeah my shirt looks so good
When it's just hanging off your back

And she said use your hands and my spare time
We've got one thing in common, it's this tongue of mine
She said she's got a boyfriend anyway

Twenty minutes before I drop you off
All we seem to do is talk about sex
She's got a boyfriend anyway
She's got a boyfriend anyway

I loved your friend when I saw his film

He's got a funny face, but I like that cause he still looks cool
She's got a boyfriend anyway
She's got a boyfriend anyway

Now we're on the bed in my room
And I'm about to fill his shoes
But you say no
Do you say no?
Does he take care of you?
Or could I easily fill his shoes?
But you say no
You say no

Now we're just outside of town
And you're making your way down
She's got a boyfriend anyway
She's got a boyfriend anyway

And I'm not trying to stop you, love
If we can't do anything we might as well just fuck
She's got a boyfriend anyway
She's got a boyfriend anyway

You've got your tongue pierced anyway
You're in your high tops any day
You're in your skinny jeans anyway
You and your fit friends anyway
I'd take them all out any day
They've all got back combs anyway
You all got boyfriends anyway",0.04149685055017471,0.012998834252357483,0.8930727243423462,0.003918142057955265,0.005292855203151703,0.011256399564445019,0.031964149326086044,2,1,148.32,0.98,0.18
The 1975,Love It If We Made It,"We're fucking in a car, shooting heroin
Saying controversial things just for the hell of it
Selling melanin and then suffocate the black men
Start with misdemeanours and we'll make a business out of them
And we can find out the information
Access all the applications that are hardening positions based on miscommunication
Oh! Fuck your feelings!
Truth is only hearsay!
We're just left to decay!
Modernity has failed us

And I'd love it if we made it
Yes, I'd love it if we made it

Yes, I'd love it if we made it
Yes, I'd love it if we made it

And poison me daddy
I got the Jones right through my bones
Write it on a piece of stone
A beach of drowning 3 year olds
Rest in peace Lil Peep
The poetry is in the streets
Jesus save us!
Modernity has failed us

And I'd love it if we made it
Yes, I'd love it if we made it
Yes, I'd love it if we made it
Yes, I'd love it if we made it
And I'd love it if we made it
And I'd love it if we made it

And I'd love it if we made it
I'd love it if we made it

Tell me something I didn't know

Consultation
Degradation
Fossil fuelling
Masturbation
Immigration
Liberal kitsch
Kneeling on a pitch
""I moved on her like a bitch!""
Excited to be indicted
Unrequited house with seven pools
""Thank you Kanye, very cool!""
The war has been incited and guess what, you're all invited

And you're famous
Modernity has failed us

And I'd love it if we made it
And I'd love it if we made it
And I'd love it if we made it
Tell me something I didn't know
And I'd love it if we made it
And I'd love it if we made it
And I'd love it if we made it
And I'd love it if we made it",0.0026269173249602318,0.0025029550306499004,0.02151745744049549,0.007666873279958963,0.020258866250514984,0.7547221183776855,0.19070473313331604,4,1,180.09,0.73,0.06
The 1975,Be My Mistake,"And be my mistake
Then turn out the light
She bought me those jeans
The ones you like
I don't want to hug
I just want to sleep
The smell of your hair
Reminds me of her feet

So, don't wait outside my hotel room
Just wait till I give you a sign
'Cause I get lonesome sometimes

Save all the jokes you're going to make
Whilst I see how much drink I can take
Then be my mistake

I shouldn't have called
'Cause we shouldn't speak
You do make me hard
But she makes me weak

And don't wait outside my hotel room
Just wait till I give you a sign
'Cause I get lonesome sometimes

And save all the jokes you're going to make
Whilst I see how much drink I can take
Then be my mistake",0.022875435650348663,0.028469262644648552,0.19333863258361816,0.5935329794883728,0.040135178714990616,0.04148578643798828,0.08016276359558105,6,1,109.92,0.16,0.09
Harry Styles,As It Was,"Come on, Harry, we wanna say goodnight to you

Holdin' me back
Gravity's holdin' me back
I want you to hold out the palm of your hand
Why don't we leave it at that?
Nothin' to say
When everything gets in the way
Seems you cannot be replaced
And I'm the one who will stay, oh-oh-oh

In this world, it's just us
You know it's not the same as it was
In this world, it's just us
You know it's not the same as it was
As it was, as it was

You know it's not the same

Answer the phone
""Harry, you're no good alone
Why are you sitting at home on the floor?
What kind of pills are you on?""
Ringin' the bell
And nobody's coming to help
Your daddy lives by himself
He just wants to know that you're well, oh-oh-oh

In this world, it's just us
You know it's not the same as it was
In this world, it's just us
You know it's not the same as it was
As it was, as it was
You know it's not the same

Go home, get ahead, light-speed internet
I don't wanna talk about the way that it was
Leave America, two kids follow her
I don't wanna talk about who's doin' it first

(Hey)
As it was
You know it's not the same as it was
As it was, as it was",0.07247542589902878,0.016109630465507507,0.09171152114868164,0.27783912420272827,0.37484294176101685,0.08813535422086716,0.07888595759868622,6,0,173.93,0.73,0.66
Harry Styles,Watermelon Sugar,"Tastes like strawberries on a summer evenin'
And it sounds just like a song
I want more berries and that summer feelin'
It's so wonderful and warm

Breathe me in, breathe me out
I don't know if I could ever go without
I'm just thinking out loud
I don't know if I could ever go without

Watermelon sugar high
Watermelon sugar high
Watermelon sugar high
Watermelon sugar high
Watermelon sugar

Strawberries on a summer evenin'
Baby, you're the end of June
I want your belly and that summer feelin'
Getting washed away in you

Breathe me in, breathe me out
I don't know if I could ever go without

Watermelon sugar high
Watermelon sugar high
Watermelon sugar high
Watermelon sugar high
Watermelon sugar high
Watermelon sugar high
Watermelon sugar high
Watermelon sugar high

I just wanna taste it, I just wanna taste it
Watermelon sugar high

Tastes like strawberries on a summer evenin'
And it sounds just like a song
I want your belly and that summer feelin'
I don't know if I could ever go without

Watermelon sugar high
Watermelon sugar high
Watermelon sugar high (Sugar)
Watermelon sugar high (Sugar)
Watermelon sugar high
Watermelon sugar high
Watermelon sugar high
Watermelon sugar high

I just wanna taste it, I just wanna taste it (Woo)
Watermelon sugar high
I just wanna taste it, I just wanna taste it (Ooh)
Watermelon sugar high
Watermelon sugar",0.02609107457101345,0.8047035336494446,0.10161762684583664,0.05146496742963791,0.008111823350191116,0.005096270237118006,0.002914602868258953,0,1,95.39,0.82,0.56
Harry Styles,Adore You,"[Harry Styles]
Walk in your rainbow paradise (Paradise)
Strawberry lipstick state of mind (State of mind)
I get so lost inside your eyes
Would you believe it?

[ Harry Styles]
You don't have to say you love me
You don't have to say nothing
You don't have to say you're mine

[Harry Styles]
Honey (Ah-ah-ah)
I'd walk through fire for you
Just let me adore you
Oh, honey (Ah-ah-ah)

I'd walk through fire for you
Just let me adore you
Like it's the only thing I'll ever do
Like it's the only thing I'll ever do

[Harry Styles]
You're wonder under summer sky (Summer sky)
Brown skin and lemon over ice
Would you believe it?

[ Harry Styles]
You don't have to say you love me
I just wanna tell you somethin'
Lately, you've been on my mind

[Harry Styles]
Honey (Ah-ah-ah)
I'd walk through fire for you

Just let me adore you
Oh, honey (Ah-ah-ah)
I'd walk through fire for you
Just let me adore you
Like it's the only thing I'll ever do
Like it's the only thing I'll ever do

[ Amy Allen]
It's the only thing I'll ever do
It's the only thing I'll ever do
It's the only thing I'll ever do
It's the only thing I'll ever do
It's the only thing I'll ever do
It's the only thing I'll ever do
It's the only thing I'll ever do
It's the only thing I'll ever do

[Harry Styles & Amy Allen]

I'd walk through fire for you
Just let me adore you
Oh, honey (Ah-ah-ah)
I'd walk through fire for you
Just let me adore you
Like it's the only thing I'll ever do (Ah-ah-ah)
(It's the only thing I'll ever do, it's the only thing I'll ever do)
I'd walk through fire for you (It's the only thing I'll ever do)
Just let me adore you
Oh, honey (Ah-ah-ah), oh, honey
(It's the only thing I'll ever do, it's the only thing I'll ever do)
I'd walk through fire for you (It's the only thing I'll ever do)
Just let me adore you (It's the only thing I'll ever do)

[ Harry Styles]
Ooh, ooh
Oh, honey
Ooh, ooh
Just let me adore you
Like it's the only thing I'll ever do",0.724259614944458,0.017002610489726067,0.15487994253635406,0.05024131387472153,0.02815728634595871,0.01868239976465702,0.006776866037398577,8,1,99.05,0.77,0.57
Harry Styles,Sign of the Times,"Just stop your crying, it's a sign of the times
Welcome to the final show
I hope you're wearing your best clothes
You can't bribe the door on your way to the sky

You look pretty good down here
But you ain't really good

If we never learn we've been here before
Why are we always stuck and running from
The bullets, the bullet?
We never learn, we've been here before
Why are we always stuck and running from
Your bullets, a bullet?

Just stop your crying, it's a sign of the times

We gotta get away from here
We gotta get away from here
Just stop your crying, it'll be alright
They told me that the end is near
We gotta get away from here

Just stop your crying, have the time of your life
Breaking through the atmosphere
Things look pretty good from here

Remember everything will be alright
We can meet again somewhere
Somewhere far away from here

We never learn, we've been here before
Why are we always stuck and running from
The bullets, the bullets?

We never learn, we've been here before
Why are we always stuck and running from
The bullets, the bullets?

Just stop your crying, it's a sign of the times

We gotta get away from here
We gotta get away from here
Stop your crying, baby, it'll be alright
They told me that the end is near
We gotta get away from here

We never learn, we've been here before
Why are we always stuck and running from
Your bullets, the bullets?
We never learn, we've been here before
Why are we always stuck and running from
Your bullets, your bullets?

We don't talk enough
We should open up
Before it's all too much

Will we ever learn?
We've been here before

It's just what we know

Stop your crying, baby, it's a sign of the times

We gotta get away
We got to get away, we got to get away
We got to get away, we got to get away
We got to, we got to run
We got to, we got to run
We got to, we got to run away",0.0402061901986599,0.022545425221323967,0.1809118390083313,0.11242608726024628,0.18337294459342957,0.4423576593399048,0.018179867416620255,5,1,119.97,0.6,0.22
Harry Styles,Falling,"I'm in my bed
And you're not here
And there's no one to blame but the drink in my wandering hands
Forget what I said
It's not what I meant
And I can't take it back, I can't unpack the baggage you left

What am I now? What am I now?
What if I'm someone I don't want around?
I'm falling again, I'm falling again, I'm fallin'
What if I'm down? What if I'm out?
What if I'm someone you won't talk about?
I'm falling again, I'm falling again, I'm fallin'

You said you care, and you missed me too
And I'm well aware I write too many songs about you
And the coffee's out at the Beachwood Cafe
And it kills me 'cause I know we've ran out of things we can say

What am I now? What am I now?
What if I'm someone I don't want around?
I'm falling again, I'm falling again, I'm fallin'
What if I'm down? What if I'm out?
What if I'm someone you won't talk about?
I'm falling again, I'm falling again, I'm fallin'

And I get the feeling that you'll never need me again

What am I now? What am I now?

What if you're someone I just want around?
I'm falling again, I'm falling again, I'm fallin'
What if I'm down? What if I'm out?
What if I'm someone you won't talk about?
I'm falling again, I'm falling again, I'm fallin'",0.15190553665161133,0.004233107436448336,0.0625128224492073,0.1463145613670349,0.3139101564884186,0.27803581953048706,0.04308796301484108,4,1,110.01,0.27,0.06
Harry Styles,Late Night Talking,"Things haven't been quite the same
There's a haze on the horizon, babe
It's only been a couple of days and I miss you, yeah
And nothing really goes to plan
You stub your toe, I break your camera
I'd do everything I can to help you through

If you're feeling down, I just wanna make you happier, baby
Wish I was around, I just wanna make you happier, baby

We've been doing all this late night talking
About anything you wanted till the morning
Now you're in my life

I can't get you off my mind

I've never been a fan of change
But I'll follow you to any place
If it's Hollywood or Bishopsgate
I'm coming too

If you're feeling down, I just wanna make you happier, baby
Wish I was around, I just wanna make you happier, baby

We've been doing all this late night talking
About anything you wanted till the morning
Now you're in my life
I can't get you off my mind

Can't get you off my mind

Can't get you off my mind (Can't get you off my mind)
I won't even try (Try, try)
To get you off my mind (Get you off my mind)

We've been doing all this late night talking
About anything you wanted till the morning
Now you're in my life
I can't get you off my mind

Can't get you off my mind (All this late night talking)
Can't get you off my mind (All this late night talking)
I won't even try (All this late night talking)
Can't get you off my mind (All this late night talking)

All this late night talking
All this late night talking
All this late night talking
All this late night talking

Can't get you off my mind (All this late night talking)
Can't get you off my mind (All this late night talking)
I won't even try (All this late night talking)
Can't get you off my mind (All this late night talking)",0.004580063279718161,0.03004317171871662,0.04685157537460327,0.9032461047172546,0.0025419448502361774,0.0037853545509278774,0.0089518241584301,10,1,115.0,0.73,0.9
Harry Styles,Golden,"Golden, golden, golden
As I open my eyes
Hold it, focus, hoping
Take me back to the light
I know you were way too bright for me
I'm hopeless, broken
So you wait for me in the sky
Browns my skin just right

You're so golden
You're so golden
I'm out of my head
And I know that you're scared
Because hearts get broken

I don't wanna be alone
I don't wanna be alone
When it ends
Don't wanna let you know
I don't wanna be alone
But I, I can feel it take a hold
I can feel you take control
Of who I am and all I've ever known
Loving you's the antidote

Golden
You're so golden
I don't wanna be alone
You're so golden
You're so golden
I'm out of my head
And I know that you're scared
Because hearts get broken

(Golden, golden, golden, golden)
(Golden, golden, golden, golden)
(Golden, golden, golden, golden)
(Golden, golden, golden, golden)
(Golden, golden, golden, golden)
(Golden, golden, golden, golden)
I know that you're scared
Because I'm so open

You're so golden
I don't wanna be alone
You're so golden
You're so golden
You're so golden
I'm out of my head
And I know that you're scared
Because hearts get broken",0.0022491952404379845,0.002010737080127001,0.005488045047968626,0.007026222068816423,0.9796832203865051,0.0030009166803210974,0.0005415922496467829,4,0,139.86,0.84,0.25
Harry Styles,Matilda,"You were riding your bike to the sound of ""It's No Big Deal""
And you're trying to lift off the ground on those old two wheels
Nothing 'bout the way that you were treated ever seemed especially alarming till now
So you tie up your hair and you smile like it's no big deal

You can let it go
You can throw a party full of everyone you know
And not invite your family 'cause they never showed you love
You don't have to be sorry for leaving and growing up, mhm

Matilda, you talk of the pain like it's all alright
But I know that you feel like a piece of you's dead inside
You showed me a power that is strong enough to bring sun to the darkest days
It's none of my business, but it's just been on my mind

You can let it go
You can throw a party full of everyone you know
And not invite your family 'cause they never showed you love
You don't have to be sorry for leaving and growing up
You can see the world, following the seasons
Anywhere you go, you don't need a reason
'Cause they never showed you love

You don't have to be sorry for doing it on your own

You're just in time, make your tea and your toast
Framed all your posters and dyed your clothes, ooh
You don't have to go
You don't have to go home
Oh, there's a long way to go
I don't believe that time will change your mind
In other words, I know they won't hurt you anymore as long as you can let them go

You can let it go
You can throw a party full of everyone you know
You can start a family who will always show you love
You don't have to be sorry for doing it on your own

You can let it go
You can throw a party full of everyone you know
You can start a family who will always show you love
You don't have to be sorry, no",0.007017104420810938,0.00755095761269331,0.03380943089723587,0.00484843086451292,0.9282679557800293,0.011547153815627098,0.006959105376154184,2,1,114.2,0.29,0.39
Dua Lipa,Don't Start Now,"If you don't wanna see me

Did a full 180, crazy
Thinking 'bout the way I was
Did the heartbreak change me? Maybe
But look at where I ended up
I'm all good already
So moved on, it's scary
I'm not where you left me at all, so

If you don't wanna see me dancing with somebody
If you wanna believe that anything could stop me

Don't show up, don't come out
Don't start caring about me now
Walk away, you know how

Don't start caring about me now

Aren't you the guy who tried to
Hurt me with the word ""goodbye""?
Though it took some time to survive you
I'm better on the other side
I'm all good already
So moved on, it's scary
I'm not where you left me at all, so

If you don't wanna see me dancing with somebody
If you wanna believe that anything could stop me
(Don't, don't, don't)

Don't show up, don't come out
Don't start caring about me now
Walk away, you know how
Don't start caring about me now ('Bout me now, 'bout me)

Up, up
Don't come out, out, out
Don't show up, up, up
Don't start now (Oh)
Up, up
Don't come out, out
I'm not where you left me at all, so

If you don't wanna see me dancing with somebody
If you wanna believe that anything could stop me

Don't show up (Don't show up), don't come out (Don't come out)
Don't start caring about me now ('Bout me now)
Walk away (Walk away), you know how (You know how)
Don't start caring about me now (So)

Up, up
Don't come out, out, out
Don't show up, up, up
Walk away, walk away (So)
Up, up
Don't come out, out, out
Don't show up, up, up
Walk away, walk away, oh",0.006566553842276335,0.0017478115623816848,0.004650603048503399,0.004099057987332344,0.9712366461753845,0.008992648683488369,0.0027066171169281006,11,0,123.95,0.79,0.68
Dua Lipa,New Rules,"One

Talkin' in my sleep at night, makin' myself crazy
(Out of my mind, out of my mind)
Wrote it down and read it out, hopin' it would save me
(Too many times, too many times)

My love
He makes me feel like nobody else, nobody else
But my love
He doesn't love me, so I tell myself, I tell myself

One, don't pick up the phone
You know he's only callin' 'cause he's drunk and alone

Two, don't let him in
You'll have to kick him out again
Three, don't be his friend
You know you're gonna wake up in his bed in the mornin'
And if you're under him, you ain't gettin' over him

I got new rules, I count 'em
I got new rules, I count 'em
I gotta tell them to myself
I got new rules, I count 'em
I gotta tell them to myself

I keep pushin' forwards, but he keeps pullin' me backwards
(Nowhere to turn, no way, nowhere to turn, no)
Now I'm standin' back from it, I finally see the pattern

(I never learn, I never learn)

But my love
He doesn't love me, so I tell myself, I tell myself
I do, I do, I do

One, don't pick up the phone
You know he's only callin' 'cause he's drunk and alone
Two, don't let him in
You'll have to kick him out again
Three, don't be his friend
You know you're gonna wake up in his bed in the mornin'
And if you're under him, you ain't gettin' over him

I got new rules, I count 'em
I got new rules, I count 'em
I gotta tell them to myself
I got new rules, I count 'em
I gotta tell them to myself

Practice makes perfect
I'm still tryna learn it by heart (I got new rules, I count 'em)
Eat, sleep, and breathe it
Rehearse and repeat it 'cause I (I got new, I got new)

One, don't pick up the phone (Yeah)
You know he's only callin' 'cause he's drunk and alone (Alone)
Two, don't let him in (Oh-ooh)
You'll have to kick him out again (Again)

Three, don't be his friend
You know you're gonna wake up in his bed in the mornin'
And if you're under him, you ain't gettin' over him

I got new rules, I count 'em
I got new rules, I count 'em (Woah, oh)
I gotta tell them to myself
I got new rules, I count 'em (Baby, you know I count 'em)
I gotta tell them to myself

Don't let him in, don't let him in
Don't, don't, don't, don't
Don't be his friend, don't be his friend
Don't, don't, don't, don't
Don't let him in, don't let him in

Don't, don't, don't, don't
Don't be his friend, don't be his friend
Don't, don't, don't, don't
You're gettin' over him",0.033373717218637466,0.025837522000074387,0.22873251140117645,0.17141620814800262,0.2724264860153198,0.2278061807155609,0.040407419204711914,9,0,116.07,0.7,0.61
Dua Lipa,Levitating,"If you wanna run away with me, I know a galaxy
And I can take you for a ride
I had a premonition that we fell into a rhythm
Where the music don't stop for life
Glitter in the sky, glitter in my eyes
Shining just the way I like
If you're feeling like you need a little bit of company
You met me at the perfect time

You want me, I want you, baby
My sugarboo, I'm levitating
The Milky Way, we're renegading
Yeah, yeah, yeah, yeah, yeah

I got you, moonlight, you're my starlight
I need you all night, come on, dance with me
I'm levitating
You, moonlight, you're my starlight (You're the moonlight)
I need you all night, come on, dance with me
I'm levitating

I believe that you're for me, I feel it in our energy
I see us written in the stars
We can go wherever, so let's do it now or never
Baby, nothing's ever, ever too far
Glitter in the sky, glitter in our eyes
Shining just the way we are
I feel like we're forever every time we get together
But whatever, let's get lost on Mars

You want me, I want you, baby
My sugarboo, I'm levitating
The Milky Way, we're renegading
Yeah, yeah, yeah, yeah, yeah

I got you, moonlight, you're my starlight
I need you all night, come on, dance with me
I'm levitating
You, moonlight, you're my starlight (You're the moonlight)
I need you all night, come on, dance with me
I'm levitating

You can fly away with me tonight
You can fly away with me tonight
Baby, let me take you for a ride
Yeah, yeah, yeah, yeah, yeah

I'm levitating (Woo)
You can fly away with me tonight
You can fly away with me tonight
Baby, let me take you for a ride
Yeah, yeah, yeah, yeah, yeah (Woo)

My love is like a rocket, watch it blast off
And I'm feeling so electric, dance my ass off
And even if I wanted to, I can't stop
Yeah, yeah, yeah, yeah, yeah
My love is like a rocket, watch it blast off
And I'm feeling so electric, dance my ass off
And even if I wanted to, I can't stop
Yeah, yeah, yeah, yeah, yeah

You want me, I want you, baby
My sugarboo, I'm levitating
The Milky Way, we're renegading

I got you (Yeah), moonlight, you're my starlight
I need you all night (All night), come on, dance with me
I'm levitating (Woo)

You can fly away with me tonight (Tonight)
You can fly away with me tonight
Baby, let me take you for a ride
Yeah, yeah, yeah, yeah, yeah (Take you for a ride)
I'm levitating (Woo)
You can fly away with me tonight (Tonight)
You can fly away with me tonight
Baby, let me take you for a ride
Yeah, yeah, yeah, yeah, yeah (Let me take you for a ride)

I got you, moonlight, you're my starlight (You are my starlight)
I need you all night, come on, dance with me (Come on, dance with me)
I'm levitating
You, moonlight, you're my starlight (You're the moonlight)
I need you all night, come on, dance with me
I'm levitating",0.03955692797899246,0.16896837949752808,0.42986220121383667,0.1083633154630661,0.1733141541481018,0.07380940020084381,0.006125559099018574,6,0,102.98,0.83,0.92
Dua Lipa,Levitating,"If you wanna run away with me, I know a galaxy
And I can take you for a ride
I had a premonition that we fell into a rhythm
Where the music don't stop for life
Glitter in the sky, glitter in my eyes
Shining just the way I like
If you're feeling like you need a little bit of company
You met me at the perfect time

You want me, I want you, baby
My sugarboo, I'm levitating
The Milky Way, we're renegading
Yeah, yeah, yeah, yeah, yeah

I got you, moonlight, you're my starlight
I need you all night, come on, dance with me
I'm levitating
You, moonlight, you're my starlight (You're the moonlight)
I need you all night, come on, dance with me
I'm levitating

I believe that you're for me, I feel it in our energy
I see us written in the stars
We can go wherever, so let's do it now or never
Baby, nothing's ever, ever too far
Glitter in the sky, glitter in our eyes
Shining just the way we are
I feel like we're forever every time we get together
But whatever, let's get lost on Mars

You want me, I want you, baby
My sugarboo, I'm levitating
The Milky Way, we're renegading
Yeah, yeah, yeah, yeah, yeah

I got you, moonlight, you're my starlight
I need you all night, come on, dance with me
I'm levitating
You, moonlight, you're my starlight (You're the moonlight)
I need you all night, come on, dance with me
I'm levitating

You can fly away with me tonight
You can fly away with me tonight
Baby, let me take you for a ride
Yeah, yeah, yeah, yeah, yeah

I'm levitating (Woo)
You can fly away with me tonight
You can fly away with me tonight
Baby, let me take you for a ride
Yeah, yeah, yeah, yeah, yeah (Woo)

My love is like a rocket, watch it blast off
And I'm feeling so electric, dance my ass off
And even if I wanted to, I can't stop
Yeah, yeah, yeah, yeah, yeah
My love is like a rocket, watch it blast off
And I'm feeling so electric, dance my ass off
And even if I wanted to, I can't stop
Yeah, yeah, yeah, yeah, yeah

You want me, I want you, baby
My sugarboo, I'm levitating
The Milky Way, we're renegading

I got you (Yeah), moonlight, you're my starlight
I need you all night (All night), come on, dance with me
I'm levitating (Woo)

You can fly away with me tonight (Tonight)
You can fly away with me tonight
Baby, let me take you for a ride
Yeah, yeah, yeah, yeah, yeah (Take you for a ride)
I'm levitating (Woo)
You can fly away with me tonight (Tonight)
You can fly away with me tonight
Baby, let me take you for a ride
Yeah, yeah, yeah, yeah, yeah (Let me take you for a ride)

I got you, moonlight, you're my starlight (You are my starlight)
I need you all night, come on, dance with me (Come on, dance with me)
I'm levitating
You, moonlight, you're my starlight (You're the moonlight)
I need you all night, come on, dance with me
I'm levitating",0.03955692797899246,0.16896837949752808,0.42986220121383667,0.1083633154630661,0.1733141541481018,0.07380940020084381,0.006125559099018574,6,0,102.98,0.83,0.92
Dua Lipa,Break My Heart,"I've always been the one to say the first goodbye
Had to love and lose a hundred million times
Had to get it wrong to know just what I like
Now I'm falling

You say my name like I have never heard before
I'm indecisive but, this time, I know for sure
I hope I'm not the only one that feels it all
Are you falling?

Centre of attention
You know you can get whatever you want from me
Whenever you want it, baby
It's you in my reflection
Now I'm afraid of all the things you could do to me
If I would've known it, baby

I would've stayed at home, 'cause I was doing better alone
But when you said 'Hello', I knew it was the end of it all
I should've stayed at home, 'cause now there ain't no letting you go
Am I falling in love with the one that could break my heart?
Oh no, I was always better alone
But when you said 'Hello', I knew it was the end of it all
I should've stayed at home, 'cause now there ain't no letting you go
Am I falling in love with the one that could break my heart?

I wonder when you go, if I stay on your mind
Two could play that game, but you win me every time
Everyone before you was a waste of time
Yeah, you got me

Centre of attention
You know you can get whatever you want from me
Whenever you want it, baby
It's you in my reflection
Now I'm afraid of all the things you could do to me
If I would've known it, baby

I whould've stayed at home, 'cause I was doing better alone
But when you said 'Hello', I knew it was the end of it all
I should've stayed at home, 'cause now there ain't no letting you go
Am I falling in love with the one that could break my heart?
Oh no, I was doing better alone
But when you said 'Hello', I knew it was the end of it all
I should've stayed at home, 'cause now there ain't no letting you go
Am I falling in love with the one that could break my heart?

Break my heart
Break my heart
Am I falling in love with the one that could break my heart?

I whould've stayed at home, 'cause I was doing better alone
But when you said 'Hello', I knew it was the end of it all
I should've stayed at home, 'cause now there ain't no letting you go
Am I falling in love with the one that could break my heart?
Oh no, I was always better alone
But when you said 'Hello', I knew it was the end of it all
I should've stayed at home, 'cause now there ain't no letting you go
Am I falling in love with the one that could break my heart?",0.0013899613404646516,0.0017376786563545465,0.0028366472106426954,0.002214744919911027,0.9875831007957458,0.003026572521775961,0.0012113472912460566,4,0,113.01,0.73,0.47
Dua Lipa,Physical,"Common love isn't for us
We created something phenomenal
Don't you agree?
Don't you agree?
You got me feeling diamond rich
Nothing on this planet compares to it
Don't you agree?
Don't you agree?

Who needs to go to sleep when I got you next to me?

All night, I'll riot with you
I know you got my back and you know I got you
So come on (Come on), come on (Come on), come on (Come on)

Let's get physical
Lights out, follow the noise
Baby, keep on dancing like you ain't got a choice
So come on (Come on), come on (Come on), come on
Let's get physical

Adrenaline keeps on rushing in
Love the simulation we're dreaming in
Don't you agree?
Don't you agree?
I don't wanna live another life
'Cause this one's pretty nice
Living it up

Who needs to go to sleep when I got you next to me?

All night, I'll riot with you

I know you got my back and you know I got you
So come on (Come on), come on (Come on), come on (Come on)
Let's get physical
Lights out, follow the noise
Baby, keep on dancing like you ain't got a choice
So come on (Come on), come on (Come on), come on
Let's get physical

Hold on just a little tighter
Come on, hold on, tell me if you're ready
Come on (Come on, come on)
Baby, keep on dancing
Let's get physical
Hold on just a little tighter
Come on, hold on, tell me if you're ready
Come on (Come on, come on)
Baby, keep on dancing

Let's get physical

All night, I'll riot with you
I know you got my back and you know I got you
So come on (Come on), come on (Come on), come on (Come on)
Let's get physical
Lights out, follow the noise
Baby, keep on dancing like you ain't got a choice
So come on (Come on), come on (Come on), come on
Let's get physical

Let's get physical (Physical, physical)
Physical (Physical, physical)
Let's get physical (Physical, physical)
Come on, phy-phy-phy-physical",0.043034180998802185,0.009211390279233456,0.023974085226655006,0.008987803012132645,0.013903969898819923,0.8588433265686035,0.04204518347978592,0,1,146.97,0.84,0.75
Dua Lipa,Houdini,"Okay
(Mmm)

I come and I go
Tell me all the ways you need me
I'm not here for long
Catch me or I go Houdini
I come and I go
Prove you got the right to please me
Everybody knows
Catch me or I go Houdini

Time is passin' like a solar eclipse
See you watchin' and you blow me a kiss
It's your moment, baby, don't let it slip
Come in closer, are you readin' my lips?

They say I come and I go
Tell me all the ways you need me
I'm not here for long
Catch me or I go Houdini
I come and I go
Prove you got the right to please me
Everybody knows
Catch me or I go Houdini

If you're good enough, you'll find a way
Maybe you could cause a girl to change her ways
Do you think about it night and day?
Maybe you could be the one to make me stay

Everything you say is soundin' so sweet (Ah-ah)
But do you practice everything that you preach? (Ah-ah)

I need something that'll make me believe (Ah-ah)
If you got it, baby, give it to me

They say I come and I go
Tell me all the ways you need me
I'm not here for long
Catch me or I go Houdini
I come and I go (I come and I go)
Prove you got the right to please me
Everybody knows (I'm not here for long)
Catch me or I go Houdini

If you're good enough, you'll find a way
Maybe you could cause a girl to change her ways
Do you think about it night and day?
Maybe you could be the one to make me stay

Oh-oh

Ooh

I come and I go
Tell me all the ways you need me (Ooh)
I'm not here for long
Catch me or I go Houdini
I come and I go (I come and I go)
Prove you got the right to please me
Everybody knows (I'm not here for long)
Catch me or I go Houdini

Houdini
Catch me or I go Houdini",0.037273336201906204,0.12069319933652878,0.490163654088974,0.04222109541296959,0.1477784812450409,0.13393457233905792,0.027935674414038658,9,0,116.99,0.79,0.87
Dua Lipa,IDGAF,"You call me all friendly
Tellin' me how much you miss me
That's funny, I guess you've heard my songs
Well, I'm too busy for your business
Go find a girl who wants to listen
'Cause if you think I was born yesterday
You have got me wrong

So I cut you off
I don't need your love
'Cause I already cried enough
I've been done
I've been movin' on since we said goodbye
I cut you off
I don't need your love, so you can try all you want
Your time is up, I'll tell you why

You say you're sorry
But it's too late now
So save it, get gone, shut up
'Cause if you think I care about you now
Well, boy, I don't give a fuck

I remember that weekend
When my best friend caught you creepin'
You blamed it all on the alcohol
So I made my decision
'Cause you made your bed, sleep in it
Play the victim and switch your position
I'm through, I'm done

So I cut you off
I don't need your love
'Cause I already cried enough
I've been done
I've been movin' on since we said goodbye
I cut you off
I don't need your love, so you can try all you want
Your time is up, I'll tell you why

You say you're sorry
But it's too late now
So save it, get gone, shut up
'Cause if you think I care about you now
Well, boy, I don't give a fuck

I see you tryna' get to me
I see you beggin' on your knees
Boy, I don't give a fuck
So stop tryna' get to me
Tch, get up off your knees
'Cause, boy, I don't give a fuck
About you

No, I don't give a damn
You keep reminiscin' on when you were my man
But I'm over you
Now you're all in the past
You talk all that sweet talk, but I ain't comin' back
Cut you off
I don't need your love
So you can try all you want
Your time is up, I'll tell you why
(I'll tell you why)

You say you're sorry
But it's too late now
So save it, get gone, shut up
(Too late now)
'Cause if you think I care about you now
Well, boy, I don't give a fuck
(Boy, I don't give a fuck)

I see you tryna' get to me
I see you beggin' on your knees
Boy, I don't give a fuck
So stop tryna' get to me (Get to me)
Tch, get up off your knees
'Cause, boy, I don't give a fuck",0.030692312866449356,0.06779864430427551,0.2684732675552368,0.36858904361724854,0.16624100506305695,0.06881547719240189,0.029390186071395874,7,1,97.03,0.54,0.51
Shawn Mendes,Stitches,"I thought that I'd been hurt before
But no one's ever left me quite this sore
Your words cut deeper than a knife
Now I need someone to breathe me back to life

Got a feeling that I'm going under
But I know that I'll make it out alive
If I quit calling you my lover
Move on

You watch me bleed until I can't breathe
Shaking, falling onto my knees
And now that I'm without your kisses
I'll be needing stitches

Tripping over myself
Aching, begging you to come help
And now that I'm without your kisses
I'll be needing stitches

Just like a moth drawn to a flame
Oh, you lured me in, I couldn't sense the pain
Your bitter heart cold to the touch
Now I'm gonna reap what I sow
I'm left seeing red on my own

Got a feeling that I'm going under
But I know that I'll make it out alive
If I quit calling you my lover
Move on

You watch me bleed until I can't breathe
Shaking, falling onto my knees
And now that I'm without your kisses
I'll be needing stitches

Tripping over myself
Aching, begging you to come help
And now that I'm without your kisses
I'll be needing stitches

Needle and the thread
Gotta get you out of my head
Needle and the thread
Gonna wind up dead
Needle and the thread
Gotta get you out of my head
Needle and the thread
Gonna wind up dead (gonna wind up dead)

Needle and the thread
Gotta get you out of my head
Needle and the thread
Gonna wind up dead (wind up dead)
Needle and the thread
Gotta get you out of my head
Get you out of my head

You watch me bleed until I can't breathe (you watch me)
Shaking, falling onto my knees
(Falling on my knees)
And now that I'm without your kisses
I'll be needing stitches
(And I'll be needing stitches)

Tripping over myself
Aching, begging you to come help
(Begging, baby, please)
And now that I'm without your kisses
I'll be needing stitches

(And now that)
I'm without your kisses
I'll be needing stitches
(And now that)
I'm without your kisses
I'll be needing stitches",0.013836540281772614,0.0034395100083202124,0.1279875636100769,0.5432142019271851,0.19868387281894684,0.06535199284553528,0.047486305236816406,1,1,149.79,0.75,0.76
Shawn Mendes,Treat You Better,"I won't lie to you
I know he's just not right for you
And you can tell me if I'm off
But I see it on your face
When you say that he's the one that you want
And you're spending all your time
In this wrong situation
And anytime you want it to stop

I know I can treat you better
Than he can
And any girl like you deserves a gentleman
Tell me why are we wasting time
On all your wasted crying
When you should be with me instead?
I know I can treat you better
Better than he can

I'll stop time for you
The second you say you'd like me too
I just wanna give you the loving that you're missing
Baby, just to wake up with you
Would be everything I need
And this could be so different
Tell me what you want to do

'Cause I know I can treat you better
Than he can
And any girl like you deserves a gentleman
Tell me why are we wasting time
On all your wasted crying
When you should be with me instead?
I know I can treat you better
Better than he can
Better than he can

Give me a sign
Take my hand, we'll be fine
Promise I won't let you down
Just know that you don't
Have to do this alone
Promise I'll never let you down

(I know I can treat you better)
(I know I can treat you better)
(I know I can treat you better)
(Promise I'll never let you down)

'Cause I know I can treat you better
Than he can
And any girl like you deserves a gentleman
Tell me why are we wasting time
On all your wasted crying
When you should be with me instead?

I know I can treat you better
Better than he can, oh
Better than he can
Better than he can",0.004367357585579157,0.003873561741784215,0.20069818198680878,0.02899983897805214,0.039261579513549805,0.6180349588394165,0.10476449131965637,10,0,82.7,0.82,0.75
Shawn Mendes,There's Nothing Holdin' Me Back,"I wanna follow where she goes
I think about her and she knows it
I wanna let her take control
'Cause everytime that she gets close, yeah

She pulls me in enough to keep me guessing
And maybe I should stop and start confessing
Confessing, yeah

Oh, I've been shaking
I love it when you go crazy
You take all my inhibitions
Baby, there's nothing holding me back
You take me places that tear up my reputation
Manipulate my decisions
Baby, there's nothing holding me back

There's nothing holding me back
There's nothing holding me back

She says that she's never afraid
Just picture everybody naked
She really doesn't like to wait
Not really into hesitation

Pulls me in enough to keep me guessing
And maybe I should stop and start confessing
Confessing, yeah

Oh, I've been shaking
I love it when you go crazy
You take all my inhibitions
Baby, there's nothing holding me back
You take me places that tear up my reputation
Manipulate my decisions

Baby, there's nothing holding me back
There's nothing holding me back
There's nothing holding me back

'Cause if we lost our minds and we took it way too far
I know we'd be alright, I know we would be alright
If you were by my side and we stumbled in the dark
I know we'd be alright, I know we would be alright

'Cause if we lost our minds and we took it way too far
I know we'd be alright, I know we would be alright
If you were by my side and we stumbled in the dark

I know we'd be alright, I know we would be alright

Oh, I've been shaking
I love it when you go crazy
You take all my inhibitions
Baby, there's nothing holding me back
You take me places that tear up my reputation
Manipulate my decisions
Baby, there's nothing holding me back
There's nothing holding me back
I feel so free when you're with me, baby
Baby, there's nothing holding me back",0.008141289465129375,0.0019075073068961501,0.0061776041984558105,0.0030359856318682432,0.9725865721702576,0.004870732314884663,0.0032802450004965067,11,0,122.0,0.81,0.97
Shawn Mendes,Señorita,"[Camila Cabello]
I love it when you call me señorita
I wish I could pretend I didn't need ya
But every touch is oh la la la
It's true la la la
Oooh I should be running
Oooh you keep me coming for ya

[Shawn Mendes]
Land in Miami
The air was hot from summer rain
Sweat dripping off me
Before I even knew her name la la la
It felt like oooh la la la
Yeah no

Sapphire moonlight
We danced for hours in the sand
Tequila sunrise
Her body fit right in my hands la la la
It felt like oooh la la la yeah

[Camila Cabello & Shawn Mendes]
I love it when you call me señorita
I wish I could pretend I didn't need ya
But every touch is oh la la la
It's true la la la
Oooh I should be running

Oooh you know I love it when you call me señorita
I wish it wasn't so damn hard to leave ya
But every touch is oh la la la
It's true la la la

Oooh I should be running
Oooh you keep me coming for ya

[Camila Cabello]
Locked in the hotel
There's just some things that never change
You say that we're just friends
But friends don't know the way you taste la la la

Cause you know it's been a long time coming
Don't you let me fall
Oooh, when your lips undress me
Hooked on your tongue
Oooh love, your kiss is deadly
Don't stop

[Camila Cabello & Shawn Mendes]
I love it when you call me señorita

I wish I could pretend I didn't need ya
But every touch is oh la la la
It's true la la la
Oooh I should be running

Oooh you know I love it when you call me señorita
I wish it wasn't so damn hard to leave ya
But every touch is oh la la la
It's true la la la
Oooh I should be running
Oooh you keep me coming for ya

[ Camila Cabello & Shawn Mendes]
All along I've been coming for ya
And I hope it meant something to ya
Call my name I'll be coming for ya
Coming for ya, coming for ya, coming for you

For ya
Oooh I should be running
Oooh you keep me coming for ya",0.2529838979244232,0.08175971359014511,0.2548856735229492,0.24220018088817596,0.04907374829053879,0.08663070946931839,0.032466109842061996,9,0,116.95,0.54,0.75
Shawn Mendes,Mercy,"You've got a hold on me
Don't even know your power
I stand a hundred feet
But I fall when I'm around you

Show me an open door
Then you go and slam it on me
I can't take anymore
I'm saying baby

Please have mercy on me
Take it easy on my heart
Even though you don't mean to hurt me
You keep tearing me apart
Would you please have mercy, mercy on my heart?
Would you please have mercy, mercy on my heart?

I'd drive through the night
Just to be near you baby
Heart open and testified
Tell me that I'm not crazy

I'm not asking for a lot
Just that you're honest with me
My pride is all I got
I'm saying baby

Please have mercy on me
Take it easy on my heart
Even though you don't mean to hurt me
You keep tearing me apart
Would you please have mercy on me?
I'm a puppet on your string
And even though you got good intentions
I need you to set me free
Would you please have mercy, mercy on my heart?
Would you please have mercy, mercy on my heart?

Consuming all the air inside my lungs
Ripping all the skin from off my bones
I'm prepared to sacrifice my life
I would gladly do it twice

Consuming all the air inside my lungs
Ripping all the skin from off my bones
I'm prepared to sacrifice my life
I would gladly do it twice

Oh please have mercy on me
Take it easy on my heart
Even though you don't mean to hurt me
You keep tearing me apart
Would you please have mercy on me?
I'm a puppet on your string
And even though you got good intentions
I need you to set me free

I'm begging you for mercy, mercy
Begging you, begging you, please, baby
I'm begging you for mercy, mercy
Ooh, I'm begging you, I'm begging you, yeah",0.003594500944018364,0.0026015753392130136,0.017933936789631844,0.03673591837286949,0.15889392793178558,0.764314591884613,0.01592554710805416,11,0,148.13,0.66,0.36
Shawn Mendes,I Know What You Did Last Summer,"Ah-ah, he-ey
Ah-ah, ah-ah
Ah-ah, he-ey
Ah-ah, ah-ah

He knows
Dirty secrets that I keep
Does he know it's killing me?
He knows, he knows
D-d-does he know
Another's hands have touched my skin
I won't tell him where I've been
He knows, he knows, he knows

It's tearing me apart
She's slipping away (I'm slipping away)
Am I just hanging on to all the words she used to say?
The pictures on her phone
She's not coming home (I'm not coming home)
Coming home, coming home

I know what you did last Summer (Ah-ah)
Just lied to me, ""there's no other"" (He-ey)
I know what you did last Summer
Tell me where you've been
I know what you did last Summer (Ah-ah)
Look me in the eyes, my lover (He-ey)
I know what you did last Summer
Tell me where you've been

I know, I know, I know, I know
I know, I know, I know (Ah-ah)
(He-ey)
I know, I know, I know, I know
I know, I know, I know (Ah-ah, ah-ah)
I didn't mean it, no, I didn't mean it, mean it, no
(Ah-ah, he-ey)
Can't seem to let you go, can't seem to hold you close
(Ah-ah, ah-ah)
I know

When she looks me in the eyes
They don't seem as bright
No more, no more
I know
That she loved me at one time
Would I promise her that night
Cross my heart and hope to die

It's tearing me apart (It's tearing me apart)
She's slipping away (I'm slipping away)
Am I just hanging on to all the words she used to say?
The pictures on her phone
(The pictures on my phone)
She's not coming home (I'm not coming home)
Oh, na, na, na, yeah

I know what you did last Summer (Ah-ah)
Just lied to me, ""there's no other"" (He-ey)
I know what you did last Summer
Tell me where you've been
I know what you did last Summer (Ah-ah)
Look me in the eyes, my lover (He-ey)
I know what you did last Summer
Tell me where you've been

I know, I know, I know, I know
I know, I know, I know
I know, I know, I know, I know
I know, I know, I know (No, no, no)
Can't seem to let you go, can't seem to keep you close
(Hold me close)
Can't seem to let you go, can't seem to keep you close
(You know I didn't mean it, though)
Tell me where you've been lately
Tell me where you've been lately
(Just hold me close)
Tell me where you've been lately
Tell me where you've been lately
(Don't, don't, don't, don't let me go)
Can't seem to keep you close, can't seem to let you go
(I didn't mean it, though)
I know you didn't mean it, though
I know you didn't mean it, though
(I don't wanna let you go)
Tell me you didn't mean it, though
Tell me you didn't mean it, though (No, no, no)
(Can't seem to let you go, seem to let you go)
I know you didn't mean it, though. I wanna know you mean it though
(Hold me close)
I know you didn't mean it though
I know you didn't mean it though
(Just hold me close)
I can't seem to let you go, can't seem to hold you close

I know what you did last Summer (Ah-ah)
Just lied to me, ""there's no other"" (He-ey)
I know what you did last Summer
Tell me where you've been
I know what you did last Summer (Ah-ah)
Look me in the eyes, my lover (He-ey)
I know what you did last Summer
Tell me where you've been

I know, I know, I know, I know
I know, I know, I know (Ah-ah)
(He-ey)
I know, I know, I know, I know
I know, I know, I know (Ah-ah, ah-ah)
I know, I know, I know, I know
I know, I know, I know (Ah-ah)
(He-ey)
I know, I know, I know, I know
I know, I know, I know (Ah-ah, ah-ah)
I know",0.047584034502506256,0.0055434624664485455,0.04910392686724663,0.12038972973823547,0.49675309658050537,0.13827894628047943,0.14234685897827148,9,0,113.94,0.76,0.74
Shawn Mendes,If I Can't Have You,"I can't write one song that's not about you
Can't drink without thinking about you
Is it too late to tell you that
Everything means nothing if I can't have you?

I'm in Toronto and I got this view
But I might as well be in a hotel room, yeah
It doesn't matter 'cause I'm so consumed
Spending all my nights reading texts from you

Oh, I'm good at keeping my distance
I know that you're the feeling I'm missing
You know that I hate to admit it
But everything means nothing if I can't have you

I can't write one song that's not about you

Can't drink without thinking about you
Is it too late to tell you that
Everything means nothing if I can't have you?
I can't write one song that's not about you
Can't drink without thinking about you
Is it too late to tell you that
Everything means nothing if I can't have you?

I'm so sorry that my timing's off
But I can't move on if we're still gonna talk
Is it wrong for me to not want half?
I want all of you, all the strings attached

Oh, I'm good at keeping my distance
I know that you're the feeling I'm missing
You know that I hate to admit it
But everything means nothing if I can't have you

I can't write one song that's not about you
Can't drink without thinking about you
Is it too late to tell you that
Everything means nothing if I can't have you?
I can't write one song that's not about you
Can't drink without thinking about you
Is it too late to tell you that
Everything means nothing if I can't have you?

I'm trying to move on, forget you, but I hold on
Everything means nothing, everything means nothing, babe
I'm trying to move on, forget you, but I hold on
Everything means nothing if I can't have you, no

I can't write one song that's not about you
Can't drink without thinking about you
Is it too late to tell you that

Everything means nothing if I can't have you? (Yeah)
I can't write one song that's not about you
Can't drink without thinking about you
Is it too late to tell you that
Everything means nothing if I can't have you?",0.07052848488092422,0.01878393441438675,0.34824761748313904,0.20698422193527222,0.14473547041416168,0.10613386332988739,0.1045864000916481,2,1,123.91,0.81,0.86
Shawn Mendes,Lost in Japan,"All it'd take is one flight
We'd be in the same time zone
Looking through your timeline
Seeing all the rainbows, I
I got an idea
And I know that it sounds crazy
I just wanna see ya
Oh, I gotta ask

Do you got plans tonight?
I'm a couple hundred miles from Japan, and I
I was thinking I could fly to your hotel tonight
'Cause I-I-I can't get you off my mind
Can't get you off my mind
Can't get you off my mind (oh)

I could feel the tension
We could cut it with a knife
I know it's more than just a friendship
I can hear you thinking 'bout it, yeah
Do I gotta convince you?
That you shouldn't fall asleep?
It'll only be a couple hours
And I'm about to leave

Do you got plans tonight?
I'm a couple hundred miles from Japan, and I
I was thinking I could fly to your hotel tonight
'Cause I-I-I can't get you off my mind
Can't get you off my mind
Can't get you off my mind

Do you got plans tonight?
I was hoping I could get lost in your paradise
The only thing I'm thinking 'bout is you and I
'Cause I-I-I can't get you off my mind
Can't get you off my mind
I can't seem to get you off my mind

Let's get lost tonight
Let's get lost tonight
Baby, you and
I can't seem to get you off my mind
Let's get lost tonight
Let's get lost tonight
Baby, you and
I can't seem to get you off my mind

Do you got plans tonight?
I'm a couple hundred miles from Japan, and I
I was thinking I could fly to your hotel tonight
'Cause I-I-I can't get you off my mind
I can't get you off my mind

Do you got plans tonight, baby?
I was hoping I could get lost in your paradise
The only thing I'm thinking 'bout is you and I
And I-I-I can't get you off my mind
Can't get you off my mind
I can't seem to get you off my mind, yeah

Let's get lost tonight
Let's get lost tonight
Baby, you and
I can't seem to get you off my mind
Let's get lost tonight
Let's get lost tonight
Baby, you and
I can't seem to get you off my mind",0.6170528531074524,0.09579028189182281,0.1708100289106369,0.051947422325611115,0.033789314329624176,0.024850958958268166,0.005759193561971188,10,1,105.03,0.74,0.43
SZA,Kill Bill,"I'm still a fan even though I was salty
Hate to see you with some other broad, know you happy
Hate to see you happy if I'm not the one drivin'

I'm so mature, I'm so mature
I'm so mature, I got me a therapist to tell me there's other men
I don't want none, I just want you
If I can't have you, no one should

I might
I might kill my ex, not the best idea
His new girlfriend's next, how'd I get here?
I might kill my ex, I still love him though
Rather be in jail than alone

I get the sense that it's a lost cause
I get the sense that you might really love her
This text gon' be evidence, this text is evidence
I tried to ration with you, no murders or crime of passion, but damn
You was out of reach
You was at the farmer's market with your perfect peach
Now I'm in the basement plannin' home invasion
Now you layin' face-down, got me singin' over a beat

I'm so mature, I'm so mature
I'm so mature, I got me a therapist to tell me there's other men
I don't want none, I just want you
If I can't have you, no one will

I might (I)
I might kill my ex, not the best idea
His new girlfriend's next, how'd I get here?
I might kill my ex, I still love him though
Rather be in jail than alone

I did it all for love (Love)
I did it all on no drugs (Drugs)
I did all of this sober
I did it all for us, oh
I did it all for love (Love)
I did all of this on no drugs (Drugs)
I did all of this sober
Don't you know I did it all for us? (I'm gon' kill your ass tonight)

Oh, I just killed my ex (My ex, oops), not the best idea (Idea)

Killed his girlfriend next, how'd I get here? (He left me no choice)
I just killed my ex (My ex), I still love him though (I do)
Rather be in Hell than alone",0.005469164811074734,0.03149191662669182,0.032812751829624176,0.3521515130996704,0.009036265313625336,0.47480037808418274,0.09423790872097015,8,1,88.99,0.73,0.43
SZA,Snooze,"(Ooh)
(I think I know)

I'll touch that fire for you
I do that three, four times again, I testify for you
I told that lie, I'd kill that bitch
I do what all of them around you scared to do, I'm not
Long as you juggin' out here for me, I got it
Mobbin', schemin', lootin', hide your bodies
Long as you dreamin' 'bout me, ain't no problem
I don't got nobody, just with you right now
Tell the truth, I look better under you

I can't lose when I'm with you
How can I snooze and miss the moment?
You just too important
Nobody do body like you do
I can't lose when I'm with you
I can't just snooze and miss the moment
You just too important
Nobody do body like you do, you do

In a drop-top ride with you, I feel like Scarface (Scarface)
Like that white bitch with the bob, I'll be your main one (your main one)
Let's take this argument back up to my place (my place)
Sex remind you I'm non-violent, I'm your day one (day one)
We ain't have shit yet
It was magic, yeah
Smash and grab shit, yeah
Nasty habits take a hold when you not here
Ain't a home when you not here
Hard to grow when you not here, I'm sayin'

I can't lose when I'm with you
How can I snooze and miss the moment?
You just too important
Nobody do body like you do
I can't lose when I'm with you
How can I snooze and miss the moment?
You just too important
Nobody do body like you do, you do

Main one ridin'
How you frontin' on me and I'm the main one tryin'?
How you blame it on me and you the main one lyin'?
How you threatenin' to leave and I'm the main one cryin'?
Just tryna be your everything

Main one ridin'
How you frontin' on me and I'm the main one tryin'?
How you blame it on me and you the main one lyin'?
How you threatenin' to leave and I'm the main one cryin'?

I can't lose when I'm with you (like you, like you)
How can I snooze and miss the moment? (Like you)
You just too important
Nobody do body like you do
I can't lose when I'm with you (like you)
How can I snooze and miss the moment? (Like you)
You just too important
Nobody do body like you do, you do

(Nah, nah, nah, nah)
(I think I know, woah)
(See, no, I can't lose, oh)
(I think I know, oh)",0.0348891019821167,0.012311181984841824,0.06679145246744156,0.021981339901685715,0.675312340259552,0.15449324250221252,0.03422141447663307,5,1,143.01,0.55,0.39
SZA,Good Days,"Good day in my mind, safe to take a step out
Get some air now, let your edge out
Too soon, I spoke, you be heavy in my mind
Can you get the heck out?
I need rest now, got me bummed out
You so, you so, you, baby, baby, babe
I've been on my empty mind shit

I try to keep from losin' the rest of me
I worry that I wasted the best of me on you, baby
You don't care
Said: Not tryna be a nuisance, this is urgent
Tryna make sense of loose change
Got me a war in my mind
Gotta let go of weight, can't keep what's holding me
Choose to watch
While the world break up in front of me

All the while, I await my armored fate with a smile
Still wanna try, still believe in good days (good days)
Always, always, always inside
Good day living in my mind

Tell me I'm not my fears, my limitations
I disappear if you let me
Feeling like, yeah (woah), feeling like Jericho
Feeling like Job when he lost his shit
Gotta hold my own, my cross to bare alone, I
Ooh, played and dipped way to kill the mood
Know you like that shit, can't groove it, babe
Baby, heavy on my empty mind shit

I gotta keep from losin' the rest of me (rest of me)
Still worry that I wasted the best of me on you, baby
You don't care
Said: Not tryna be a nuisance, this is urgent (urgent)
Tryna make sense of loose change
Got me a war in my mind (my mind)
Gotta let go of weight, can't keep what's holding me
Choose to watch
While the world break up in front of me

All the while, I await my armored fate with a smile
Still wanna try, still believe in good days (good days)
Always, always, always sunny inside
Good day living in my mind

Gotta get right, tryna free my mind before the end of the world
I don't miss no ex, I don't miss no text
I choose not to respond
I don't regret, just pretend shit never happened
Half of us layin' waste to our youth, it's in the present
(Na-na, na-na-, na-na)
Half of us chasin' fountains of youth and it's in the present now",0.0289091058075428,0.014998996630311012,0.15681034326553345,0.5529636144638062,0.09847801923751831,0.08344565331935883,0.06439422070980072,1,0,121.0,0.66,0.41
SZA,Broken Clocks,"Run fast from my day job
Runnin' fast from the way it was
Jump quick to a pay check
Runnin' back to the strip club
I'm never goin' back, never goin' back
No you can't make me
Never goin' back, never goin' back (Nah)
They'll never take me
I've paid enough of petty dues
I've heard enough of shitty news
I've had a thing for dirty shoes since I was 10
Love dirty men alike

Ooh
Better day than yesterday (Keep cuttin' up)
Ooh oh

I just take it day by day
Ooh oh oh
Never hearing what they say (Uh)
Ooh ooh (Mm)
I just do it my way

All I got is these broken clocks
I ain't got no time
Just burnin' daylight
Still love, and it's still love, and it's still love
It's still love, still love (Still love), still love
It's still love, it's still love
Nothin' but love for you (Nothin' but-)
Nothin' but love (Nothin' but-)
Nothin' but love

All that I've got, pieces and pages
Talkin' a lot, sorry I'm faded
(Turnin' up real good tonight)
Think I forgot
(Think I forgot the other night)
You love me, you love me, you love me

Got a shift at 10 AM (Yeah)
Gotta dip at 10 PM (Nah)
Gotta get that cash
Won't get past a lunch break
I ain't had a smoke break
In about two days, don't break (Ugh)
Been about three years since I dated you
Why you still talk about me like we together?
I moved on for the better, you moved on to whoever
I was down for whatever, and then some

You gon' make me late to work again

Ooh
Better day than yesterday
Ooh
I just take it day by day
Ooh oh oh
Never hearing what they say
Ooh, ooh
I just do it my way (Keep doin' it)

All I got is these broken clocks
I ain't got no time
Just burnin' daylight
Still love, and it's still love, and it's still love
It's still love, still love, still love (Still love)

It's still love, and it's still love (Still love)
Nothin' but love for you
Nothin' but love (Nothin' but)
Nothin' but love

I don't eat, can't sleep past 9 AM (Uhh)
Heartbeat make me feel young again (Like a, feel like a…)
Can't beat 'em, just join the party (Let me join the party)
I don't wanna, don't need nobody (Ooh)

All that I've got, pieces and pages
Talking a lot, sorry I'm faded
Think I've forgot, you love me
You love me, you love me

You love me

You love me
You love me",0.010133196599781513,0.007803851272910833,0.0886179730296135,0.040216103196144104,0.1722288727760315,0.6477717161178589,0.03322833403944969,6,1,112.91,0.68,0.41
SZA,Saturn,"If there's another universe
Please make some noise (Noise)
Give me a sign (Sign)
This can't be life
If there's a point to losing love
Repeating pain (Why?)
It's all the same (Same)
I hate this place

Stuck in this paradigm
Don't believe in paradise
This must be what Hell is like
There's got to be more, got to be more
Sick of this head of mine
Intrusive thoughts, they paralyze
Nirvana's not as advertised

There's got to be more, been here before

Ooh (Ooh, ooh)
Life's better on Saturn
Got to break this pattern
Of floating away
Ooh (Ooh, ooh)
Find something worth saving
It's all for the taking
I always say

I'll be better on Saturn
None of this matters
Dreaming of Saturn, oh

If karma's really real
How am I still here?
Just seems so unfair

I could be wrong though
If there's a point to being good
Then where's my reward?
The good die young and poor
I gave it all I could

Stuck in this terradome (Ooh)
All I see is terrible (Ooh)
Making us hysterical (Ooh)
There's got to be more, got to be more
Sick of this head of mine (Ooh)
Intrusive thoughts, they paralyze (Ooh)
Nirvana's not as advertised (Ooh)
There's got to be more, been here before

Ooh (Ooh, ooh)
Life's better on Saturn
Got to break this pattern

Of floating away
Ooh (Ooh, ooh)
Find something worth saving
It's all for the taking
I always say

I'll be better on Saturn
None of this matters
Dreaming of Saturn, oh

(Ooh, ooh, ooh)
(Ooh, ooh, ooh)",0.009105428121984005,0.0024835211224853992,0.022392358630895615,0.06439841538667679,0.02964438870549202,0.7240522503852844,0.14792360365390778,1,1,177.94,0.62,0.34
SZA,Low,"(Tell 'em it's you)
(I'm at the loot, I'm at a rage)
(Oh, stay out the way)

Cummin' down the side of me, I like to get it poppin'
But these bitches in my business got me all cho-chosin' violence
If you see me out in public, you don't know me, keep it silent
In the bedroom, I be screamin', but outside, I keep it quiet

Keep it on the lowski, I'm the lowest of the lowest
Wanna see if you can keep it up, nobody know shit

I need you to get the fuck off my space (Yeah)
Replacements on the way with the way
The pussy's feelin' like a great escape (Oh-oh)
I don't need no drink, orders don't change
I'm fuckin', I ain't makin' love no more (Pussy)
You got a new bitch, what the fuck you cryin' for?
I'm movin' selfish, callin' all my favorite hoes
You know how to reach me every time that it pays in your word
The words, I feel light, you're commitin' a crime
The way I've been alone, I'm gon' save you a spot
You can't be outside, 'cause the block is too hot
And I'm all out of your mind
Wherever you are, don't call me (Let's go)

Cummin' down the side of me, I like to get it poppin' (Alright)
But these bitches in my business got me all cho-chosin' violence (Yeah, yeah)
If you see me out in public, you don't know me, keep it silent (Oh, yeah)
In the bedroom, I be screamin', but outside, I keep it quiet (Ooh)

Keep it on the lowski, I'm the lowest of the lowest
Wanna see if you can keep it up, nobody know shit (Let's go)
Keep it on the lowski, I'm the lowest of the lowest
Wanna see if you can keep it up, nobody know shit

I need total confidential, pilot shit (Yeah)
No one knows, thinkin' I'm a grown bitch (It's lit)
Times have changed, now we on the first class jet (Straight up)
Don't work my nerves, you know I get bored of that
We fuckin', we ain't makin' love no more
You talk that talk, but he know my tuition strong
Wherever you are, whatever you need
Don't call me, don't worry 'bout me

Cummin' down the side of me, I like to get it poppin'
But these bitches in my business got me all cho-chosin' violence (Alright)
If you see me out in public, you don't know me, keep it silent
In the bedroom, I be screamin', but outside, I keep it quiet

Keep it on the lowski, I'm the lowest of the lowest
Wanna see if you can keep it up, nobody know shit
Keep it on the lowski, I'm the lowest of the lowest
Wanna see if you can keep it up, nobody know shit (Let's-)

Fuck you, real shit
I wasn't even on, fuck you
But you tryna make me look stupid
I'll slap the dog shit out of you, stop playin' me",0.0024517958518117666,0.0022057180758565664,0.009272326715290546,0.00673944316804409,0.01515617873519659,0.9551315307617188,0.009043063968420029,0,0,145.04,0.55,0.34
SZA,Love Galore,"[Travis Scott]
I need, I need
I need, I need
I need, I need
I need, I need
I need, I need

[SZA]
Love, love, love, love
'Long as we got
Love, love, love
'Long as we got

[SZA & Travis Scott]
Done with these niggas
I don't love these niggas

I dust off these niggas
Do it for fun
Don't take it personal
Personally, I'm surprised you called me after the things I said
Skrt skrt on niggas (yah)
Skrt up on niggas (true)
Skrt down, you acting like me (yah)
Acting like we wasn't more than a summer fling
I said farewell, you took it well (true)
Promise I won't cry over spilled milk (ooh no, I won't)
Gimme a paper towel, gimme another Valium
Gimme another hour or two, hour with you

[ SZA & Travis Scott]
Why you bother me when you know you don't want me? (yah)

Why you bother me when you know you got a woman? (yah)
Why you hit me when you know you know better? (true)
Know you know better (true)
Know your crew better than you do
Call me looking for ya (yah)
I be looking for ya (yah)
Got me looking forward to weekends (yah)
With you baby, with you baby
With you baby, (true)
With you
We do whatever we want, go wherever we want
Love however we want, it don't matter (true)
You'll do whatever I want, get whatever I want
Get whatever I need, it's about

[SZA]

Love, love, love, love, 'long as we got
Love, love, love, 'long as we got

[SZA & Travis Scott]
Should've never gave you my number, I did it with you (ooh)
Should've never let you hit it, I split it with you
I regret it, you gots a fetish
You gots a problem, now it's a problem, oh, no
Skrrr, skrrr on bitches (yah)
I don't know these bitches (yah)
Dig dirt on bitches, do it for fun
Don't take it personal, baby
Love on my ladies, luh-love to my ladies, uh (true)
Dated a few (straight up)

[Travis Scott & SZA]
Why you bother me?
Why you bother me?
Why you bother me? (yah)
Last time I checked you were the one that left (the one)
Me in a wreck—yah—, me in a mess (yah, yah)
You all I rep—yah—, like my side I rep (yah)
Yuh, that's that Mo City that side
That you can't come 'round at night, yuh (it's lit)
You like to get me high, you don't want no one beside ya
You like when I make fire
You say, ""La Flame, keep makin' fire"" (ooh)
Let me cum inside ya, let me plant that seed inside ya (ooh)
Ass and titties, titties, only thing that stuck with, with me (with me)

Only thing that was real
Only thing I could feel, you feel me? (yah, feel me)
So why you bother me, why you bother me? (with you, baby)
Tryna catch a P.O.V, yah (with you)

[SZA]
Love, love, love, love, 'long as we got
Love, love, love, 'long as we got

[ SZA]
I came to your city, lookin' for lovin' n' licky
'Cause you promised to put it down
All up in your city, lookin' for you, uh
Searchin' for you like love
Only thing keepin' me from droppin' you right now
Right now (love)

Only thing keepin' me by your side
Only thing keepin' me by your side now

[Skit]
But see, Solána, if you don't say something, speak up for yourself
They think you stupid, you know what I'm saying?",0.025133000686764717,0.11407556384801865,0.6719321012496948,0.08859922736883163,0.007638650014996529,0.06976184993982315,0.022859614342451096,0,1,135.0,0.59,0.41
SZA,Nobody Gets Me,"Took a long vacation
No make-up, just JAY-Z
You were balls-deep, now we beefin'
Had me butt-naked at the MGM
So wasted, screamin', ""Fuck that""
Blurry now, but I meant it then
Hurry now, baby, stick it in
'Fore the memories get to kickin' in

It's too late, I don't wanna lose

What's left of you
How am I supposed to tell you
I don't wanna see you with anyone but me?
Nobody gets me like you
How am I supposed to let you go?

Only like myself when I'm with you
Nobody gets me, you do (Do)
You do
Nobody gets me, you do (Do)
You do
Nobody gets me, you do
You do
Nobody gets me, you do

Took me out to the ballet
You proposed, I went on the road
You was feelin' empty so you left me
Now I'm stuck dealin' with a deadbeat
If I'm real, I deserve less
If I was you, I wouldn't take me back
I pretend when I'm with a man it's you

And I know that it's too late, I don't wanna lose

What's left of you
How am I supposed to tell you
I don't wanna see you with anyone but me?
Nobody gets me like you
How am I supposed to let you go?
Only like myself when I'm with you
Nobody gets me, you do (Do)
You do
Nobody gets me, you do (Do)
You do
Nobody gets me, you do (Do)

You do
Nobody gets me, you do (Do)
Nobody gets me, you do",0.0218032393604517,0.0064964285120368,0.08697926253080368,0.16583023965358734,0.4358510971069336,0.22770799696445465,0.05533168837428093,7,1,99.8,0.28,0.28
Frank Ocean,Pink + White,"Yeah, yeah, um (Woo)
Yeah, yeah, yeah

That's the way every day goes
Every time we've no control
If the sky is pink and white
If the ground is black and yellow
It's the same way you showed me
Nod my head, don't close my eyes
Halfway on a slow move
It's the same way you showed me
If you could fly, then you'd feel south
Up north's getting cold soon
The way it is, we're on land
Still, I'm someone to hold true
Keep you cool when it's still alive

Won't let you down when it's all ruin

Just the same way you showed me, showed me
You showed me love
Glory from above
Regard, my dear
It's all downhill from here

In the wake of a hurricane
Dark skin of a summer shade
Nosedive into flood lines
Tall tower of milk crates
It's the same way you showed me
Cannonball off the porch side
Older kids trying off the rooves
Just the same way you showed me (You showed)
If you could die and come back to life
Up for air from the swimming pool

You'd kneel down to the dry land
Kiss the earth that birthed you
Gave you tools just to stay alive
And make it out when the sun is ruined

That's the same way you showed me, showed me
You showed me love
Glory from above
Regard, my dear
It's all downhill from here

[Frank Ocean & Beyoncé]
Remember life, remember how it was
Climb trees, Michael Jackson, all ends here
Say what up to Matthew, to Shoob
Say what up to Danny
Say what up to life immortality
Bending up my Nikes

Running out of melpomene, nicotine
Stealing granny cigs (Take it easy)
Gimme something sweet
Bitch, I might like immortality
This is life, life immortality",0.05288555100560188,0.015020898543298244,0.4206541180610657,0.02928081527352333,0.2566083073616028,0.10320408642292023,0.12234622985124588,9,1,159.94,0.55,0.55
Frank Ocean,Thinkin Bout You,"A tornado flew around my room before you came
Excuse the mess it made, it usually doesn't rain in
Southern California, much like Arizona
My eyes don't shed tears, but boy, they bawl

When I'm thinkin' bout ya, ooh no no no
I've been thinkin' bout ya, you know know know
I've been thinkin' bout ya, do you think about me still?
Do ya? Do ya?

Or do you not think so far ahead?
'Cause I've been thinkin' bout forever, ooh
Or do you not think so far ahead?
'Cause I've been thinkin' bout forever, ooh

No, I don't like you, i just thought you were cool enough to kick it
Got a beach house I could sell you in Idaho
Since you think I don't love you, I just thought you were cute, that's why I kiss you
Got a fighter jet I don't get to fly it though I'm lying down

Thinkin' bout ya, ooh no no no
I've been thinkin' bout ya, you know know know
I've been thinkin' bout ya, do you think about me still?
Do ya? Do ya?

Or do you not think so far ahead?
'Cause I've been thinkin' bout forever, ooh
Or do you not think so far ahead?
'Cause I've been thinkin' bout forever, ooh

Yes, of course I remember, how could I forget how you feel?
You know you were my first time, a new feel
It will never get old, not in my soul, not in my spirit, keep it alive
We'll go down this road 'til it turns from color to black and white

Or do you not think so far ahead?
'Cause I've been thinkin' bout forever, ooh
Or do you not think so far ahead?
'Cause I've been thinkin' bout forever, ooh",0.05555640161037445,0.016642849892377853,0.05924012511968613,0.7661740183830261,0.04347454756498337,0.028422314673662186,0.030489806085824966,0,1,130.03,0.14,0.41
Frank Ocean,Lost,"Double D
Big full breasts on my baby (Yo we goin' to Florida)
Triple weight
Couldn't weight the love I've got for the girl
And I just wanna know
Why you ain't been goin' to work
Boss ain't workin' you like this
He can't take care of you like this

Now you're lost
Lost in the heat of it all
Girl you know you're lost
Lost in the thrill of it all
Miami, Amsterdam
Tokyo, Spain, lost

Los Angeles, India
Lost on a train, lost

Got on my buttercream silk shirt and it's Versace
Hand me my triple weight
So I can weight the work I got on your girl (Too weird to live, too weird to die)
No I don't really wish
I don't wish the titties would show
No, have I ever
Have I ever let you get caught?

Now you're lost
Lost in the heat of it all
Girl you know you're lost
Lost in the thrill of it all
Miami, Amsterdam
Tokyo, Spain, lost

Los Angeles, India
Lost on a train, lost

She's at a stove (Who?)
Can't believe I got her out here cookin' dope (Cookin' dope)
I promise she'll be
Whippin' meals up for a family of her own some day
Nothin' wrong (Nothin' wrong, ain't nothin' wrong)
No nothin' wrong with a lie
Nothin' wrong with another short plane ride
(Nothin' wrong, ain't nothin' wrong)
Through the sky (Up in the sky)
You and I (Just you and I)

Now you're lost

Lost in the heat of it all
Girl you know you're lost
Lost in the thrill of it all
Miami, Amsterdam
Tokyo, Spain, lost
Los Angeles, India
Lost on a train, lost

Love lost ?
Love love
Love lost ?
Love love
Love lost
Love love
Love lost

Life is the substance
Then the other channel on the...",0.03327434882521629,0.005844741594046354,0.11492381244897842,0.3186618685722351,0.35230743885040283,0.1307165026664734,0.04427129402756691,8,1,123.06,0.6,0.5
Frank Ocean,Ivy,"I thought that I was dreamin' when you said you love me
The start of nothin'
I had no chance to prepare, I couldn't see you comin'
The start of nothin'
Ooh, I could hate you now
It's quite alright to hate me now
When we both know that deep down
The feeling still deep down is good

If I could see through walls, I could see you're faking
If you could see my thoughts, you would see our faces
Safe in my rental like an armored truck back then
We didn't give a fuck back then
I ain't a kid no more
We'll never be those kids again
We'd drive to Syd's
Had the X6 back then, back then
No matter what I did, my waves wouldn't dip back then
Everything sucked back then, we were friends

I thought that I was dreamin' when you said you love me
The start of nothin'
I had no chance to prepare, I couldn't see you comin'
The start of nothin'
Ooh, I could hate you now
It's quite alright to hate me now
But we both know that deep down
The feeling still deep down is good

In the halls of your hotel
Arm around my shoulder so I could tell
How much I meant to you, meant it sincere back then
We had time to kill back then
You ain't a kid no more
We'll never be those kids again
It's not the same
Ivory's illegal
Don't you remember?

I broke your heart last week
You'll probably feel better by the weekend
Still remember, had you goin' crazy
Screamin' my name, the feeling deep down is good

I thought that I was dreamin' when you said you love me
The start of nothin'
Had no chance to prepare, couldn't see you comin'
And we started from nothin'
Ooh, I could hate you now
It's alright to hate me now
We both know that deep down
The feeling still deep down is good

All the things I didn't mean to say
I didn't mean to do
There were things you didn't need to say
Did you mean to?
Mean to?

I've been dreamin' of you
Dreamin' of you
I've been dreamin' of you
Dreamin' of you
I've been dreamin'
Dreamin'",0.006277906708419323,0.4787905216217041,0.020003542304039,0.33408987522125244,0.04490317776799202,0.09460422396659851,0.021330764517188072,9,0,116.41,0.39,0.47
Frank Ocean,White Ferrari,"Bad luck to talk on these rides
Mind on the road, your dilated eyes
Watch the clouds float, White Ferrari
Had a good time, 16: how was I supposed to know anything?
I let you out at Central
I didn't care to state the plain
Kept my mouth closed, we're both so familiar
White Ferrari

Stick by me, close by me
You will find, you will find me
Is this the slow body?
Left when I forgot to speak
So I text the speech, lesser speeds, Texas speed, yes
Base takes its toll on me
Eventually, eventually, yes
I only eventually, eventually, yes
I care for you still and I will forever

That was my part of the deal, honest
We got so familiar
Spending each day of the year, White Ferrari
Good times
In this life, life
In this life, life

One too many years, some tattooed eyelids on a facelift
Mind over matter is magic, I do magic
If you think about it, it's over in no time the best life
Ooh, oooh, oooh, ooh...

I'm sure we're taller in another dimension
You say we're small and not worth the mention
You're tired of movin', your body's achin'
We could vaca, there's places to go
Clearly this isn't all that there is
Can't take what's been given
But we're so okay here, we're doing fine
Primal and naked
You dream of walls that hold us in prison
It's just a skull, least that's what they call it
And we're free to roam",0.07902570813894272,0.01216090191155672,0.24613279104232788,0.5675029754638672,0.03899942338466644,0.012572466395795345,0.04360575973987579,0,1,108.98,0.09,0.23
Frank Ocean,Nights,"Round your city, round the clock
Everybody needs you
No, you can't make everybody equal
Although you got beaucoup family
You don't even got nobody bein' honest with you
Breathe 'til I evaporated
My whole body see through
Transportation, handmade (G)
And I know it better than most people
I don't trust 'em anyways
You can't break the law with them
Get some gushy, have a calm night
Shooters killin' left and right
Workin' through your worst night
If I get my money right
You know I won't need you

And I tell you, (bitch)
I hope the sack is full up
I'm fuckin', no, I'm fucked up
Spend it when I get that
I ain't tryna keep you
Can't keep up a conversation
Can't nobody reach you
Why your eyes well up?
Did you call me from a séance?
You are from my past life
Hope you're doin' well, bruh
I been out here head first
Always like the head first
Signal comin' in and out
Hope you're doin' well, bruh
Everybody needs you, everybody needs you
Oooh, nani nani
This feel like a quaalude

No sleep in my body
Ain't no bitch in my body

New beginnin's, ahh
New beginnin's, wake up akh
The sun's goin' down
Time to start your day, bruh
Can't keep bein' laid off
Know you need the money if you gon' survive
The every night shit, every day shit

Droppin' baby off at home before my night shift
You know I can't hear none of that spend the night shit
That kumbaya shit
Wanna see nirvana, but don't wanna die yet
Wanna feel that na na though, could you come by?
Fuck with me after my shift

Know them boys wanna see me broke down and shit
Bummed out and shit, stressed out and shit
That's every day shit
Shut the fuck up, I don't want your conversation
Rollin' marijuana, that's a cheap vacation
My every day shit, every night shit, my every day shit
(Every night shit, night shit, night shit, night shit)

All my night, been ready for you all my night
Been waitin' on you all my night
I'll buzz you in, just let me know when you outside
All my night, you been missin' all my night
Still got some good nights memorized
And the look back's gettin' me right

Every night fucks every day up
Every day patches the night up
On God, you should match it, it's that KO
No white lighters 'til I fuck my 28th up
1998, my family had that Acura
Oh, the Legend
Kept at least six discs in the changer
Back when Boswell and Percy had it active
Couple bishops in the city buildin' mansions
All the reverends
Preachin' self made millionaire status
When we could only eat at Shoney's on occasion
After 'trina hit I had to transfer campus
Your apartment out in Houston's where I waited
Stayin' with you when I didn't have a address
Fuckin' on you when I didn't own a mattress
Workin' on a way to make it outta Texas, every night

Droppin' baby off at home before my night shift, yeah
You know I can't hear none of that spend the night shit
That kumbaya shit
Want to see nirvana, but don't wanna die yet
Wanna feel that na na though, could you come by
Fuck with me after my shift
Know them boys wanna see me broke down
See me bummed out, stressed out
That's just everyday shit
Shut the fuck up, I don't want your conversation
Rollin' marijuana, that's a cheap vacation
My every day shit, my every day shit
My every night shit, my every day shit
My every day shit, my every day shit
My every day shit, my every night shit",0.06336946040391922,0.017348216846585274,0.5335269570350647,0.04816942289471626,0.0399753674864769,0.16361813247203827,0.13399237394332886,5,0,89.87,0.55,0.43
Frank Ocean,Pyramids,"Oh, oh, oh, oh
Set the cheetahs on the loose
Oh, oh, oh, oh
There's a thief out on the move
Oh, oh, oh, ooh
Underneath our legion's view
Oh, oh, oh, oh
They have taken Cleopatra

Run, run, run (Cleopatra)
Come back for my glory (Cleopatra)
Bring her back to me (Cleopatra)
Run, run, run (Cleopatra)
The crown of our pharaoh (Cleopatra)
The throne of our queen is empty (Cleopatra)

We'll run to the future, shinin' like diamonds
In a rocky world, rocky, 'cky world
Our skin like bronze and our hair like cashmere
As we march to the rhythm on the palace floor, ah-ooh
Chandeliers inside the pyramids tremble from the force
Cymbals crash inside the pyramids, voices fill up the halls

Oh, oh, oh, ooh
Set the cheetahs on the loose
I, I, I, I
There's a thief out on the move
Oh, oh, oh, ooh
Underneath our legion's view
They have taken Cleopatra, Cleopatra

The jewel of Africa, jewel
What good is a jewel that ain't still precious?
How could you run off on me? How could you run off on us?
You feel like God inside that gold
I found you layin' down with Samson and his full head of hair
I found my black queen Cleopatra
Bad dreams, Cleopatra

Oh, oh, oh, remove her
Send the cheetahs to the tomb
Oh, oh, oh, our war is over
Our queen has met her doom
No more, she lives no more, serpent in her room
Oh, no more
He has killed Cleopatra, Cleopatra

Big Sun comin' strong through the motel blinds
Wake up to your girl
For now, let's call her Cleopatra, Cleopatra
I watch you fix your hair
Then put your panties on in the mirror, Cleopatra
Then your lipstick, Cleopatra
Then your six-inch heels, catch her
She's headed to the pyramid

She's workin' at the pyramid tonight
Workin' at the pyramid
Workin' at the pyramid tonight
Workin' at the pyramid, woah
Workin' at the pyramid tonight, yeah
Workin' at the pyramid, oh
Workin' at the pyramid tonight
Workin' at the pyramid
Workin' at the pyramid tonight

Pimpin' in my convos
Bubbles in my champagne, let it be some jazz playin'
Top floor motel suite, twistin' my cigars
Floor model TV with the VCR
Got rubies in my damn chain
Whip ain't got no gas tank, but it still got woodgrain
Got your girl workin' for me
Hit the strip and my bills paid
That keep my bills paid
Hit the strip and my bills paid
Keep a nigga bills paid

She's workin' at the pyramid tonight
Workin' at the pyramid, yeah, yeah
Workin' at the pyramid tonight, yeah
Workin' at the pyramid, oh, I
Workin' at the pyramid tonight, yeah
Workin' at the pyramid, ooh
Workin' at the pyramid tonight
Workin' at the pyramid

You showed up after work, I'm bathin' your body
Touch you in places only I know
You're wet and you're warm just like our bathwater
Can we make love before you go?
The way you say my name makes me feel like
I'm that nigga, but I'm still unemployed
You say it's big, but you take it
Ride cowgirl
But your love ain't free no more, baby
But your love ain't free no more

She's workin' at the pyramid tonight (oh, woah)
Workin' at the pyramid, yeah
Workin' at the pyramid tonight, yeah
Workin' at the pyramid, that's right
Workin' at the pyramid tonight, yeah
Workin' at the pyramid, ooh
Workin' at the pyramid tonight
Workin' at the pyramid
Workin' at the pyramid tonight",0.04616764932870865,0.010622246190905571,0.13217352330684662,0.04380381479859352,0.6666481494903564,0.0788087546825409,0.021775860339403152,5,0,108.03,0.66,0.16
Frank Ocean,Novacane,"I think I started something, I got what I wanted
Did-didn't I can't feel nothing, superhuman
Even when I'm fucking, Viagra popping
Every single record, autotuning
Zero emotion, muted emotion
Pitch corrected, computed emotion, uh-huh
I blame it on the model broad with the Hollywood smile, ow
Stripper booty and a rack like wow, Brain like Berkeley
Met her at Coachella
I went to see Jigga, she went to see Z Trip, perfect
I took a seat on the ice cold lawn
She handed me a ice blue bong, whatever
She said she wanna be a dentist really badly

She's in school paying
For tuition, doing porn in the Valley, at least you workin'
But, girl, I can't feel my face
What are we smoking anyway?
She said ""don't let the high go to waste""
But can you taste a little taste

Novacane, baby, baby
Novacane, baby, I want you
Fuck me good, fuck me long, fuck me numb
Love me now, when I'm gone, love me none
Love me none, love me none
Numb, numb, numb, numb

Sink full of dishes, pacin' in the kitchen, cocaine for breakfast, yikes
Bed full of women, flip on a tripod, little red light on shootin'

I'm feelin' like Stanley Kubrick, this is some visionary shit
Been tryna film pleasure with my eyes wide shut but it keeps on movin'
I blame it on the model broad with the Hollywood smile
Stripper booty with a rack like wow, I'll never forget ya
You put me on a feelin' I never had, never had, never had (Never)
And ever since I've been tryna get it back, and pick it up and put it back
Now I'm something like the chemist on campus
But there's no drug around quite like what I found in you, you
I still can't feel my face
What am I smokin' anyway? (Ahh)
She said ""don't let the high go to waste"" (Ooh)

But can you taste a little taste of

Novacane, baby, baby (Ohh)
Novacane, baby, I want you
Fuck me good, fuck me long, fuck me numb
Love me now, when I'm gone, love me none
Love me none, love me none, numb, numb, numb, numb

Novacane, novacane, novacane, novacane, novacane (Ohh)
Numb the pain, numb the pain, numb the pain, numb the pain, numb the pain (Ohh, ohh)
Novacane, novacane, novacane, novacane, novacane
For the pain, for the pain (Ohh, ohh, ohh)
Novacane, novacane (Ooh)

Pretty girls involved with me

Making pretty love to me, pretty, pity pity
All the pretty girls involved with me
Making pretty love to me, pretty, pity pity
I can't feel a thing, can't feel, can't feel a thing
Can't feel a thing, can't feel, feel, feel, feel her
Can't feel, feel her
Novacane, novacane, novacane
I can't feel her
Novacane for the pain, for the pain
Can't, can't feel her, feel her, feel her
Novacane, novacane-cane",0.09360778331756592,0.01103522814810276,0.316509872674942,0.22488269209861755,0.08921410888433456,0.13131769001483917,0.13343264162540436,3,1,93.51,0.51,0.37
