artist,song,lyrics,neutral,joy,sadness,anger,fear,disgust,surprise,key,mode,tempo,energy,valence
BTS,Dynamite,"'Cause I, I, I'm in the stars tonight
So watch me bring the fire and set the night alight

Shoes on, get up in the morn'
Cup of milk, let's rock and roll
King Kong, kick the drum
Rolling on like a Rolling Stone
Sing song when I'm walking home
Jump up to the top, LeBron
Ding-dong, call me on my phone
Ice tea and a game of ping pong

This is getting heavy
Can you hear the bass boom? I'm ready
Life is sweet as honey
Yeah, this beat cha-ching like money
Disco overload, I'm into that, I'm good to go
I'm diamond, you know I glow up
Hey, so let's go

'Cause I, I, I'm in the stars tonight
So watch me bring the fire and set the night alight (Hey)
Shining through the city with a little funk and soul
So I'ma light it up like dynamite, woah

Bring a friend, join the crowd, whoever wanna come along
Word up, talk the talk, just move like we off the wall
Day or night, the sky's alight, so we dance to the break of dawn
Ladies and gentlemen, I got the medicine so you should keep ya eyes on the ball, huh

This is getting heavy, can you hear the bass boom? I'm ready (Woo-hoo)
Life is sweet as honey, yeah, this beat cha-ching like money
Disco overload, I'm into that, I'm good to go
I'm diamond and you know I glow up
Let’s go

'Cause I, I, I'm in the stars tonight
So watch me bring the fire and set the night alight (Hey)
Shining through the city with a little funk and soul
So I'ma light it up like dynamite, woah

Dyn-n-n-n-na-na-na, life is dynamite
Dyn-n-n-n-na-na-na, life is dynamite
Shining through the city with a little funk and soul
So I'ma light it up like dynamite, woah

Dyn-n-n-n-na-na-na, ayy
Dyn-n-n-n-na-na-na, ayy
Dyn-n-n-n-na-na-na, ayy
Light it up like dynamite
Dyn-n-n-n-na-na-na, ayy
Dyn-n-n-n-na-na-na, ayy
Dyn-n-n-n-na-na-na, ayy
Light it up like dynamite

'Cause I, I, I'm in the stars tonight
So watch me bring the fire and set the night alight
Shining through the city with a little funk and soul
So I'ma light it up like dynamite
(This is ah) I'm in the stars tonight
So watch me bring the fire and set the night alight
Shining through the city with a little funk and soul
So I'ma light it up like dynamite, woah (Light it up like dynamite)

Dyn-n-n-n-na-na-na, life is dynamite (Life is dynamite)
Dyn-n-n-n-na-na-na, life is dynamite
Shining through the city with a little funk and soul
So I'ma light it up like dynamite, woah",0.433888703584671,0.21199752390384674,0.10346765071153641,0.09927600622177124,0.05588864907622337,0.04777948930859566,0.04770197719335556,6,0,114.04,0.77,0.74
BTS,FAKE LOVE,"Neol wihaeseoramyeon nan
Seulpeodo gippeun cheok hal suga isseosseo
Neol wihaeseolamyeon nan
Apado ganghan cheok hal suga isseosseo
Sarangi sarangmaneuro wanbyeokhagil
Nae modeun yakjeomdeureun da sumgyeojigil
Ilwojiji anhneun kkumsogeseo
Piul su eopsneun kkocheul kiwosseo

I'm so sick of this fake love, fake love, fake love
I'm so sorry but it's fake love, fake love, fake love

I wanna be a good man just for you
Sesangeul jwossne just for you
Jeonbu bakkwosseo just for you
Now I don't know me, who are you?
Urimanui sup neoneun eopseosseo
Naega wassdeon route ijeobeoryeosseo
Nado naega nuguyeossneunjido jal moreuge dwaesseo
Geoureda jikkeoryeobwa neoneun daeche nuguni

Neol wihaeseoramyeon nan
Seulpeodo gippeun cheok hal suga isseosseo
Neol wihaeseolamyeon nan
Apado ganghan cheok hal suga isseosseo
Sarangi sarangmaneuro wanbyeokhagil
Nae modeun yakjeomdeureun da sumgyeojigil
Ilwojiji anhneun kkumsogeseo
Piul su eopsneun kkocheul kiwosseo

Love you so bad, love you so bad
Neol wihae yeppeun geojiseul bijeonae
Love you so mad, love you so mad
Nal jiwo neoui inhyeongi doelyeo hae
Love you so bad, love you so bad
Neol wihae yeppeun geojiseul bijeonae
Love you so mad, love you so mad
Nal jiwo neoui inhyeongi doelyeo hae

I'm so sick of this fake love, fake love, fake love
I'm so sorry but it's fake love, fake love, fake love

Why you sad? I don't know nan molla
Useobwa salanghae malhaebwa
Nareul bwa najochado beolin na
Neojocha ihaehal su eopsneun na
Nachseolda hane
Niga johahadeon nalo byeonhan naega
Anira hane
Yejeone niga jal algo issdeon naega
Anigin mwoga anya nan nun meoreosseo
Sarangeun mwoga sarang it's all fake love

(Woo) I dunno I dunno I dunno why
(Woo) nado nal nado nal jal moreugesseo
(Woo) I just know I just know I just know why
Cuz its all fake love, fake love, fake love

Love you so bad, love you so bad
Neol wihae yeppeun geojiseul bijeonae
Love you so mad, love you so mad
Nal jiwo neoui inhyeongi doelyeo hae
Love you so bad, love you so bad
Neol wihae yeppeun geojiseul bijeonae
Love you so mad, love you so mad
Nal jiwo neoui inhyeongi doelyeo hae

I'm so sick of this fake love, fake love, fake love
I'm so sorry but it's fake love, fake love, fake love

Neol wihaeseoramyeon nan
Seulpeodo gippeun cheok hal suga isseosseo
Neol wihaeseolamyeon nan
Apado ganghan cheok hal suga isseosseo
Sarangi sarangmaneuro wanbyeokhagil
Nae modeun yakjeomdeureun da sumgyeojigil
Ilwojiji anhneun kkumsogeseo
Piul su eopsneun kkocheul kiwosseo",0.008323218673467636,0.003342603100463748,0.07185904681682587,0.8959702849388123,0.004288183990865946,0.004823947325348854,0.01139266137033701,2,0,77.5,0.72,0.35
BTS,Butter,"Smooth like butter
Like a criminal undercover
Gon' pop like trouble
Breakin' into your heart like that (Ooh)
Cool shade stunner
Yeah, I owe it all to my mother
Hot like summer
Yeah, I'm makin' you sweat like that
Break it down

Oh, when I look in the mirror
I'll melt your heart into two
I got that superstar glow so (Ooh)
Do the boogie like

Side step, right, left to my beat
High like the moon, rock with me, baby
Know that I got that heat
Let me show you 'cause talk is cheap
Side step, right, left to my beat
Get it, let it roll

Smooth like butter
Pull you in like no other
Don't need no Usher
To remind me you got it bad
Ain't no other
That can sweep you up like a robber
Straight up, I got ya
Makin' you fall like that
Break it down

Oh, when I look in the mirror
I'll melt your heart into two
I got that superstar glow so (Ooh)
Do the boogie like

Side step, right, left to my beat
High like the moon, rock with me, baby
Know that I got that heat
Let me show you 'cause talk is cheap
Side step, right, left to my beat
Get it, let it roll

Get it, let it roll
Get it, let it roll

Ice on my wrist, I'm the nice guy
Got the right body and the right mind
Rollin' up to party, got the right vibe
Smooth like (Butter), hate us (Love us)
Fresh boy pull up and we lay low
All the playas get movin' when the bass low
Got ARMY right behind us when we say so
Let's go

Side step, right, left to my beat (Right, left to my beat)
High like the moon, rock with me, baby
Know that I got that heat
Let me show you 'cause talk is cheap (You know that talk is cheap)
Side step, right, left to my beat
Get it, let it roll

Smooth like (Butter), cool shade (Stunner)
And you know we don't stop
Hot like (Summer), ain't no (Bummer)
You be like oh my god
We gon' make you rock and you say (Yeah)
We gon' make you bounce and you say (Yeah)
Hotter? Sweeter! Cooler? Butter!
Get it, let it roll",0.4633242189884186,0.0458880253136158,0.02690110169351101,0.27539965510368347,0.12613822519779205,0.045949529856443405,0.01639934629201889,8,1,110.0,0.46,0.7
BTS,DNA,"첫눈에 널 알아보게 됐어
서롤 불러왔던 것처럼
내 혈관 속 DNA가 말해줘
내가 찾아 헤매던 너라는 걸
우리 만남은 수학의 공식
종교의 율법 우주의 섭리
내게 주어진 운명의 증거, 너는 내 꿈의 출처
Take it, take it 너에게 내민 내 손은 정해진 숙명
걱정하지 마 love
이 모든 건 우연이 아니니까
우린 완전 달라 baby
운명을 찾아낸 둘이니까
우주가 생긴 그 날부터 계속 (계속)
무한의 세기를 넘어서 계속 (계속)
우린 전생에도 아마 다음 생에도
영원히 함께니까
이 모든 건 우연이 아니니까
운명을 찾아낸 둘이니까 DNA
I want it this love (this love), I want it real love (real love)
난 너에게만 집중해
좀 더 세게 날 이끄네
태초의 DNA가 널 원하는데 (하는데)
이건 필연이야 I love us (love us)
우리만이 true lovers (lovers)
그녀를 볼 때마다 소스라치게 놀라
신기하게 자꾸만 숨이 멎는 게 참 이상해 설마
이런 게 말로만 듣던 사랑이란 감정일까
애초부터 내 심장은 널 향해 뛰니까
걱정하지 마 love
이 모든 건 우연이 아니니까
우린 완전 달라 baby
운명을 찾아낸 둘이니까
우주가 생긴 그 날부터 계속 (계속)
무한의 세기를 넘어서 계속 (계속)
우린 전생에도 아마 다음 생에도
영원히 함께니까
이 모든 건 우연이 아니니까
운명을 찾아낸 둘이니까 DNA
돌아보지 말아
운명을 찾아낸 우리니까
후회하지 말아 baby
영원히 영원히 영원히 영원히
함께니까
걱정하지 마 love
이 모든 건 우연이 아니니까
우린 완전 달라 baby
운명을 찾아낸 둘이니까 DNA
La la la la la
La la la la la
우연이 아니니까
La la la la la
La la la la la
우연이 아니니까 DNA",0.36709529161453247,0.06548313051462173,0.17263458669185638,0.06916012614965439,0.2895539402961731,0.018209390342235565,0.017863592132925987,1,0,129.82,0.78,0.7
BTS,Blood Sweat & Tears,"Nae pi ttam nunmul nae majimak chumeul
Da gajyeoga ga
Nae pi ttam nunmul nae chagaun sumeul
Da gajyeoga ga
Nae pi ttam nunmul

Nae pi ttam nunmuldo
Nae mom maeum yeonghondo
Neoui geosin geol jal algo isseo
Igeon nareul beolbatge hal jumun
Peaches and cream
Sweeter than sweet
Chocolate cheeks
And chocolate wings
But neoui nalgaeneun akmaui geos
Neoui geu sweet apen bitter bitter

Kiss me apado dwae eoseo nal joyeojwo
Deo isang apeul sudo eopsge
Baby chwihaedo dwae ije neol deurikyeo
Mok gipsugi neoran wiseuki

Nae pi ttam nunmul nae majimak chumeul
Da gajyeoga ga
Nae pi ttam nunmul nae chagaun sumeul
Da gajyeoga ga

Wonhae manhi manhi manhi manhi
Wonhae manhi manhi manhi manhi manhi manhi
Wonhae manhi manhi manhi manhi
Wonhae manhi manhi manhi manhi manhi manhi

Apado dwae nal mukkeojwo naega domangchil su eopsge
Kkwak jwigo nal heundeureojwo naega jeongsin mot charige

Kiss me on the lips lips dulmanui bimil
Neoran gamoge jungdokdwae gipi
Niga anin dareun saram seomgiji moshae
Almyeonseodo samkyeobeorin dogi deun seongbae

Nae pi ttam nunmul nae majimak chumeul
Da gajyeoga ga
Nae pi ttam nunmul nae chagaun sumeul
Da gajyeoga ga

Wonhae manhi manhi manhi manhi
Wonhae manhi manhi manhi manhi manhi manhi
Wonhae manhi manhi manhi manhi
Wonhae manhi manhi manhi manhi manhi manhi

Nareul budeureopge jugyeojwo
Neoui songillo nun gamgyeojwo
Eochapi geobuhal sujocha eopseo

Deoneun domanggal sujocha eopseo
Niga neomu dalkomhae neomu dalkomhae
Neomu dalkomhaeseo

Nae pi ttam nunmul
Nae pi ttam nunmul",0.28318682312965393,0.10030383616685867,0.23571759462356567,0.27583691477775574,0.005324476398527622,0.050341587513685226,0.049288779497146606,0,0,92.9,0.89,0.61
BTS,I NEED U,"Fall (everything)
Fall (everything)
Fall (everything)
heuteojine
Fall (everything)
Fall (everything)
Fall (everything)
tteoreojine

neo ttaeme na ireohke mangajyeo
geumanhallae ije neo an gajyeo
mothagesseo mwot gataseo
jebal pinggye gateun geon samgajwo

niga nahante ireom an dwae
niga han modeun mareun andae
jinsireul garigo nal jjijeo
nal jjigeo na michyeo da sirheo
jeonbu gajyeoga nan niga geunyang miwo

But you're my everything (You're my)
Everything (You're my)
Everything (You're my)
jebal jom kkeojyeo huh

mianhae (I hate u)
saranghae (I hate u)
yongseohae

I need you girl
wae honja saranghago honjaseoman ibyeolhae
I need you girl
wae dachil geol amyeonseo jakku niga piryohae

I need you girl neon areumdawo
I need you girl neomu chagawo
I need you girl (I need you girl)
I need you girl [RM/JM] I need you girl

It goes round & round na wae jakku doraoji
I go down & down ijjeum doemyeon naega baboji
na museun jiseul haebwado eojjeol sugaeobtdago
bunmyeong nae simjang, nae maeum, nae gaseuminde
wae mareul an deutnyago
tto honjatmalhane (tto honjatmalhane)
tto honjatmalhane (tto honjatmalhane)
neon amu mal an hae a jebal naega jalhalge
haneureun tto parahge (haneureun tto parahge)

haneuri paraeseo haessari bitnaseo
nae nunmuri deo jal boina bwa
wae naneun neoinji wae hapil neoinji
wae neoreul tteonal suga eobtneunji

I need you girl
wae honja saranghago honjaseoman ibyeolhae
I need you girl
wae dachil geol amyeonseo jakku niga piryohae

I need you girl neon areumdawo
I need you girl neomu chagawo
I need you girl (I need you girl)
I need you girl [RM/JK] I need you girl

Girl charari charari heeojijago haejwo
Girl sarangi sarangi anieotdago haejwo
naegen geureol yonggigaeobseo
naege majimak seonmureul jwo
[JM/JK] deoneun doragal su eobtdorok

I need you girl
wae honja saranghago honjaseoman ibyeolhae
I need you girl
wae dachil geol amyeonseo jakku niga piryohae

I need you girl neon areumdawo
I need you girl neomu chagawo
I need you girl (I need you girl)
I need you girl [RM/JM/JK] I need you girl",0.2727487087249756,0.029438210651278496,0.20279063284397125,0.31231600046157837,0.03232692554593086,0.028009802103042603,0.12236973643302917,5,0,158.36,0.88,0.71
BTS,IDOL,"You can call me artist (artist)
You can call me idol (idol)
Anim eotteon dareun mwora haedo
I don’t care
I’m proud of it
Nan jayurobne
No more irony
Naneun hangsang nayeossgie

Songaragjil hae, naneun jeonhyeo singyeong sseuji anhne
Nareul yoghaneun neoui geu iyuga mwodeun gane
I know what I am
I know what I want
I never gon' change
I never gon' trade
(Trade off)

Mwol eojjeogo jeojjeogo tteodeureodaesyeo
I do what I do, geunikka neon neona jalhasyeo
You can’t stop me lovin’ myself

Eolssu johda
You can’t stop me lovin’ myself
Jihwaja johda
You can’t stop me lovin’ myself

Oh-oh-owoah
Oh-oh-owoah-owoah
Oh-oh-owoah
Deonggideok kungdeoreoreo
Eolssu
Oh-oh-owoah
Oh-oh-owoah-owoah
Oh-oh-owoah
Deonggideok kungdeoreoreo
Eolssu

Face off machi ousam, ay
Top star with that spotlight, ay
Ttaeron syupeohieoroga dwae
Dollyeodae neoui Anpanman
24sigani jeogji
Hesgallim, naegen sachi
I do my thang
I love myself

I love myself, I love my fans
Love my dance and my what
Nae soganen myeoch sib myeoch baegmyeongui naega isseo
Oneul tto dareun nal majihae
Eochapi jeonbu da naigie
Gominbodaneun gyang dalline
Runnin' man
Runnin' man
Runnin' man

Mwol eojjeogo jeojjeogo tteodeureodaesyeo
I do what I do, geunikka neon neona jalhasyeo
You can’t stop me lovin’ myself

Eolssu johda
You can’t stop me lovin’ myself
Jihwaja johda
You can’t stop me lovin’ myself

Oh-oh-owoah
Oh-oh-owoah-owoah
Oh-oh-owoah
Deonggideok kungdeoreoreo
Eolssu
Oh-oh-owoah
Oh-oh-owoah-owoah
Oh-oh-owoah
Deonggideok kungdeoreoreo
Eolssu

I’m so fine wherever I go
Gakkeum meolli doragado
It’s okay, I’m in love with my-my myself
It’s okay, nan i sungan haengbokhae

Eolssu johda
You can’t stop me lovin’ myself
Jihwaja johda
You can’t stop me lovin’ myself

Oh-oh-owoah
Oh-oh-owoah-owoah
Oh-oh-owoah
Deonggideok kungdeoreoreo
Eolssu
Oh-oh-owoah
Oh-oh-owoah-owoah
Oh-oh-owoah
Deonggideok kungdeoreoreo
Eolssu",0.45525282621383667,0.32495829463005066,0.043101079761981964,0.08749444037675858,0.005995976272970438,0.013934344053268433,0.06926313787698746,9,1,126.04,0.86,0.42
BLACKPINK,How You Like That,"BLACKPINK in your areaBLACKPINK in your area

보란 듯이 무너졌어boran deusi muneojyeosseo
바닥을 뚫고 저 지하까지badageul ttulkko jeo jihakkaji
옷 끝자락 잡겠다고ot kkeutjarak japgetdago
저 높이 두 손을 뻗어 봐도jeo nopi du soneul ppeodeo bwado

다시 캄캄한 이곳에 light up the skydasi kamkamhan igose light up the sky
네 두 눈을 보며, I′ll kiss you goodbyene du nuneul bomyeo, I′ll kiss you goodbye
실컷 비웃어라 꼴 좋으니까silkeot biuseora kkol joeunikka
이제 너희, 하나, 둘, 셋ije neohui, hana, dul, set

Ha, how you like that?Ha, how you like that?
You gon’ like that, that, that, that, thatYou gon’ like that, that, that, that, that
That, that, that, thatThat, that, that, that
How you like that? (Badabim badabum bumbum)How you like that? (Badabim badabum bumbum)
How you like that, that, that, that, thatHow you like that, that, that, that, that
That, that, that, thatThat, that, that, that

Now look at you, now look at meNow look at you, now look at me
Look at you, now look at meLook at you, now look at me
Look at you, now look at meLook at you, now look at me
How you like that?How you like that?
Now look at you, now look at meNow look at you, now look at me
Look at you, now look at meLook at you, now look at me
Look at you, now look at meLook at you, now look at me
How you like that?How you like that?

Your girl need it all and that′s a hunnidYour girl need it all and that′s a hunnid
백 개 중에 백, 내 몫을 원해baek gae jung-e baek, nae mokseul wonhae
Karma come and get someKarma come and get some
딱하지만 어쩔 수 없잖아ttakajiman eojjeol su eopjana
What's up? I'm right back (right back)What's up? I'm right back (right back)
방아쇠를 cock back (cock back)bang-asoereul cock back (cock back)
Plain Jane get hijackedPlain Jane get hijacked
Don’t like me?Don’t like me?
Then tell me how you like that, like thatThen tell me how you like that, like that

더 캄캄한 이곳에 shine like the starsdeo kamkamhan igose shine like the stars
그 미소를 띠며, I′ll kiss you goodbyegeu misoreul ttimyeo, I′ll kiss you goodbye
실컷 비웃어라 꼴 좋으니까silkeot biuseora kkol joeunikka
이제 너희, 하나, 둘, 셋ije neohui, hana, dul, set

Ha, how you like that?Ha, how you like that?
You gon’ like that, that, that, that, thatYou gon’ like that, that, that, that, that
That, that, that, thatThat, that, that, that
How you like that? (Badabim badabum bumbum)How you like that? (Badabim badabum bumbum)
How you like that, that, that, that, thatHow you like that, that, that, that, that
That, that, that, thatThat, that, that, that

Now look at you, now look at meNow look at you, now look at me
Look at you, now look at meLook at you, now look at me
Look at you, now look at meLook at you, now look at me
How you like that?How you like that?
Now look at you, now look at meNow look at you, now look at me
Look at you, now look at meLook at you, now look at me
Look at you, now look at meLook at you, now look at me
How you like that?How you like that?

날개 잃은 채로 추락했던 날nalgae ireun chaero churakaetdeon nal
어두운 나날 속에 갇혀 있던 날eoduun nanal soge gachyeo itdeon nal
그때쯤에 넌 날 끝내야 했어geuttaejjeume neon nal kkeunnaeya haesseo
Look up in the sky, it′s a bird, it's a planeLook up in the sky, it′s a bird, it's a plane

(Yeah, yeah, yeah)(Yeah, yeah, yeah)
Bring out your boss bitchBring out your boss bitch
(Yeah, yeah, yeah)(Yeah, yeah, yeah)
BLACKPINK!BLACKPINK!

(Dumdumdum dururum dumdumdum dururum)(Dumdumdum dururum dumdumdum dururum)
How you like that?How you like that?
(Dumdumdum dururum dumdumdum durururum)(Dumdumdum dururum dumdumdum durururum)
You gon’ like thatYou gon’ like that
(Dumdumdum dururum dumdumdum dururum)(Dumdumdum dururum dumdumdum dururum)
How you like that?How you like that?
(Dumdumdum dururu dumdumdum durururu)(Dumdumdum dururu dumdumdum durururu)",0.41578957438468933,0.08475084602832794,0.10354442149400711,0.2079208791255951,0.09784282743930817,0.03403306007385254,0.056118279695510864,11,1,130.03,0.76,0.34
BLACKPINK,Kill This Love,"Yeah, yeah, yeah
BLACKPINK IN YOUR AREA!
Yeah, yeah, yeah

천사 같은 ""hi"" 끝엔 악마 같은 ""bye""
매번 미칠듯한 high 뒤엔 뱉어야
하는 price
이건 답이 없는 test
매번 속더라도 yes
딱한 감정의 노예
얼어 죽을 사랑해

Here I come kick in the door
가장 독한 걸로 줘
뻔하디 뻔한 그 love
더 내놔봐 give me some more
알아서 매달려 벼랑 끝에
한마디면 또 like 헤벌레 해
그 따뜻한 떨림이 새빨간 설렘이
마치 heaven 같겠지만
You might not get in it

Look at me, look at you
누가 더 아플까
You smart 누가 you are
두 눈에 피눈물 흐르게 된다면
So sorry 누가 you are
나 어떡해 나약한 날 견딜 수 없어
애써 두 눈을 가린 채
사랑의 숨통을 끊어야겠어

Let's kill this love!
Yeah, yeah, yeah
Rum, pum, pum, pum, pum, pum, pum
Let's kill this love!
Rum, pum, pum, pum, pum, pum, pum

Feelin' like a sinner
It's so fire with him I go boo, ooh
He said you look crazy
Thank you baby
I owe it all to you
Got me all messed up
His love is my favorite
But you plus me
Sadly can be dangerous

Lucky me, lucky you
결국엔 거짓말 we lie
So what? So what?
만약에 내가 널 지우게
된다면 so sorry
I'm not sorry
나 어떡해 나약한 날 견딜 수 없어
애써 눈물을 감춘 채, eh
사랑의 숨통을 끊어야겠어

Let's kill this love!
Yeah, yeah, yeah, yeah, yeah
Rum, pum, pum, pum, pum, pum, pum
Let's kill this love!
Rum, pum, pum, pum, pum, pum, pum

We all commit to love
That makes you cry, oh oh
We're all making love
That kills you inside, yeah

We must kill this love (Yeah, yeah)
Yeah, it's sad but true
Gotta kill this love (Yeah, yeah)
Before it kills you too
Kill this love (Yeah, yeah)
Yeah, it's sad but true
Gotta kill this love (Yeah, yeah)
Let's kill this love!",0.2381218522787094,0.02435925044119358,0.5604391098022461,0.03158019855618477,0.10357887297868729,0.01090706791728735,0.031013652682304382,2,0,131.88,0.84,0.65
BLACKPINK,DDU-DU DDU-DU,"BLACKPINK!BLACKPINK!
Ah yeah, ah yeahAh yeah, ah yeah
BLACKPINK!BLACKPINK!
Ah yeah, ah yeahAh yeah, ah yeah

착한 얼굴에 그렇지 못한 태도chakan eolgure geureochi motan taedo
가녀린 몸매 속 가려진 volume은 두 배로ganyeorin mommae sok garyeojin volumeeun du baero
거침없이 직진 굳이 보진 않지 눈치geochimeopsi jikjin guji bojin anji nunchi
Black 하면 pink 우린 예쁘장한 savage (BLACKPINK!)Black hamyeon pink urin yeppeujanghan savage (BLACKPINK!)

원할 땐 대놓고 뺏지wonhal ttaen daenoko ppaetji
넌 뭘 해도 칼로 물 베기neon mwol haedo kallo mul begi
두 손엔 가득한 fat checkdu sonen gadeukan fat check
궁금하면 해봐 fact checkgunggeumhamyeon haebwa fact check
눈 높인 꼭대기nun nopin kkokdaegi
물 만난 물고기mul mannan mulgogi
좀 독해 난 toxicjom dokae nan toxic
You 혹해 I'm foxyYou hokae I'm foxy

두 번 생각해du beon saenggakae
흔한 남들처럼 착한 척은 못 하니까heunhan namdeulcheoreom chakan cheogeun mot hanikka
착각하지 마chakgakaji ma
쉽게 웃어주는 건 날 위한 거야swipge useojuneun geon nal wihan geoya
아직은 잘 모르겠지ajigeun jal moreugetji
굳이 원하면 test meguji wonhamyeon test me
넌 불 보듯이 뻔해neon bul bodeusi ppeonhae
만만한 걸 원했다면manmanhan geol wonhaetdamyeon

Oh, wait till I do what I doOh, wait till I do what I do
Hit you with that ddu-du ddu-du du (ah yeah, ah yeah)Hit you with that ddu-du ddu-du du (ah yeah, ah yeah)
Hit you with that ddu-du ddu-du du (ah yeah, ah yeah)Hit you with that ddu-du ddu-du du (ah yeah, ah yeah)
ddu-du ddu-du duddu-du ddu-du du

(Hit you with that, hit you with that, hit you with that)(Hit you with that, hit you with that, hit you with that)
BLACKPINK!BLACKPINK!

지금 내가 걸어가는 거린jigeum naega georeoganeun georin
BLACKPINK 4 way 사거리BLACKPINK 4 way sageori
동서남북 사방으로 run itdongseonambuk sabang-euro run it
너네 버킷리스트 싹 다 I bought itneone beokilliseuteu ssak da I bought it
널 당기는 것도 멀리 밀치는 것도neol danggineun geotdo meolli milchineun geotdo
제멋대로 하는 bad girljemeotdaero haneun bad girl
좋건 싫어하건 누가 뭐라 하던jokeon sireohageon nuga mwora hadeon
When the bass drop it’s another bangerWhen the bass drop it’s another banger

두 번 생각해du beon saenggakae
흔한 남들처럼 착한 척은 못 하니까heunhan namdeulcheoreom chakan cheogeun mot hanikka
착각하지 마chakgakaji ma
쉽게 웃어주는 건 날 위한 거야swipge useojuneun geon nal wihan geoya
아직은 잘 모르겠지ajigeun jal moreugetji
굳이 원하면 test meguji wonhamyeon test me
넌 불 보듯이 뻔해neon bul bodeusi ppeonhae
만만한 걸 원했다면manmanhan geol wonhaetdamyeon

Oh wait till I do what I doOh wait till I do what I do
Hit you with that ddu-du ddu-du du (ah yeah, ah yeah!)Hit you with that ddu-du ddu-du du (ah yeah, ah yeah!)
Hit you with that ddu-du ddu-du du (ah yeah, ah yeah!)Hit you with that ddu-du ddu-du du (ah yeah, ah yeah!)
ddu-du ddu-du duddu-du ddu-du du

What you gonna do when IWhat you gonna do when I
Come, come through with that, that, uh, uh huhCome, come through with that, that, uh, uh huh
What you gonna do when IWhat you gonna do when I
Come, come through with that, that, uh, uh huhCome, come through with that, that, uh, uh huh

뜨거워 뜨거워 뜨거워 like firetteugeowo tteugeowo tteugeowo like fire
(ddu-du ddu-du du, ddu-du ddu-du du)(ddu-du ddu-du du, ddu-du ddu-du du)
뜨거워 뜨거워 뜨거워 like firetteugeowo tteugeowo tteugeowo like fire
(ddu-du ddu-du du, ddu-du ddu-du du)(ddu-du ddu-du du, ddu-du ddu-du du)

BLACKPINK!BLACKPINK!
Hey!Hey!
ddu-du ddu-du du du du duddu-du ddu-du du du du du
Ah yeah, ah yeah, ah yeah, ah yeahAh yeah, ah yeah, ah yeah, ah yeah
뜨거워 뜨거워 뜨거워 like firetteugeowo tteugeowo tteugeowo like fire
뜨거워 뜨거워 뜨거워 like firetteugeowo tteugeowo tteugeowo like fire

Hit you with that ddu-du ddu-du duHit you with that ddu-du ddu-du du",0.3046991527080536,0.12687979638576508,0.08373482525348663,0.24084754288196564,0.10382162034511566,0.03681192919611931,0.103205107152462,4,0,140.04,0.83,0.39
BLACKPINK,Pink Venom,"BLACKPINK, BLACKPINKBLACKPINK, BLACKPINK
BLACKPINK, BLACKPINKBLACKPINK, BLACKPINK

Kick in the door, waving the CocoKick in the door, waving the Coco
팝콘이나 챙겨 껴들 생각 말고papkonina chaenggyeo kkyeodeul saenggak malgo
I talk that, talk, runways I walk, walkI talk that, talk, runways I walk, walk
눈 감고 pop, pop 안 봐도 척nun gamgo pop, pop an bwado cheok

One by one then two by twoOne by one then two by two
내 손끝 툭 하나에 다 무너지는 중nae sonkkeut tuk hana-e da muneojineun jung
가짜 쇼 치곤 화려했지gajja syo chigon hwaryeohaetji
Makes no sense, you couldn’t get a dollar outta meMakes no sense, you couldn’t get a dollar outta me

자 오늘 밤이야 난 독을 품은 꽃ja oneul bamiya nan dogeul pumeun kkot
네 혼을 빼앗은 다음ne honeul ppae-aseun da-eum
Look what you made us doLook what you made us do

천천히 널 잠재울 fire (fire)cheoncheonhi neol jamjae-ul fire (fire)
잔인할 만큼 아름다워janinhal mankeum areumdawo

I bring the pain likeI bring the pain like

This that pink venomThis that pink venom
This that pink venomThis that pink venom
This that pink venomThis that pink venom
Get 'em, get 'em, get 'emGet 'em, get 'em, get 'em
Straight to ya dome like whoa, whoa, whoaStraight to ya dome like whoa, whoa, whoa
Straight to ya dome like ah, ah, ahStraight to ya dome like ah, ah, ah

Taste that pink venomTaste that pink venom
Taste that pink venomTaste that pink venom
Taste that pink venomTaste that pink venom
Get 'em, get 'em, get 'emGet 'em, get 'em, get 'em
Straight to ya dome like whoa, whoa, whoaStraight to ya dome like whoa, whoa, whoa
Straight to ya dome like ah, ah, ahStraight to ya dome like ah, ah, ah

Black paint and ammo, got bodies like RamboBlack paint and ammo, got bodies like Rambo
Rest in peace, please light up a candleRest in peace, please light up a candle
This da life of a vandal, masked up and I'm still in CelineThis da life of a vandal, masked up and I'm still in Celine
Designer crimes or it wouldn't be me, wooDesigner crimes or it wouldn't be me, woo

Diamonds shinin', drive in silence, I don't mind it, I’m ridin'Diamonds shinin', drive in silence, I don't mind it, I’m ridin'
Flyin' private side by side with da pilot, up in the skyFlyin' private side by side with da pilot, up in the sky
And I’m wildin', stylin' on them and there's no chanceAnd I’m wildin', stylin' on them and there's no chance
'Cause we got bodies on bodies like this a slow dance'Cause we got bodies on bodies like this a slow dance

자 오늘 밤이야 난 독을 품은 꽃ja oneul bamiya nan dogeul pumeun kkot
네 혼을 빼앗은 다음ne honeul ppae-aseun da-eum
Look what you made us doLook what you made us do

천천히 널 잠재울 fire (fire)cheoncheonhi neol jamjae-ul fire (fire)
잔인할 만큼 아름다워janinhal mankeum areumdawo

I bring the pain likeI bring the pain like

This that pink venomThis that pink venom
This that pink venomThis that pink venom
This that pink venomThis that pink venom
Get 'em, get 'em, get 'emGet 'em, get 'em, get 'em
Straight to ya dome like whoa, whoa, whoaStraight to ya dome like whoa, whoa, whoa
Straight to ya dome like ah, ah, ahStraight to ya dome like ah, ah, ah

Taste that pink venomTaste that pink venom
Taste that pink venomTaste that pink venom
Taste that pink venomTaste that pink venom
Get 'em, get 'em, get 'emGet 'em, get 'em, get 'em
Straight to ya dome like whoa, whoa, whoaStraight to ya dome like whoa, whoa, whoa
Straight to ya dome like ah, ah, ahStraight to ya dome like ah, ah, ah

원한다면 provoke uswonhandamyeon provoke us
감당 못해 and you know thisgamdang motae and you know this
이미 퍼져버린 shot that potionimi peojyeobeorin shot that potion
네 눈앞은 핑크빛 oceanne nunapeun pingkeubit ocean

Come and give me all the smokeCome and give me all the smoke
도 아니면 모 like I'm so rock and rolldo animyeon mo like I'm so rock and roll
Come and give me all the smokeCome and give me all the smoke
다 줄 세워 봐 자 stop, dropda jul sewo bwa ja stop, drop

I bring the pain likeI bring the pain like

Ra-tatata, ra-tatataRa-tatata, ra-tatata
Ra-tatata, ra-tatataRa-tatata, ra-tatata
Ra-tatata, ra-tatataRa-tatata, ra-tatata

Straight to yaStraight to ya
Straight to yaStraight to ya
Straight to ya dome likeStraight to ya dome like

Ra-tatata, ra-tatataRa-tatata, ra-tatata
Ra-tatata, ra-tatataRa-tatata, ra-tatata
Ra-tatata, ra-tatataRa-tatata, ra-tatata

I bring the pain likeI bring the pain like",0.36321622133255005,0.05512595176696777,0.34059008955955505,0.0868389680981636,0.07618387788534164,0.008382370695471764,0.06966248154640198,0,1,90.03,0.7,0.75
BLACKPINK,Shut Down,"BLACKPINK in your area, eh ohBLACKPINK in your area, eh oh
BLACKPINK in your area, eh ohBLACKPINK in your area, eh oh

컴백이 아냐 떠난 적 없으니까keombaegi anya tteonan jeok eopseunikka
고개들이 돌아 진정해 목 꺾일라gogaedeuri dora jinjeonghae mok kkeokkilla
분홍빛의 얼음 drip, drip, drip, freeze 'em on sightbunhongbichui eoreum drip, drip, drip, freeze 'em on sight
Shut it down, what, what, what, what?Shut it down, what, what, what, what?

게임이 아냐 진 적이 없으니까geimi anya jin jeogi eopseunikka
짖어봐 네 목에 목줄은 내 거니까jijeobwa ne moge mokjureun nae geonikka
땅바닥에 닿은 pedal we go two zero fivettangbadage daeun pedal we go two zero five
Shut it down, uh, uh, uh, uhShut it down, uh, uh, uh, uh

초록 비를 내려 머리 위로 don’t trip, babychorok bireul naeryeo meori wiro don’t trip, baby
겸손하게 그냥 앉아있어 just sit, babygyeomsonhage geunyang anjaisseo just sit, baby

Praying for my downfall, many have tried, babyPraying for my downfall, many have tried, baby
Catch me when you hear my Lamborghini go vroom, vroom, vroom, vroomCatch me when you hear my Lamborghini go vroom, vroom, vroom, vroom

When we pull up you know it’s a shutdownWhen we pull up you know it’s a shutdown
간판 내리고 문 잠가 shut downganpan naerigo mun jamga shut down
Whip it, whip it, whip it, whip itWhip it, whip it, whip it, whip it
Whip it, whip it, whip it, whip itWhip it, whip it, whip it, whip it
It’s black and it's pink once the Sun downIt’s black and it's pink once the Sun down

When we pull up you know it’s a shutdownWhen we pull up you know it’s a shutdown
간판 내리고 문 잠가 shut downganpan naerigo mun jamga shut down
Whip it, whip it, whip it, whip itWhip it, whip it, whip it, whip it
Whip it, whip it, whip it, whip itWhip it, whip it, whip it, whip it
Keep watching me shut it downKeep watching me shut it down

NahNah
You don't wanna be on my bad side, that's right, I'm slidin' throughYou don't wanna be on my bad side, that's right, I'm slidin' through
Bunch of wannabes that wanna be me, me three if I was youBunch of wannabes that wanna be me, me three if I was you
Been around the world, pearls on ya girl, VVS's we invested, uhBeen around the world, pearls on ya girl, VVS's we invested, uh
Need a lesson, see the necklace, see these dressesNeed a lesson, see the necklace, see these dresses
We don’t buy it, we request it, uhWe don’t buy it, we request it, uh

A rockstar, a popstar but rowdierA rockstar, a popstar but rowdier
Say bye to the paparazzi, get my good side, I'll smile for yaSay bye to the paparazzi, get my good side, I'll smile for ya
Know it ain't fair to ya, it’s scarin' ya like what nowKnow it ain't fair to ya, it’s scarin' ya like what now
BLACKPINK in your area, the area been shut down, it’s a shutdownBLACKPINK in your area, the area been shut down, it’s a shutdown

네 다음 답안지야 똑바로 봐 don’t sleep, babyne da-eum dabanjiya ttokbaro bwa don’t sleep, baby
뒤집어봐 이건 가격표야 ain’t cheap, babydwijibeobwa igeon gagyeokpyoya ain’t cheap, baby

Stay in your own lane 'cause I'm 'bout to swerveStay in your own lane 'cause I'm 'bout to swerve
Catch me when you hear my Lamborghini go vroom, vroom, vroom, vroomCatch me when you hear my Lamborghini go vroom, vroom, vroom, vroom

When we pull up you know it's a shutdownWhen we pull up you know it's a shutdown
간판 내리고 문 잠가 shut downganpan naerigo mun jamga shut down
Whip it, whip it, whip it, whip itWhip it, whip it, whip it, whip it
Whip it, whip it, whip it, whip itWhip it, whip it, whip it, whip it
It’s black and it’s pink once the Sun downIt’s black and it’s pink once the Sun down

When we pull up you know it's a shutdownWhen we pull up you know it's a shutdown
간판 내리고 문 잠가 shut downganpan naerigo mun jamga shut down
Whip it, whip it, whip it, whip itWhip it, whip it, whip it, whip it
Whip it, whip it, whip it, whip itWhip it, whip it, whip it, whip it
Keep watching me shut it downKeep watching me shut it down

Shut it down, BLACKPINK in your areaShut it down, BLACKPINK in your area
Shut it down, woah, woah, woah, woahShut it down, woah, woah, woah, woah
Shut it down, BLACKPINK in your areaShut it down, BLACKPINK in your area
Keep talking, we shut you downKeep talking, we shut you down",0.16213245689868927,0.010917026549577713,0.05191130191087723,0.16194456815719604,0.39255690574645996,0.029552260413765907,0.19098548591136932,0,1,110.06,0.7,0.62
BLACKPINK,AS IF IT'S YOUR LAST,"neo mwonde jakku saenggakna
jajonsim sanghae aega ta
eolguri tteugeopgo gaseumeun gyesok ttwieo
nae momi mamdaero an dwae eojireowo

neon han jumui morae gata
japhil deut japhiji anha
neon swipji anheun geol geuraeseo deo kkeullyeo
nae mami mamdaero an dwae eoieopseo

jigeum neoreul wonhaneun
nae sumgyeori neukkyeojini
neol barabogo isseodo missing you
seotun nal won’t you set me free

Baby nal teojil geoscheoreom anajwo

geuman saenggakhae mwoga geuri eoryeowo

geojismalcheoreom kiseuhaejwo naega neoege
majimak sarangin geoscheoreom

majimakcheoreom ma-ma-majimakcheoreom
majimak bamin geoscheoreom love
majimakcheoreom ma-ma-majimakcheoreom
naeil ttawin eopsneun geoscheoreom

Uh I’ma fall in love baby
You gon finna catch me
Uh give you all of this baby
Call me pretty and nasty
Cause we gonna get it my love
you can bet it on
black we gon double the stack
on them whoa

I be the Bonnie
and you be my Clyde
We ride or die
Xs and Os

siganeun heulleoganeunde maeumman geuphaejiji
nae sesangeun neo hanaman missing you
seotun nal won’t you set me free

Baby nal teojil geoscheoreom anajwo
geuman saenggakhae mwoga geuri eoryeowo

geojismalcheoreom kiseuhaejwo naega neoege
majimak sarangin geoscheoreom

majimakcheoreom ma-ma-majimakcheoreom
majimak bamin geoscheoreom love
majimakcheoreom ma-ma-majimakcheoreom

naeil ttawin eopsneun geoscheoreom

One two three saeroun sijagiya
jeoldae dwidorabojin anheul geonikka

nal neoege deonjimyeon neoneun nal kkok jabajwo
sesangeun uril kkeokkji moshal tenikka

BLACKPINK in your area

baby nal teojil geoscheoreom anajwo
geuman saenggakhae mwoga geuri eoryeowo

geojismalcheoreom kiseuhaejwo naega neoege
majimak sarangin geoscheoreom

majimakcheoreom ma-ma-majimakcheoreom
majimak bamin geoscheoreom love

majimakcheoreom ma-ma-majimakcheoreom
naeil ttawin eopsneun geoscheoreom love",0.18717287480831146,0.036554936319589615,0.6163512468338013,0.04261266440153122,0.02471393533051014,0.006918801460415125,0.08567557483911514,8,1,125.07,0.87,0.53
BLACKPINK,BOOMBAYAH,"BLACKPINK in your area
Been a bad girl I know I am
And I'm so hot I need a fan
I don't want a boy I need a man
Click-Clack ! Badda
Bing badda booom !
Muneul bakchamyeon modu nal barabom
Gudi aesseo noryeok an haedo
Modeun namjadeureun kopiga pangpangpang
Pangpang parapara pangpangpang
Jigeum nal wihan chukbaereul jjanjjanjjan
Hands up ! Nae sonen
Bottle full o' henny
Nega malloman deutdeon gyaega naya Jennie
Chumchuneun bulbicceun nal gamssago done
Black to the pink

Eodiseodeun teukbyeolhae Oh yes
Chyeoda bodeun maldeun I wanna dance
Like ttaradaradanttan
Ttaradaradanttan ttudurupbau
Joha i bunwigiga joha
Joha nan jigeum nega joha
Jeongmal banhaesseo oneul bam
Neowa chumchugo sipeo

BOOMBAYAH
YAH YAH YAH BOOMBAYAH
YAH YAH YAH BOOMBAYAH
YAH YAH YAH YAH
BOOM BOOM BA BOOM
BOOM BA oppa
YAH YAH YAH YAH YAH YAH
YAH YAH YAH YAH
YAH YAH YAH YAH YAH YAH

YAH YAH YAH YAH oppa
YAH YAH YAH YAH YAH YAH
YAH YAH YAH YAH
YAH YAH YAH YAH YAH YAH
YAH BOOM BOOM BA
BOOMBAYAH

BLACKPINK in your area
Ije dallyeoyaji mwol eotteokhae
Nan cheol eopseo geop eopseo man
Middle finger up F U pay me
90't baby I pump up the jam
Dallyeobwa dallyeobwa oppaya lAMpO
Oneureun neowa na jeolmeumeul kAMplE
Gamhi nal makjima hoksina nuga nal magado
I'm gonna go Brrrr RAMBO
Ne soni nae heorireul gamssago done
Front to my back

Nae mommaeneun teukbyeolhae Oh yes
Ne nunbicceun I know you wanna touch
Like Touch touch touch
Touch ttudurupbau
Joha i bunwigiga joha
Joha nan jigeum nega joha
Jeongmal meosisseo oneul bam
Neowa chumchugo sipeo

BOOMBAYAH
YAH YAH YAH BOOMBAYAH
YAH YAH YAH BOOMBAYAH
YAH YAH YAH YAH
BOOM BOOM BA
BOOM BOOM BA oppa
YAH YAH YAH YAH YAH
YAH YAH YAH YAH YAH
YAH YAH YAH YAH YAH

YAH YAH YAH YAH YAH oppa
YAH YAH YAH YAH YAH
YAH YAH YAH YAH YAH
YAH YAH YAH YAH YAH
YAH YAH BOOM BOOM BA
BOOMBAYAH

Oneureun maen jeongsin ttawin beorigo
Haneureul neomeoseo olla gal geoya
Kkeuteul moreuge ppalli dalligo sipeo
Let's go, let's go
Oneureun maen jeongsin ttawin beorigo
Haneureul neomeoseo olla gal geoya
Kkeuteul moreuge ppalli dalligo sipeo
Let's go, let's go",0.30911025404930115,0.12746982276439667,0.16397510468959808,0.14639385044574738,0.03369997814297676,0.03132997080683708,0.18802106380462646,5,0,124.95,0.84,0.4
BLACKPINK,JUMP,"I'm not that easy to tame
You should see me under these lights, all my tears turn to ice
That's the sweetest escape
Every time the feeling kicks in, I might stay through the night

Bet you get it now
Rocked that, didn't I?
Chakgak hajima nuga nugunji Whoa
Think you runnin' that
Guess we gunnin' back (You know I walk, yeah, I talk it)
Nungamgo hana dul set
Ttwieo

Ttwieo
Ttwieo
Ttwieo
Ttwieo
So come up with me, I'll take you high
That prima donna spice up your life
You know I got that shit that you like
So come up with me, run up, uh, jump
Ttwieo

Watch me runnin' up the place
I'm already stuntin' and my girls are on the way
Ttwieo
Watch me open up the place
Wanna see you bumpin', baby, bouncin' to the bass

Are you not entertained?
I ain't gotta explain
I'm with all of my sisters
Got 'em goin' insane, yeah
You know we on a mission
All gas, no brakes, yeah
Breakin' out of the system
Breakin' out of this cage, yeah

Bet you get it now
Ate that, didn't I?
Sungan itjima nuga nugunji Oh
Think you runnin' that
Guess we gunnin' back (You know I walk, yeah, I talk it)
Nungamgo hana dul set
Ttwieo

Ttwi ttwi ttwieo
Ttwieo
Ttwieo
Ttwieo
So come up with me, I'll take you high
That prima donna spice up your life
You know I got that shit that you like
So come up with me, run up, uh, jump
Ttwieo

Watch me runnin' up the place
I'm already stuntin' and my girls are on the way
Ttwieo
Watch me open up the place
Wanna see you bumpin', baby, bouncin' to the bass

Blackpink in your area
Ttwieo
Ttwieo",0.43765953183174133,0.12621967494487762,0.10213348269462585,0.10787266492843628,0.07073270529508591,0.051189493387937546,0.10419245809316635,5,0,144.97,0.93,0.52
IU,LILAC,"나리는 꽃가루에 눈이 따끔해 (아야)
눈물이 고여도 꾹 참을래
내 마음 한켠 비밀스런 오르골에 넣어두고서
영원히 되감을 순간이니까

우리 둘의 마지막 페이지를 잘 부탁해
어느 작별이 이보다 완벽할까
Love me only 'till this spring

오 라일락 꽃이 지는 날 goodbye
이런 결말이 어울려
안녕 꽃잎 같은 안녕
하이얀 우리 봄날의 climax
아 얼마나 기쁜 일이야

Ooh, ooh, ooh, ooh
Love me only 'till this spring
봄바람처럼
Ooh, ooh, ooh, ooh
Love me only 'till this spring
봄바람처럼

기분이 달아 콧노래 부르네 (랄라)
입꼬리는 살짝 올린 채
어쩜 이렇게 하늘은 더 바람은 또 완벽한 건지
오늘따라 내 모습 맘에 들어

처음 만난 그날처럼 예쁘다고 말해줄래
어느 이별이 이토록 달콤할까
Love resembles misty dream

오 라일락 꽃이 지는 날 goodbye
이런 결말이 어울려
안녕 꽃잎 같은 안녕
하이얀 우리 봄날의 climax
아 얼마나 기쁜 일이야

Ooh, ooh, ooh, ooh
Love resembles misty dream
뜬구름처럼
Ooh, ooh, ooh, ooh
Love resembles misty dream
뜬구름처럼

너도 언젠가 날 잊게 될까
지금 표정과 오늘의 향기도
단잠 사이에 스쳐간
봄날의 꿈처럼

오 라일락 꽃이 지는 날 goodbye
너의 대답이 날 울려
안녕 약속 같은 안녕
하이얀 우리 봄날에 climax
아 얼마나 기쁜 일이야

Ooh, ooh, ooh, ooh
Love me only 'till this spring
봄바람처럼
Ooh, ooh, ooh, ooh
Love me only 'till this spring
봄바람처럼
Ooh, ooh, ooh, ooh
Love resembles misty dream
뜬구름처럼
Ooh, ooh, ooh, ooh
Love resembles misty dream
뜬구름처럼",0.23649990558624268,0.058547891676425934,0.6019763350486755,0.017456460744142532,0.05453887954354286,0.00797757226973772,0.023003000766038895,2,0,114.94,0.89,0.75
IU,BBIBBI,"Hi, thereHi, there
인사해 호들갑 없이insahae hodeulgap eopsi
시작해요 서론 없이sijakaeyo seoron eopsi

스킨십은 사양할게요seukinsibeun sayanghalgeyo
Back off, back offBack off, back off
이대로 좋아요idaero joayo
Balance, balanceBalance, balance

It’s me 나예요 다를 거 없이It’s me nayeyo dareul geo eopsi
요즘엔 뭔가요 내 gossipyojeumen mwon-gayo nae gossip

탐색하는 불빛tamsaekaneun bulbit
Scanner, scannerScanner, scanner
오늘은 몇 점인가요oneureun myeot jeomin-gayo
Jealous, jealousJealous, jealous

쟤는 대체 왜 저런 옷을 좋아한담jyaeneun daeche wae jeoreon oseul joahandam
기분을 알 수 없는 저 표정은 뭐람gibuneul al su eomneun jeo pyojeong-eun mworam
태가 달라진 건taega dallajin geon
아마 stress 때문인가ama stress ttaemunin-ga
걱정이야 쟤도 참geokjeong-iya jyaedo cham

Yellow C-A-R-DYellow C-A-R-D
이 선 넘으면 침범이야 beepi seon neomeumyeon chimbeomiya beep
매너는 여기까지maeneoneun yeogikkaji
It’s mi-mi-mi-mineIt’s mi-mi-mi-mine
Please, keep the li-li-li-linePlease, keep the li-li-li-line

Hello, stu-P-I-DHello, stu-P-I-D
그 선 넘으면 정색이야 beepgeu seon neomeumyeon jeongsaegiya beep
Stop it 거리 유지해Stop it geori yujihae
'Cause we don’t know, know, know, know'Cause we don’t know, know, know, know
Comma, we don’t owe, owe, owe, oweComma, we don’t owe, owe, owe, owe
AnythingAnything

I don’t careI don’t care
당신의 비밀이 뭔지dangsinui bimiri mwonji
저마다의 사정 역시jeomadaui sajeong yeoksi
정중히 사양할게요jeongjunghi sayanghalgeyo
Not my businessNot my business
이대로 좋아요idaero joayo
Talk talklessTalk talkless

Still me 또예요Still me ttoyeyo
놀랄 거 없이nollal geo eopsi
I’m sure you’re gonna sayI’m sure you’re gonna say
My goshMy gosh

바빠지는 눈빛bappajineun nunbit
Check checkingCheck checking
매일 틀린 그림 찾기maeil teullin geurim chatgi
Hash taggingHash tagging

꼿꼿하게 걷다가 삐끗 넘어질라kkotkkotage geotdaga ppikkeut neomeojilla
다들 수군대는 걸 자긴 아나 몰라dadeul sugundaeneun geol jagin ana molla
요새 말이 많은 걔랑 어울린다나yosae mari maneun gyaerang eoullindana
문제야 쟤도 참munjeya jyaedo cham

Yellow C-A-R-DYellow C-A-R-D
이 선 넘으면 침범이야 beepi seon neomeumyeon chimbeomiya beep
매너는 여기까지maeneoneun yeogikkaji
It’s mi-mi-mi-mineIt’s mi-mi-mi-mine
Please, keep the li-li-li-linePlease, keep the li-li-li-line

Hello, stu-P-I-DHello, stu-P-I-D
그 선 넘으면 정색이야 beepgeu seon neomeumyeon jeongsaegiya beep
Stop it 거리 유지해Stop it geori yujihae
'Cause we don’t know, know, know, know'Cause we don’t know, know, know, know
Comma, we don’t owe, owe, owe, oweComma, we don’t owe, owe, owe, owe
AnythingAnything

편하게 하지 뭐pyeonhage haji mwo
어 거기 너 말 알아 들어 어eo geogi neo mal ara deureo eo
I don’t believe itI don’t believe it

에이 아직 모를 걸ei ajik moreul geol
내 말 틀려 또 나만 나뻐 어nae mal teullyeo tto naman nappeo eo
I don’t believe itI don’t believe it

깜빡이 켜 교양이 없어 너kkamppagi kyeo gyoyang-i eopseo neo
Knock, knock, knockKnock, knock, knock
Enough 더 상대 안 해Enough deo sangdae an hae
Block, block, block, blockBlock, block, block, block
잘 모르겠으면jal moreugesseumyeon
이젠 좀 외워 babeijen jom oewo babe
Repeat, repeatRepeat, repeat
참 쉽지 right?cham swipji right?

Yellow C-A-R-DYellow C-A-R-D
이 선 넘으면 침범이야 beepi seon neomeumyeon chimbeomiya beep
매너는 여기까지maeneoneun yeogikkaji
It’s mi-mi-mi-mineIt’s mi-mi-mi-mine
Please, keep the li-li-li-linePlease, keep the li-li-li-line

Hello, stu-P-I-DHello, stu-P-I-D
그 선 넘으면 정색이야 beepgeu seon neomeumyeon jeongsaegiya beep
Stop it 거리 유지해Stop it geori yujihae
'Cause we don’t know, know, know, know'Cause we don’t know, know, know, know
Comma, we don’t owe, owe, owe, oweComma, we don’t owe, owe, owe, owe
AnythingAnything",0.5587184429168701,0.08012553304433823,0.08818612992763519,0.10541141778230667,0.046504247933626175,0.007675726432353258,0.11337847262620926,7,1,143.89,0.62,0.82
IU,Palette,"이상하게도 요즘엔isanghagedo yojeumen
그냥 쉬운 게 좋아geunyang swiun ge joa
하긴 그래도hagin geuraedo
여전히 코린 음악은 좋더라yeojeonhi korin eumageun joteora
Hot pink보다 진한 보라색을 더 좋아해Hot pinkboda jinhan borasaegeul deo joahae
또 뭐더라 단추 있는 pajamas, lipsticktto mwodeora danchu inneun pajamas, lipstick
좀 짓궂은 장난들jom jitgujeun jangnandeul

I like it I’m twenty fiveI like it I’m twenty five
날 좋아하는 거 알아nal joahaneun geo ara
I got this, I’m truly fineI got this, I’m truly fine
이제 조금 알 것 같아 날ije jogeum al geot gata nal

긴 머리보다gin meoriboda
반듯이 자른 단발이 좋아bandeusi jareun danbari joa
하긴 그래도 좋은 날 부를 땐hagin geuraedo joeun nal bureul ttaen
참 예뻤더라cham yeppeotdeora
오 왜 그럴까 조금 촌스러운 걸 좋아해?o wae geureolkka jogeum chonseureoun geol joahae?
그림보다 빼곡히 채운 palettegeurimboda ppaegoki chae-un palette
일기 잠들었던 시간들ilgi jamdeureotdeon sigandeul

I like it I’m twenty fiveI like it I’m twenty five
날 미워하는 거 알아nal miwohaneun geo ara
I got this I’m truly fineI got this I’m truly fine
이제 조금 알 것 같아 날ije jogeum al geot gata nal

어려서 모든 게 어려워eoryeoseo modeun ge eoryeowo
잔소리에 매 서러워jansorie mae seoreowo
꾸중만 듣던 철부지 애kkujungman deutdeon cheolbuji ae
겨우 스무고개 넘어gyeou seumugogae neomeo
기쁨도 잠시 어머?gippeumdo jamsi eomeo?
아프니까 웬 청춘이래apeunikka wen cheongchunirae
지은아 오빠는 말이야 지금 막 서른인데jieuna oppaneun mariya jigeum mak seoreuninde
나는 절대로 아니야 근데 막 어른이 돼naneun jeoldaero aniya geunde mak eoreuni dwae
아직도 한참 멀었는데ajikdo hancham meoreonneunde
너보다 다섯 살 밖에 안 먹었는데neoboda daseot sal bakke an meogeonneunde
스물 위 서른 아래 고맘때, right thereseumul wi seoreun arae gomamttae, right there
애도 어른도 아닌 나이 때 그저 나일 때aedo eoreundo anin nai ttae geujeo nail ttae
가장 찬란하게 빛이 나gajang challanhage bichi na
어둠이 드리워질 때도 겁내지 마eodumi deuriwojil ttaedo geomnaeji ma
너무 아름다워서 꽃잎 활짝 펴서neomu areumdawoseo kkochip hwaljjak pyeoseo
언제나 사랑받는 아이 youeonjena sarangbanneun ai you

Palette, 일기, 잠들었던 시간들Palette, ilgi, jamdeureotdeon sigandeul
I like it I’m twenty fiveI like it I’m twenty five
날 좋아하는 거 알아nal joahaneun geo ara
I got this I’m truly fineI got this I’m truly fine
이제 조금 알 것 같아 날ije jogeum al geot gata nal
(아직 할 말이 많아)(ajik hal mari mana)

I like it I’m twenty fiveI like it I’m twenty five
날 미워하는 거 알아nal miwohaneun geo ara
I got this I’ve truly foundI got this I’ve truly found
이제 조금 알 것 같아 날ije jogeum al geot gata nal",0.4968317151069641,0.14349517226219177,0.08648499101400375,0.07796857506036758,0.1031433492898941,0.015857627615332603,0.07621858268976212,0,1,102.01,0.68,0.62
IU,Celebrity,"세상의 모서리
구부정하게 커버린 골칫거리 outsider (Uh, huh)
걸음걸이, 옷차림
이어폰 너머 playlist 음악까지 다 minor

넌 모르지 떨군 고개 위
환한 빛 조명이 (어딜 비추는지)
느려도 좋으니 결국 알게 되길
The one and only
You're my celebrity

잊지마 넌 흐린 어둠 사이
왼손으로 그린 별 하나
보이니 그 유일함이 얼마나
아름다운지 (말야)
You're my celebrity

(I know you are, are)
(I know you are, are)
(I know you are, you are, are)
Celebrity
(I know you are, are)
(I know you are, are)
(I know you are, are)
You're my celebrity

지쳐버린 표정 마치
전원을 꺼놓은 듯이 심장 소린 too quiet (Uh, huh)
네가 가진 반짝거림
상상력, identity까지 모조리 diet, huh

넌 모르지 아직 못다 핀
널 위해 쓰여진 (오래된 사랑시)
헤매도 좋으니 웃음 짓게 되길
The one and only
You're my celebrity

잊지마 넌 흐린 어둠 사이
왼손으로 그린 별 하나
보이니 그 유일함이 얼마나
아름다운지 (말야)
You're my celebrity

발자국마다 이어진 별자리
그 서투른 걸음이 새겨놓은 밑그림
오롯이 너를 만나러 가는 길
그리로 가면 돼 점선을 따라

잊지마 이 오랜 겨울 사이
언 틈으로 피울 꽃 하나
보이니 하루 뒤 봄이 얼마나
아름다울지 (말야)
You're my celebrity

(I know you are, arе)
(I know you are, are)
(I know you are, you arе, are)
Celebrity
(I know you are, are)
(I know you are, are)
(I know you are, are)
You're my celebrity",0.7194477319717407,0.031782809644937515,0.09508321434259415,0.024750884622335434,0.07033863663673401,0.022542348131537437,0.036054328083992004,9,1,100.0,0.78,0.67
IU,Blueming,"뭐해라는 두 글자에mwohaeraneun du geulja-e
네가 보고 싶어 나의 속마음을 담아 우nega bogo sipeo naui songma-eumeul dama u
이모티콘 하나하나 속에imotikon hanahana soge
달라지는 내 미묘한 심리를 알까 우dallajineun nae mimyohan simnireul alkka u

아니 바쁘지 않아 nothing, na, naani bappeuji ana nothing, na, na
잠들어 있지 않아 insomnia-nia-niajamdeureo itji ana insomnia-nia-nia
지금 다른 사람과 함께이지 않아jigeum dareun saramgwa hamkkeiji ana
응 나도 너를 생각 중eung nado neoreul saenggak jung

우리의 네모 칸은 bloomuriui nemo kaneun bloom
엄지손가락으로 장미꽃을 피워eomjison-garageuro jangmikkocheul piwo
향기에 취할 것 같아 우hyanggie chwihal geot gata u
오직 둘만의 비밀의 정원ojik dulmanui bimirui jeong-won

I feel bloom, I feel bloom, I feel bloomI feel bloom, I feel bloom, I feel bloom
너에게 한 송이를 더 보내neoege han song-ireul deo bonae

밤샘 작업으로 업데이트bamsaem jageobeuro eopdeiteu
흥미로운 이 작품의 지은이 that's me 우heungmiroun i jakpumui jieuni that's me u
어쩜 이 관계의 클라이맥스eojjeom i gwan-gye-ui keullaimaekseu
이막으로 넘어가기엔 지금이 good timing 우imageuro neomeogagien jigeumi good timing u

같은 맘인 걸 알아 realize-la-la-lizegateun mamin geol ara realize-la-la-lize
말을 고르지 말아 just reply-la-la-lymareul goreuji mara just reply-la-la-ly
조금 장난스러운 나의 은유에jogeum jangnanseureoun naui eunyue
네 해석이 궁금해ne haeseogi gunggeumhae

우리의 색은 gray and blueuriui saegeun gray and blue
엄지손가락으로 말풍선을 띄워eomjison-garageuro malpungseoneul ttuiwo
금세 터질 것 같아 우geumse teojil geot gata u
호흡이 가빠져 어지러워hoheubi gappajyeo eojireowo

I feel blue, I feel blue, I feel blueI feel blue, I feel blue, I feel blue
너에게 가득히 채워neoege gadeuki chaewo

띄어쓰기없이 보낼게 사랑인 것 같애ttuieosseugieopsi bonaelge sarang-in geot gatae
백만송이 장미꽃을 나랑 피워볼래baengmansong-i jangmikkocheul narang piwobollae
꽃잎의 색은 우리 마음 가는 대로 칠해kkochipui saegeun uri ma-eum ganeun daero chilhae
시들 때도 예쁘게sideul ttaedo yeppeuge

우리의 네모 칸은 bloomuriui nemo kaneun bloom
엄지손가락으로 장미꽃을 피워eomjison-garageuro jangmikkocheul piwo
향기에 취할 것 같아 우hyanggie chwihal geot gata u
오직 둘만의 비밀의 정원ojik dulmanui bimirui jeong-won

I feel bloom, I feel bloom, I feel bloomI feel bloom, I feel bloom, I feel bloom
너에게 한 송이를 더 보내neoege han song-ireul deo bonae",0.43628424406051636,0.06609337776899338,0.14735540747642517,0.10031741112470627,0.17797580361366272,0.021805236116051674,0.0501684844493866,0,1,106.03,0.67,0.68
IU,Love wins all,"Dearest, darling, my universeDearest, darling, my universe
날 데려가 줄래?nal deryeoga jullae?
나의 이 가난한 상상력으론naui i gananhan sangsangnyeogeuron
떠올릴 수 없는 곳으로tteoollil su eomneun goseuro

저기 멀리 from Earth to Marsjeogi meolli from Earth to Mars
꼭 같이 가줄래?kkok gachi gajullae?
그곳이 어디든, 오랜 외로움geugosi eodideun, oraen oeroum
그 반대말을 찾아서geu bandaemareul chajaseo

어떤 실수로eotteon silsuro
이토록 우리는itorok urineun
함께일까?hamkkeilkka?

세상에게서 도망쳐, run onsesang-egeseo domangchyeo, run on
나와 저 끝까지 가줘, my lovernawa jeo kkeutkkaji gajwo, my lover
나쁜 결말일까 길 잃은 우리 둘, mmnappeun gyeolmarilkka gil ireun uri dul, mm
부서지도록 나를 꼭 안아buseojidorok nareul kkok ana
더 사랑히 내게 입맞춰, loverdeo saranghi naege immatchwo, lover
Love is all, love is allLove is all, love is all
Love, love, love, loveLove, love, love, love

결국, 그럼에도gyeolguk, geureomedo
어째서 우리는eojjaeseo urineun
서로일까?seoroilkka?

세상에게서 도망쳐, run onsesang-egeseo domangchyeo, run on
나와 저 끝까지 가줘, my lovernawa jeo kkeutkkaji gajwo, my lover
나쁜 결말일까 길 잃은 우리 둘, mmnappeun gyeolmarilkka gil ireun uri dul, mm

찬찬히 너를 두 눈에 담아chanchanhi neoreul du nune dama
한 번 더 편안히 웃어주렴han beon deo pyeonanhi useojuryeom
유영하듯 떠오른yuyeonghadeut tteooreun
그날 그 밤처럼geunal geu bamcheoreom
나와 함께 겁 없이nawa hamkke geop eopsi
저물어줄래?jeomureojullae?
산산히 나를 더 망쳐, ruinersansanhi nareul deo mangchyeo, ruiner
너와 슬퍼지고 싶어, my loverneowa seulpeojigo sipeo, my lover

필연에게서 도망쳐, run onpiryeonegeseo domangchyeo, run on
나와 저 끝까지 가줘, my lovernawa jeo kkeutkkaji gajwo, my lover
일부러 나란히 길 잃은 우리 두 사람ilbureo naranhi gil ireun uri du saram
부서지도록 나를 꼭 안아buseojidorok nareul kkok ana
더 사랑히 내게 입맞춰, loverdeo saranghi naege immatchwo, lover
Our love wins all, love wins allOur love wins all, love wins all
Love, love, love, loveLove, love, love, love",0.357924222946167,0.14729535579681396,0.21855807304382324,0.05461414158344269,0.09049920737743378,0.010667839087545872,0.12044110894203186,0,1,101.13,0.45,0.32
Metallica,Enter Sandman,"Say your prayers, little one
Don't forget, my son,
To include everyone

Tuck you in, warm within
Keep you free from sin
Till the sandman he comes

Sleep with one eye open
Gripping your pillow tight

Exit: light
Enter: night
Take my hand
We're off to never-never land

Something's wrong, shut the light
Heavy thoughts tonight
And they aren't of Snow White

Dreams of war, dreams of liars
Dreams of dragon's fire
And of things that will bite

Sleep with one eye open
Gripping your pillow tight

Exit: light
Enter: night
Take my hand
We're off to never-never land

Now I lay me down to sleep
Pray the Lord my soul to keep
If I die before I wake
Pray the Lord my soul to take

Hush little baby, don't say a word
And never mind that noise you heard
It's just the beasts under your bed
In your closet, in your head

Exit: light
Enter: night
Grain of sand

Exit: light
Enter: night
Take my hand
We're off to never-never land",0.10377941280603409,0.0026288393419235945,0.08863966166973114,0.05857348069548607,0.7174555063247681,0.022349758073687553,0.006573326885700226,6,0,123.3,0.84,0.62
Metallica,Nothing Else Matters,"So close no matter how far
couldn't be much more from the heart
forever trust in who we are
and nothing else matters

never opened myself this way
life is ours, we live it our way
all these words I don't just say
and nothing else matters

trust I seek and I find in you
every day for us something new
open mind for a different view
and nothing else matters

never cared for what they do

never cared for what they know
But I know

so close no matter how far
couldn't be much more from the heart
forever trusting who we are
and nothing else matters

never cared for what they do
never cared for what they know
And I know

I never opened myself this way
life is ours, we live it our way
all these words I don't just say
and nothing else matters

trust I seek and I find in you

every day for us something new
open mind for a different view
and nothing else matters

never cared for what they say
never cared for games they play
never cared for what they do
never cared for what they know
and I know (yeah!)

so close no matter how far
couldn't be much more from the heart
forever trust in who we are
no nothing else matters",0.32657963037490845,0.047435373067855835,0.18211767077445984,0.1459512561559677,0.1675500124692917,0.03661295026540756,0.09375320374965668,4,0,142.37,0.4,0.18
Metallica,Master of Puppets,"End of passion play, crumbling away
I'm your source of self-destruction
Veins that pump with fear, sucking darkest clear
Leading on your death's construction

Taste me, you will see
More is all you need
Dedicated to
How I'm killing you

Come crawling faster
Obey your master
Your life burns faster
Obey your master
Master

Master of puppets, I'm pulling your strings
Twisting your mind and smashing your dreams
Blinded by me, you can't see a thing
Just call my name, cause I'll hear you scream
Master
Master
Just call my name, cause I'll hear you scream
Master
Master

Needlework the way, never you betray
Life of death becoming clearer
Pain monopoly, ritual misery
Chop your breakfast on a mirror

Taste me you will see
More is all you need
You're dedicated to
How I'm killing you

Come crawling faster
Obey your master
Your life burns faster
Obey your master
Master

Master of puppets, I'm pulling your strings
Twisting your mind and smashing your dreams
Blinded by me, you can't see a thing
Just call my name, 'cause I'll hear you scream
Master
Master
Just call my name, 'cause I'll hear you scream
Master
Master

Master, master
Where's the dreams that I've been after?
Master, master
You promised only lies
Laughter, laughter
All I hear and see is laughter
Laughter, laughter
Laughing at my cries
Fix me

Hell is worth all that, natural habitat
Just a rhyme without a reason
Never-ending maze, drift on numbered days
Now your life is out of season

I will occupy
I will help you die
I will run through you
Now I rule you, too

Come crawling faster
Obey your master
Your life burns faster
Obey your master
Master

Master of puppets, I'm pulling your strings
Twisting your mind and smashing your dreams
Blinded by me, you can't see a thing
Just call my name, 'cause I'll hear you scream
Master
Master
Just call my name, 'cause I'll hear you scream
Master
Master",0.011775375343859196,0.0021801104303449392,0.008356846868991852,0.07424286007881165,0.8964511752128601,0.004000972956418991,0.0029926204588264227,4,0,105.17,0.84,0.56
Metallica,One,"I can't remember anything
Can't tell if this is true or dream
Deep down inside I feel to scream
This terrible silence stops me

Now that the war is through with me
I'm waking up, I cannot see
That there is not much left of me
Nothing is real but pain now

Hold my breath as I wish for death
Oh please, God, wake me

Back in the womb it's much
too real
In pumps life that I must feel
But can't look forward to reveal
Look to the time when I'll live

Fed through the tube that sticks in me
Just like a wartime novelty
Tied to machines that make me be
Cut this life off from me

Hold my breath as I wish for death
Oh please, God, wake me

Now the world is gone, I'm just one
Oh God, help me
Hold my breath as I wish for death
Oh please, God, help me

Darkness imprisoning me
All that I see
Absolute horror
I cannot live
I cannot die
Trapped in myself
Body my holding cell

Landmine has taken my sight
Taken my speech
Taken my hearing
Taken my arms
Taken my legs
Taken my soul
Left me with life in hell",0.0018560630269348621,0.0005473433993756771,0.007500317879021168,0.002023993758484721,0.9843255281448364,0.0015376813244074583,0.002209064085036516,7,1,103.01,0.69,0.43
Metallica,The Unforgiven,"New blood joins this earth
And quickly he's subdued
Through constant pained disgrace
The young boy learns their rules

With time, the child draws in
This whipping boy done wrong
Deprived of all his thoughts
The young man struggles on and on, he's known
A vow unto his own
That never from this day
His will they'll take away

What I've felt
What I've known
Never shined through in what I've shown
Never be
Never see
Won't see what might have been

What I've felt
What I've known
Never shined through in what I've shown
Never free
Never me
So I dub thee ?Unforgiven?

They dedicate their lives
To running all of his
He tries to please them all
This bitter man he is

Throughout his life the same
He's battled constantly
This fight he cannot win
A tired man they see no longer cares
The old man then prepares
To die regretfully
That old man here is me

What I've felt
What I've known
Never shined through in what I've shown
Never be
Never see
Won't see what might have been

What I've felt
What I've known
Never shined through in what I've shown
Never free
Never me
So I dub thee ?Unforgiven?

You labeled me
I'll label you
So I dub thee ?Unforgiven?",0.045496758073568344,0.0020332690328359604,0.789172351360321,0.08155222982168198,0.014063139446079731,0.06222473829984665,0.005457490216940641,7,1,139.5,0.58,0.21
Metallica,Sad but True,"Hey
I'm your life
I'm the one who takes you there
Hey
I'm your life
I'm the one who cares
They
They betray
I'm your only true friend now
They
They'll betray
I'm forever there

I'm your dream, make you real
I'm your eyes when you must steal
I'm your pain when you can't feel
Sad but true

I'm your dream, mind astray
I'm your eyes while you're away
I'm your pain while you repay
You know it's sad but true

You
You're my mask
You're my cover, my shelter
You
You're my mask
You're the one who's blamed
Do
Do my work
Do my dirty work, scapegoat
Do
Do my deeds
For you're the one who's shamed

I'm your dream, make you real
I'm your eyes when you must steal
I'm your pain when you can't feel
Sad but true

I'm your dream, mind astray
I'm your eyes while you're away
I'm your pain while you repay
You know it's sad but true

I'm your dream
I'm your eyes
I'm your pain
You know it's sad but true

Hate
I'm your hate
I'm your hate when you want love
Pay
Pay the price
Pay, for nothing's fair
Hey
I'm your life
I'm the one who took you here
Hey
I'm your life
And I no longer care

I'm your dream, make you real
I'm your eyes when you must steal
I'm your pain when you can't feel
Sad but true

I'm your truth, telling lies
I'm your reasoned alibis
I'm inside, open your eyes
I'm you

Sad but true",0.005172313190996647,0.0021399352699518204,0.9822602868080139,0.003272266825661063,0.0017118599498644471,0.0019995870534330606,0.0034436951391398907,7,1,89.23,0.88,0.46
Metallica,Fuel,"Gimme fuel, gimme fire
Gimme that which I desire

Turn on, I see red
Adrenaline crash and crack my head
Nitro junkie, paint me dead
And I see red

One hundred plus through black and white
War horse, warhead
Fuck 'em, man, white-knuckle tight
Through black and white

On I burn
Fuel is pumping engines
Burning hard, loose and clean
And on I burn
Churning my direction
Quench my thirst with gasoline

So gimme fuel, gimme fire
Gimme that which I desire

Turn on beyond the bone
Swallow future, spit out home
Burn your face upon the chrome

Take the corner, join the crash,
Headlights, head on, headlines
Another junkie lives too fast
Lives way too fast

On I burn
Fuel is pumping engines
Burning hard, loose and clean
And on I burn
Churning my direction
Quench my thirst with gasoline

So gimme fuel, gimme fire
Gimme that which I desire

White-knuckle tight

Gimme fuel
Gimme fire
My desire

On I burn
Fuel is pumping engines
Burning hard, loose and clean
And on I burn
Churning my direction
Quench my thirst with gasoline

Gimme fuel, gimme fire
Gimme that which I desire

On I burn",0.05380656197667122,0.002131604589521885,0.017513494938611984,0.7715815305709839,0.055284686386585236,0.09293486922979355,0.00674729747697711,1,1,106.95,0.95,0.59
Metallica,Battery,"Lashing out the action, returning the reaction
Weak are ripped and torn away
Hypnotizing power, crushing all that cower
Battery is here to stay

Smashing through the boundaries, lunacy has found me
Cannot stop the battery
Pounding out aggression turns into obsession
Cannot kill the battery
Cannot kill the family, battery is found in me

Battery

Crushing all deceivers, mashing non-believers
Never-ending potency
Hungry violence-seeker feeding off the weaker
Breeding on insanity

Smashing through the boundaries, lunacy has found me
Cannot stop the battery
Pounding out aggression turns into obsession
Cannot kill the battery
Cannot kill the family, battery is found in me

Battery
Battery

Circle of destruction, hammer comes crushing
Powerhouse of energy
Whipping up a fury, dominating flurry
We create the battery

Smashing through the boundaries, lunacy has found me
Cannot stop the battery
Pounding out aggression turns into obsession
Cannot kill the battery
Cannot kill the family, battery is found in me

Battery",0.003562391735613346,0.0007990039885044098,0.001885089324787259,0.9683937430381775,0.02103155478835106,0.0033693714067339897,0.0009588221437297761,11,0,96.54,0.92,0.44
Slipknot,Duality,"I push my fingers into my eyes...
It's the only thing that slowly stops the ache...
But it's made of all the things I have to take...
Jesus, it never ends, it works it's way inside...
If the pain goes on...
Aaaaaaah!

I have screamed until my veins collapsed
I've waited as my time's elapsed
Now, All I do is live with so much fate
I've wished for this, I've bitched at that
I've left behind this little fact:
You cannot kill what you did not create
I've gotta say what I've gotta say
And then I swear I'll go away
But I can't promise you'll enjoy the noise
I guess I'll save the best for last
My future seems like one big past
You're left with me 'cause you left me no choice

I push my fingers into my eyes
It's the only thing that slowly stops the ache
If the pain goes on
I'm not gonna make it!

Put me back together
Or separate the skin from bone
Leave me all the Pieces, then you can leave me
alone
Tell me the reality is better than the dream
But I found out the hard way
Nothing is what it seems!

I push my fingers into my eyes
It's the only thing that slowly stops the ache
But it's made of all the things I have to take
Jesus, it never ends, it works it's way inside
If the pain goes on
I'm not gonna make it!

All I've got... All I've got is insane...
All I've got... All I've got is insane...
All I've got... All I've got is insane!
All I've got... All I've got is insane!

I push my fingers into my eyes
It's the only thing that slowly stops the ache
But it's made of all the things I have to take
Jesus, it never ends, it works it's way inside
If the pain goes on
I'm not gonna make it!",0.07774282246828079,0.01069583185017109,0.5136430859565735,0.07673336565494537,0.19257985055446625,0.05084700137376785,0.07775801420211792,4,0,143.77,0.98,0.19
Slipknot,Wait and Bleed,"I've felt the hate rise up in me...
Kneel down and clear the stone of leaves...
I wander out where you can't see...
Inside my shell, I wait and bleed...
I've felt the hate rise up in me
Kneel down and clear the stone of leaves
I wander out where you can't see
Inside my shell, I wait and bleed

Goodbye!

I wipe it off on tile, the light is brighter this time
Everything is 3D blasphemy
My eyes are red and gold, the hair is standing straight up
This is not the way I pictured me
I CAN'T CONTROL MY SHAKES!
How the hell did I get here?
Something about this, so very wrong...
I have to laugh out loud, I wish I didn't like this
Is it a dream or a memory?

I've felt the hate rise up in me...
Kneel down and clear the stone of leaves...
I wander out where you can't see...
Inside my shell, I wait and bleed...

GET OUTTA MY HEAD CUZ I DON'T NEED THIS!
Why I didn't I see this?
I'm a victim - Manchurian Candidate
I - HAVE - SINNED - BY - JUST
Makin' my mind up and takin' your breath away

I've felt the hate rise up in me...
Kneel down and clear the stone of leaves...
I wander out where you can't see...
Inside my shell, I wait and bleed...
I've felt the hate rise up in me...
Kneel down and clear the stone of leaves...
I wander out where you can't see...
Inside my shell, I wait and bleed...

GOODBYE!

You haven't learned a thing
I haven't changed a thing
My flesh was in my bones
The pain was always free
You haven't learned a - thing
I haven't changed a - thing
My flesh was in my - bones
The pain was always - free

I've felt the hate rise up in me...
Kneel down and clear the stone of leaves...
I wander out where you can't see...
Inside my shell, I wait and bleed...

AND IT WAITS FOR YOU!",0.09698954224586487,0.0030975837726145983,0.061608362942934036,0.5113494992256165,0.06810677796602249,0.24394944310188293,0.014898826368153095,7,1,93.35,1.0,0.33
Slipknot,Before I Forget,"Go!

Stapled shut, inside an outside world and I'm
Sealed in tight, bizarre but right at home
Claustrophobic, closing in and I'm
Catastrophic, not again
I'm smeared across the page, and doused in gasoline
I wear you like a stain, yet I'm the one who's obscene
Catch me up on all your sordid little insurrections,
I've got no time to lose, and I'm just caught up in all the cattle

Fray the strings
Throw the shapes
Hold your breath
Listen!

I am a world before I am a man
I was a creature before I could stand
I will remember before I forget
Before I forget that
I am a world before I am a man
I was a creature before I could stand
I will remember before I forget
Before I forget that

I'm ripped across the ditch, and settled in the dirt and I'm
I wear you like a stitch, yet I'm the one who's hurt
Pay attention to your twisted little indiscretions
I've got no right to win, I'm just caught up in all the battles

Locked in clutch
Pushed in place
Hold your breath
Listen!

I am a world before I am a man
I was a creature before I could stand
I will remember before I forget
Before I forget that
I am a world before I am a man
I was a creature before I could stand
I will remember before I forget
Before I forget that

My end
It justifies my means
All I ever do is delay
My every attempt to evade
The end of the road and my end
It justifies my means
All I ever do is delay
My every attempt to evade
THE END OF THE ROAD!

I am a world before I am a man
I was a creature before I could stand
I will remember before I forget
BEFORE I FORGET THAT!

I am a world before I am a man
I was a creature before I could stand
I will remember before I forget
BEFORE I FORGET THAT!

I am a world before I am a man
I was a creature before I could stand
I will remember before I forget
BEFORE I FORGET THAT!

Yeah, yeah, yeah, yeah
Yeah, yeah, yeah, OH!",0.04385766386985779,0.003876994363963604,0.025275973603129387,0.12558159232139587,0.4650610387325287,0.29239943623542786,0.04394735023379326,6,0,134.72,0.97,0.35
Slipknot,Psychosocial,"(Oh Yea) I did my time, and I want out
So effusive
Fade
It doesn't cut,
The soul is not so vibrant
The reckoning, the sickening
Packaging subversion
Pseudo-sacrosanct perversion
Go drill your deserts,
Go dig your graves
Then fill your mouth
With all the money you will save
Sinking in, getting smaller again
Im done, it has begun
I'm not the only one

And the rain will kill us all,
Throw ourselves against the wall
But no one else can see,
The preservation of the martyr in me

Psychosocial, psychosocial, psychosocial
Psychosocial, psychosocial, psychosocial

Oh, there are cracks, in the road we laid
But where the temple fell,
The secrets have gone mad!
This is nothing new,
But when we kill it all,
The hate was all we had!
Who needs another mess?
We could start over!
Just look me in the eyes
And say I'm wrong
Now there's only emptiness...
Venomous, insipid!
I think we're done
I'm not the only one!

And the rain will kill us all,
Throw ourselves against the wall
But no one else can see,
The preservation of the martyr in me

Psychosocial, psychosocial, psychosocial
Psychosocial, psychosocial, psychosocial

THE LIMITS OF THE DEAD!
THE LIMITS OF THE DEAD!
THE LIMITS OF THE DEAD!
THE LIMITS OF THE DEAD!

Fake Anti-Fascist Lie,
(Psychosocial),
I tried to tell you,
(Psychosocial),
But your purple hearts are giving out,
(Psychosocial),
Can't stop the killing idea,
(Psychosocial),
If it's hunting season,
(Psychosocial),
Is this what you want?,
(Psychosocial),
I'm not the only one!

And the rain will kill us all,
Throw ourselves against the wall
But no one else can see,
The preservation of the martyr in me

And the rain will kill us all,
Throw ourselves against the wall
But no one else can see,
The preservation of the martyr in me.

THE LIMITS OF THE DEAD!
THE LIMITS OF THE DEAD!
THE LIMITS OF THE DEAD!
THE LIMITS OF THE DEAD!",0.024125851690769196,0.0044815936125814915,0.041269514709711075,0.5590608716011047,0.16508221626281738,0.19613982737064362,0.009840009734034538,2,1,135.09,0.99,0.35
Slipknot,Spit It Out,"Since you never gave a damn in the first place
Maybe it's time you had the tables turned
Cuz in the interest of all involved I got the problem solved
And the verdict is guilty...

...MAN NEARLY KILLED ME
Steppin' where you fear to tread
Stop, drop and roll - you were DEAD FROM THE GIT-GO!
BIG MOUTH FUCKER - STUPID COCKSUCKER
Are you scared of me now? Then you're dumber than I thought
Always is, never was
Foundation made of piss and vinegar
Step to me, I'll smear ya -Think I fear ya? BULLSHIT!
Just another dumb punk chompin' at this tit
Is there any way to break through the noise?
Was it something that I said that got you bent?
It's gotta be that way if you want it
Sanity, Literal Profanity HIT ME!

SPIT - IT OUT
All you wanna do is drag me down
All I wanna do is stamp you out

Maybe it's the way you spread a lotta rumour fodder
Keepin' all your little spies and leavin' when you realise
Step up, fairy
I guess it's time to bury your ass with the chrome
Straight to the dome
You heard me right, bitch, I didn't stutter
If you know what's good - sit, shut up and beg, brother
Backstab - Don't you know who you're dissin'?
Side swipe - we know THE ASS THAT YOU'RE KISSIN'!
BIGIDY-BIGGIDY BITCH BOY, HALFWAY HAUSER
Can't hear shit cuz I keep gettin' louder
Step up, and you get a face full o' tactic
Lippin' off hard, goin' home in a basket
You got no pull, no power, no NUTHIN'
Now you start shit? Well, ain't that somethin'?
Payoffs don't protect, and you can't hide if you want
But I'LL FIND YOU - Comin' up behind you!

SPIT - IT OUT
All you wanna do is drag me down
All I wanna do is stamp you out

'Bout time I set this record straight
All the needlenose punchin' is makin' me irate
Sick o' my bitchin' fallin' on deaf ears
Where YOU gonna be in the next five years?
The crew and all the fools, and all the politix
Get your lips ready, gonna gag, gonna make you sick
You got DICK when they passed out the good stuff
Bam
Are you sick of me? GOOD ENOUGH - HAD ENOUGH

FUCK ME! I'm all out of enemies!
FUCK ME! I'm all out of enemas!

SPIT - IT OUT
All you wanna do is drag me down
All I wanna do is stamp you out",0.028961345553398132,0.007725047413259745,0.023825157433748245,0.38924217224121094,0.48280999064445496,0.045110732316970825,0.02232569269835949,7,1,139.97,0.95,0.53
Slipknot,Snuff,"Bury all your secrets in my skin
Come away with innocence
And leave me with my sins

The air around me still feels like a cage
and Love is just a camouflage
for what resembles rage again...

So if you love me let me go
And run away before i know
My heart is just too dark to care
I can't destroy what isn't there
Deliver me into my fate
If i'm alone i cannot hate
I don't deserve to have you
My smile was taken long ago
If i can change i hope i never know...

I still press your letters to my lips
And cherish them in parts of me
To savor every kiss

I couldn't face a life without your light
But all of that was ripped apart
When you refuse to fight

So save your breath I will not hear
I think i made it very clear
You couldn't hate enough to love...
Is that supposed to be enough?

I only wish you weren't my friend
That I could hurt you in the end
I never claimed to be a saint
Oh my love was banished long ago
It took the Death of Hope to let you go

So break Yourself against my stones
And spit your pity in my soul
You never needed any help
You sold me out to save yourself

And I won't listen to your shame
You ran away - you're all the same
Angels lie to keep control...
Oh my love was punished long ago
if you still care,
don't never let me know
if you still care,
don't never let me know

(Thanks to Jaz and Cassie for these lyrics and to Maria14 and heavenlydiamond for these corrections)",0.016683394089341164,0.002987917046993971,0.22591273486614227,0.7289122343063354,0.01574958860874176,0.007988009601831436,0.0017661728197708726,6,0,123.96,0.69,0.22
Slipknot,Eyeless,"Insane, am I the only motherfucker with a brain?
I'm hearing voices, but all they do is complain
How many times have you wanted to kill?
Everything and everyone say you'll do it but never will

You can't see California without Marlon Brando's eyes!
Can't see California without Marlon Brando's eyes!
You can't see California without Marlon Brando's eyes!

I am my Father's son
He's a phantom, a mystery and that leaves me nothing!
How many times have you wanted to die?
It's too late for me, all you have to do is get rid of me!

You can't see California without Marlon Brando's eyes!
Can't see California without Marlon Brando's eyes!
You can't see California without Marlon Brando's eyes!
It's all in your head!
It's all in my head!
It's all in your head!
Yeah!

I tried, you lied to me for so long
Everywhere I go, there's a sense of it
Freak on my antics and give me a choice
Doesn't matter if I give a shit, it's shit that you gave me

You can't see California without Marlon Brando's eyes!
Can't see California without Marlon Brando's eyes!
You can't see California without Marlon Brando's eyes!
It's all in your head!
It's all in my head!
It's all in your head!
Yeah!

Do you wanna feel pain?
Taking my name in vain
Caring never felt so lame inside
Anybody else got pride?
Do you wanna take my life?
Maybe I'll reverse my ride
Who the fuck are you?
Fuck you!
Better suck it up 'cause you bled through
Better get away from me!
Stay the fuck away from me!

I feel safe
Seems you're saved
I feel safe
Seems you're saved
Look me in my brand new eye!
Look me in my brand new eye!
Look me in my brand new eye!
Motherfucker!
Look me in my brand new eye!
Look me in my brand new eye!
Look me in my brand new eye!
Look me in my brand new...",0.023881830275058746,0.009367341175675392,0.06982001662254333,0.7209983468055725,0.04681704193353653,0.09686603397130966,0.03224944323301315,4,0,100.35,1.0,0.13
Slipknot,People = Shit,"Come on!!

Here we go again motherfucker!!

Yeah!!

Come on down and see the idiot right here
Too fucked to beg and not afraid to care
What's the matter with calamity anyway?
Right? Get the fuck outta my face
Understand that I can't feel anything
It isn't like I wanna sift through the decay
I feel like a wound, like I've got a fuckin'
Gun against my head - You live when I'm dead

One more time, motherfucker

Everybody hates me now, so fuck it
Blood's on my face and my hands, and I
Don't know why. I'm not afraid to cry
But that's none of your business
Whose life is it? Get it? See it? Feel it? Eat it?
Turn it around so I can spit in its face
I wanna leave without a trace
Cuz I don't wanna die in this place

People = Shit
People = Shit (Whatcha gonna do?)
People = Shit (Cuz I am not afraid of you)
People = Shit (I'm everything you'll never be)
People = Shit

It never stops - you can't be everything to everyone
Contagion - I'm sittin' at the side of Satan
What do you want from me?
They never told me the failure I was meant to be
Overdo it - Don't tell me you blew it
Stop your bitchin' and fight your way through it
I'M - NOT - LIKE - YOU - I - JUST - FUCK - UP

C'mon motherfucker everybody has to die
C'mon motherfucker everybody has to die

People = Shit
People = Shit (Whatcha gonna do?)
People = Shit (Cuz I am not afraid of you)
People = Shit (I'm everything you'll never be)
People = Shit",0.016459079459309578,0.005138929467648268,0.03058442659676075,0.6047971248626709,0.12282826006412506,0.20778493583202362,0.01240714080631733,11,0,122.07,1.0,0.15
Iron Maiden,Run to the Hills,"White man came across the sea
He Brought us pain and misery
He Killed our tribes he killed our creed
He took our game for his own need

We fought him hard we fought him well
Out on the plains we gave him hell
But many came too much for Cree
Oh will we ever be set free?

Riding through dustclouds and barren wastes
Galloping hard on the plains
Chasing the redskins back to their holes
Fighting them at their own game
Murder for freedom a stab in the back
Women and children and cowards attack

Run to the hills run for your lives
Run to the hills run for your lives

Soldier blue on the barren wastes
Hunting and killing their game
Raping the women and wasting the men
The only good Indians are tame
Selling them whisky and taking their gold
Enslaving the young and destroying the old

Run to the hills run for your lives. (is repeated)",0.024342617020010948,0.0021427066531032324,0.03039020299911499,0.7114382386207581,0.1629878729581833,0.06438370794057846,0.004314662888646126,0,1,173.67,0.94,0.46
Iron Maiden,The Number of the Beast,"Woe to you, Oh Earth and Sea
For the Devil sends the beast with wrath
Because he knows the time is short
Let him who hath understanding reckon the number of the beast
For it is a human number
Its number is Six hundred and sixty six

I left alone, my mind was blank
I needed time to think to get the memories from my mind
What did I see? Can I believe that what I saw
That night was real and not just fantasy?
Just what I saw, in my old dreams, were they
Reflections of my warped mind staring back at me?
Cause in my dream, it's always there
The evil face that twists my mind and brings me to despair

YEAH!

The night was black, was no use holding back
Cause I just had to see, was someone watching me?
In the mist, dark figures move and twist
Was this all for real or just some kind of hell?

666 the number of the beast
Hell and fire was spawned to be released

Torches blazed and sacred chants were praised
As they start to cry, hands held to the sky
In the night, the fires burning bright
The ritual has begun, Satan's work is done

666 the number of the beast
Sacrifice is going on tonight

This can't go on, I must inform the law
Can this still be real, or just some crazy dream?
But I feel drawn towards the chanting hordes
They seem to mesmerize, can't avoid their eyes

666 the number of the beast
666 the one for you and me

I'm coming back, I will return
And I'll possess your body and I'll make you burn
I have the fire, I have the force
I have the power to make my evil take its course",0.02393217198550701,0.0029813232831656933,0.5043846368789673,0.028619790449738503,0.38001909852027893,0.021631816402077675,0.03843117877840996,0,1,100.41,0.89,0.27
Iron Maiden,The Trooper,"[Harris]

You'll take my life but I'll take yours too
You'll fire your musket but I'll run you through
So when you're waiting for the next attack
You'd better stand there's no turning back.

The Bugle sounds and the charge begins
But on this battlefield no one wins
The smell of acrid smoke and horses' breath
As I plunge on into certain death.

The horse he sweats with fear we break to run
The mighty roar of the Russian guns
And as we race towards the human wall
The screams of pain as my comrades fall.

We hurdle bodies that lay on the ground
And the Russians fire another round
We get so near yet so far away
We won't live to fight another day.

We get so close near enough to fight
When a Russian gets me in his sights
He pulls the trigger and I feel the blow
A burst of rounds take my horse below.

And as I lay there gazing at the sky
My body's numb and my throat is dry
And as I lay forgotten and alone
Without a tear I draw my parting groan.",0.020962154492735863,0.0009215028258040547,0.016943013295531273,0.07103249430656433,0.794982373714447,0.09144649654626846,0.003711956785991788,4,0,159.76,0.91,0.67
Iron Maiden,2 Minutes to Midnight,"Kill for gain or shoot to maim
But we don't need a reason
The Golden Goose is on the loose
And never out of season
Some blackened pride still burns inside
This shell of bloody treason
Here's my gun for a barrel of fun
For the love of living death.

The killer's breed or the demon's seed,
The glamour, the fortune, the pain,
Go to war again, blood is freedom's stain,
But don't you pray for my soul anymore.
2 minutes to midnight
The hands that threaten doom.
2 minutes to midnight
To kill the unborn in the womb.

The blind men shout let the creatures out
We'll show the unbelievers
The napalm screams of human flames
Of a prime time Belsen feast...YEAH!
As the reasons for the carnage cut their meat and lick the gravy,
We oil the jaws of the war machine and feed it with our babies.

The killer's breed or the demon's seed,
The glamour, the fortune, the pain,
Go to war again, blood is freedom's stain,
But don't you pray for my soul anymore.
2 minutes to midnight
The hands that threaten doom.
2 minutes to midnight
To kill the unborn in the womb

The body bags and little rags of children torn in two
And the jellied brains of those who remain to put the finger right on you.
As the madmen play on words and make us all dance to their song,
To the tune of starving millions to make a better kind of gun.

The killer's breed or the demon's seed,
The glamour, the fortune, the pain,
Go to war again, blood is freedom's stain,
But don't you pray for my soul anymore.
2 minutes to midnight
The hands that threaten doom.
2 minutes to midnight
To kill the unborn in the womb
Midnight
Midnight
Midnight
It's all night
Midnight
Midnight
Midnight
It's all night

Midnight... All night!",0.01807231456041336,0.002570787677541375,0.013833832927048206,0.29879021644592285,0.644375205039978,0.020039133727550507,0.0023184281308203936,9,0,94.23,0.97,0.6
Iron Maiden,Fear of the Dark,"I am a man who walks alone
And when I'm walking a dark road
At night or strolling through the park

When the light begins to change
I sometimes feel a little strange
A little anxious when it's dark

Fear of the dark, fear of the dark
I have constant fear that something's
always near
Fear of the dark, fear of the dark
I have a phobia that someone's
always there

Have you run your fingers down
the wall
And have you felt your neck skin crawl
When you're searching for the light?
Sometimes when you're scared
to take a look
At the corner of the room
You've sensed that something's
watching you

Fear of the dark, fear of the dark
I have constant fear that something's
always near
Fear of the dark, fear of the dark
I have a phobia that someone's
always there

Have you ever been alone at night
Thought you heard footsteps behind
And turned around and no one's there?
And as you quicken up your pace
You find it hard to look again
Because you're sure there's
someone there

Fear of the dark, fear of the dark
I have constant fear that something's
always near
Fear of the dark, fear of the dark
I have a phobia that someone's
always there

Fear of the dark, fear of the dark
Fear of the dark, fear of the dark
Fear of the dark, fear of the dark
Fear of the dark, fear of the dark

Watching horror films the night before
Debating witches and folklores
The unknown troubles on your mind
Maybe your mind is playing tricks
You sense, and suddenly eyes fix
On dancing shadows from behind

Fear of the dark, fear of the dark
I have constant fear that something's
always near
Fear of the dark, fear of the dark
I have a phobia that someone's
always there

Fear of the dark, fear of the dark
I have constant fear that something's
always near
Fear of the dark, fear of the dark
I have a phobia that someone's
always there

When I'm walking a dark road
I am a man who walks alone",0.001724984380416572,0.000586768495850265,0.0016753645613789558,0.001085115596652031,0.9915383458137512,0.0007835971773602068,0.0026057776995003223,2,0,109.83,0.87,0.23
Iron Maiden,Aces High,"There goes the siren that warns of the air raid
Then comes the sound of the guns sending flak
Out for the scramble we've got to get airborne
Got to get up for the coming attack.

Jump in the cockpit and start up the engines
Remove all the wheelblocks there's no time to waste
Gathering speed as we head down the runway
Gotta get airborne before it's too late.

Running, scrambling, flying
Rolling, turning, diving, going in again
Running, scrambling, flying
Rolling, turning, diving.
Run, live to fly, fly to live, do or die
Won't you run, live to fly, fly to live. Aces high.

Move in to fire at the mainstream of bombers
Let off a sharp burst and then turn away
Roll over, spin round and come in behind them
Move to their blindsides and firing again.

Bandits at 8 O'clock move in behind us
Ten ME-109's out of the sun
Ascending and turning our spitfires to face them
Heading straight for them I press down my guns

Rolling, turning, diving
Rolling, turning, diving, going in again
Rolling, turning, diving
Rolling, turning, diving
Run, live to fly, fly to live, do or die
Won't you run, live to fly, fly to live, Aces high.",0.08795452862977982,0.004657104145735502,0.014871613122522831,0.05818599462509155,0.8121670484542847,0.0058076512068510056,0.016355983912944794,2,1,133.07,0.94,0.76
Iron Maiden,Hallowed Be Thy Name,"I'm waiting in my cold cell when the bell begins to chime
Reflecting on my past life and it doesn't have much time
Cos at 5 o'clock they take me to the Gallows Pole
The sands of time for me are running low

When the priest comes to read me the last rites
I take a look through the bars at the last sights
Of a world that has gone very wrong for me

Can it be there's some sort of error
Hard to stop the surmounting terror
Is it really the end not some crazy dream

Somebody please tell me that I'm dreaming
It's not so easy to stop from screaming
But words escape me when I try to speak
Tears they flow but why am I crying
After all I am not afraid of dying
Don't believe that there never is an end

As the guards march me out to the courtyard
Someone calls from a cell ""God be with you""
If there's a God then why has he let me die?

As I walk all my life drifts before me
And though the end is near I'm not sorry
Catch my soul cos it's willing to fly away

Mark my words please believe my soul lives on
Please don't worry now that I have gone
I've gone beyond to see the truth

When you know that your time is close at hand
maybe then you'll begin to understand
Life down here is just a strange illusion.

Yeah, yeah, yeah... Hallowed be Thy name
Yeah, yeah, yeah... Hallowed be Thy name
Yeah",0.004728424828499556,0.0006328016170300543,0.009413644671440125,0.0045334515161812305,0.9751335978507996,0.0021929030772298574,0.003365176497027278,0,1,103.98,0.88,0.3
Deftones,Change,"I watched you change
Into a fly
I looked away
You were on fire
I watched a change in you
It's like you never had wings
Now you feel so alive
I've watched you change

I took you home
Set you on the glass
I pulled off your wings
Then I laughed
I watched a change in you
It's like you never had wings
Now you feel so alive
I've watched you change

It's like you never had wings...
ahh-ah-aaah (6x)

I look at the cross
Then I look away
Give you the gun
Blow me away

I watched a change in you
It's like you never had wings
Now you feel so alive
I've watched you change
And you feel alive
You feel alive (2x)
I've watched you change

It's like you never had wings...
ahh-ah-aaah (6x)
You change (3x)
...I'm over...",0.3090355098247528,0.3237355053424835,0.09509695321321487,0.033517248928546906,0.06675408780574799,0.024959366768598557,0.14690129458904266,7,0,141.58,0.85,0.18
Deftones,My Own Summer,"Hey you, big star
Tell me when it's over
(Cloud)

Hey you, big mood
Guide me to shelter
'Cause I'm through when the two
Hits the six and it's summer
(Cloud)

(Come) Shove it! Shove it! Shove it!
(Shove) Shove it! Shove it! Shove it!
(The sun) Shove it! Shove it! Shove it!
(Aside) Shove it aside!

I think God is moving its tongue

There's no crowd in the streets and no sun
In my own summer

The shade is a tool, a device, a savior
See, I try and look up to the sky
But my eyes burn
(Cloud)

(Come) Shove it! Shove it! Shove it!
(Shove) Shove it! Shove it! Shove it!
(The sun) Shove it! Shove it! Shove it!
(Aside) Shove it aside!

(Come) Shove! Shove it! Shove it!
(Shove) Shove it! Shove it! Shove it!
(The sun) Shove it! Shove it! Shove it!
(Aside) Shove it aside!

I think God is moving its tongue
There's no crowd in the streets and no sun
In my own summer

(Come) Shove it! Shove it! Shove it!
(Shove) Shove it! Shove it! Shove it!
(The sun) Shove it! Shove it! Shove it!
(Aside) Shove it aside!",0.15429791808128357,0.0753793716430664,0.0878472700715065,0.4482855498790741,0.1110510528087616,0.06344650685787201,0.059692371636629105,1,1,71.84,0.78,0.37
Deftones,Be Quiet and Drive,"This town dont feel mine
I'm fast to get away
Far

I dressed you in her clothes
Now drive me far
Away, away, away

It feels good to know your mine
Now drive me far
Away, away, away
Far away
I don't care where just far
Away
And I don't care

Far
Away
And I don't care where
Just far
Away",0.46218031644821167,0.1717137098312378,0.10800783336162567,0.1403951495885849,0.03621828556060791,0.026474852114915848,0.05500983074307442,1,1,92.62,0.97,0.17
Deftones,Sextape,"Floating on the water ever changing
Picture hours out from that
Into with all our dreams

The ocean takes me into watch you shaking
Watch you weigh your powers
Tempt with hours of pleasure
Take me one more time
Take me one more wave
Take me for one last ride
I'm out of my head

Tonight, Tonight
Tonight, Tonight.. I..
The sound of the waves collide
The sound of the waves collide
The sound of the waves collide
Tonight

Cruising through the city after hours
With me fusing all our powers
Here's to all our
Take me one more time
Take me one more wave
Take me for one last ride
I'm out of my head

Tonight, Tonight
Tonight, Tonight
The sound of the waves collide
The sound of the waves collide
The sound of the waves collide
Tonight",0.004923806060105562,0.002477998146787286,0.004597903694957495,0.004151671659201384,0.9770237803459167,0.0011244406923651695,0.005700418259948492,5,1,89.98,0.63,0.1
Deftones,Cherry Waves,"A sea of waves
We hug the same plank
Just as I rehearsed over an hour break

The waves suck you in, and you drown

If you'd just stay down with me
I'll swim down with you, you

You hang anchors over my neck
I liked it at first
But the more you laugh - crazy

The waves suck you in, and you drown

If you'd just stay down with me
I'll swim way down with you

Is that what you want?
With you
Is that what you want?

If you'd just stay down with me
I'll swim way down with you

Is that what you want?
With you
Is that what you want?
With you, you",0.17384488880634308,0.03951075300574303,0.10397645086050034,0.20516929030418396,0.25854748487472534,0.1517699509859085,0.06718113273382187,2,1,124.01,0.86,0.17
Deftones,Digital Bath,"You move, like I want to
To see, like your eyes do
We are downstairs
Where no one can see
New life break away
Tonight I feel like more
Tonight I...

You make the water warm
You taste foreign
And I know you can see
The cord break away
'Cause tonight, I feel like more
Tonight I feel like more
Feel like more
Tonight...

You breathed, then you stopped
I breathed, and dried you off

And tonight I feel
Feel like more
Oh tonight I feel like, feel like more
Tonight I feel like more, feel like more
Tonight...",0.10490536689758301,0.01086046639829874,0.181118905544281,0.027941593900322914,0.3680783808231354,0.19173234701156616,0.11536294966936111,4,0,92.97,0.86,0.5
Deftones,Mascara,"I feel soon
I will sink into you
What do you think
'Cause there's still blood in your hair
And I've got the bruise of the year
But there's something about her long shady eyes
I'm all about her shade tonight
I hate your tatoos
You have weak wrists
But i'll keep you
Well it's too bad
You're married to me",0.024469971656799316,0.004282807465642691,0.9066376090049744,0.015007811598479748,0.027326064184308052,0.01017245277762413,0.012103300541639328,5,0,77.56,0.45,0.05
Deftones,Around the Fur,"Hey vanity, this vile's empty, so are you
Hey glamorous, this vile's not god anymore... yeah

Speak, I don't get it
Should I ignore the fasion
Or go buy the book
I dont want it
I just want your eyes fixated on me
Coming back aah
Coming back around the fur

Prostitute, climb back down from the floor
Please don't fuck around and die like this
'Cause I love
Her

Speak, I don't get it
Should I ignore the fasion
Or go buy the book
I dont want it
I just want your eyes fixated on me
Coming back aah
Coming back around the fur

Fur, the fur
Speak speak you're so bad to me
I don't want to get dressed over anyway
Come on have some fun
You're a liar
You're a liar and I don't care about aah",0.02490043267607689,0.004494276363402605,0.030418263748288155,0.44894638657569885,0.09020480513572693,0.3974546492099762,0.003581118769943714,5,0,79.95,0.87,0.23
Bring Me the Horizon,Can You Feel My Heart,"Can you hear the silence?
Can you see the dark?
Can you fix the broken?
Can you feel, can you feel my heart?

Can you help the hopeless?
Well, I'm begging on my knees
Can you save my bastard soul?
Will you wait for me?

I'm sorry, brothers
So sorry, lover
Forgive me, father
I love you, mother

Can you hear the silence?
Can you see the dark?
Can you fix the broken?
Can you feel my heart?
Can you feel my heart?
Can you feel my heart?
Can you feel my heart?

I'm scared to get close and I hate being alone
I long for that feeling to not feel at all
The higher I get, the lower I'll sink
I can't drown my demons, they know how to swim

I'm scared to get close and I hate being alone
I long for that feeling to not feel at all
The higher I get, the lower I'll sink
I can't drown my demons, they know how to swim

I'm scared to get close and I hate being alone
I long for that feeling to not feel at all
The higher I get, the lower I'll sink
I can't drown my demons, they know how to swim

Can you feel my heart?
Can you hear the silence?
Can you see the dark?
Can you fix the broken?
Can you feel, can you feel my heart?",0.02774970978498459,0.002461440395563841,0.620678186416626,0.021825162693858147,0.30091506242752075,0.018200187012553215,0.008170285262167454,4,0,170.53,0.86,0.35
Bring Me the Horizon,Throne,"Remember the moment
You left me alone and
Broke every promise you ever made
I was an ocean lost in the open
Nothing could take the pain away

So you can throw me to the wolves
Tomorrow I will come back
Leader of the whole pack
Beat me black and blue
Every wound will shape me
Every scar will build my throne

The sticks and the stones that
You used to throw have
Built me an empire, so don't even try
To cry me a river, 'cause I forgive you
You are the reason I still fight

So you can throw me to the wolves
Tomorrow I will come back
Leader of the whole pack
Beat me black and blue
Every wound will shape me
Every scar will build my throne

So you can throw me to the wolves
Tomorrow I will come back
Leader of the whole pack
Beat me black and blue
Every wound will shape me
Every scar will build my throne

I'll leave you choking
On every word you left unspoken
Rebuild all that you've broken
And now you know

I'll leave you choking
On every word you left unspoken
Rebuild all that you've broken
And now you know

Every wound will shape me
Every scar will build my throne

So you can throw me to the wolves
Tomorrow I will come back
Leader of the whole pack
Beat me black and blue

Every wound will shape me
Every scar will build my throne",0.07361000776290894,0.006871065124869347,0.08365298062562943,0.4508649706840515,0.3476635217666626,0.03214164823293686,0.005195898469537497,0,0,144.11,0.89,0.39
Bring Me the Horizon,Sleepwalking,"My secrets are buried now
From my heart and my bones catch a fever
When it cuts you up this deep
It's hard to find a way to breathe

Your eyes are swallowing me
Mirrors start to whisper
Shadows start to sing
My skin's smothering me
Help me find a way to breathe

Time stood still
The way it did before
It's like I'm sleepwalking
Fell into another hole I got
It's like I'm sleepwalking

I'm at the edge of the world
Where do I go from here?
Do I disappear?
Edge of the world
Should I sink or swim?
Or simply disappear?

Your eyes are swallowing me
Mirrors start to whisper
Shadows start to sing
My skin's smothering me
Help me find a way to breathe

Seeing as time stood still
The way it did before
It's like I'm sleepwalking
Fell into another hole I got
It's like I'm sleepwalking

Wake up!
Take my hand and
Give me a reason to start again
Wake up!
Pull me out and
Give me a reason to start again

Time stands still
(Time stands still)
Time stands still
(Time stands still)

Your eyes are swallowing me
Mirrors start to whisper
Shadows start to sing
My skin's smothering me
Help me find a way to breathe

Time stands still
The way it did before
It's like I'm sleepwalking
Fell into another hole I got
It's like I'm sleepwalking
(It's like I'm sleepwalking)
(It's like I'm sleepwalking)
(It's like I'm sleepwalking)

Time stands still
The way it did before
It's like I'm sleepwalking",0.045904241502285004,0.003946946933865547,0.039147213101387024,0.04069962725043297,0.8146023750305176,0.018151775002479553,0.03754781186580658,2,0,149.06,0.96,0.34
Bring Me the Horizon,Kingslayer,"Hi, are you looking for the other side?
Feel like nothing 'bout this seems quite right
Are you circling the drain? Or getting off on payment?
You're corrupted
I need to know where your loyalties lie
Tell me, are you gonna bark or bite?
Do you really wanna twist a knife in the belly
Of your master?

Get the fuck up, wake the fuck up
Wipe the system and get the fuck up
You're a puppet, when they cut your strings off
Don't come crawling back

Kingslayer, destroying castles in thе sky
Kingslayer, forevermorе the apple of my eye
And I sacrifice my life to find you, angel of the flame
Kingslayer, come and collect us, your might

暗い, この見えない世界
まだ消えない未来
ただ手に入れたい, another world
System failure
Life is encrypted, genome modified
Like a virus in a lullaby
Artificial till the day you die, say you're programmed
You're corrupted

Get the fuck up, wake the fuck up
Wipe the system and break the fuck up
You're a puppet, when they cut your strings off
Don't come crawling back, you're on your own
さあ時の扉を開けて行こうよ

Kingslayer, destroying castles in the sky
Kingslayer, I'll fight for you until I die

Kingslayer, destroying castles in the sky
Kingslayer, forevermore the apple in my eye
I'll sacrifice it all to guide you, never have to go alone
Kingslayer, come and collect us, your might

This is your wake up call
We're going to down the rabbit hole
Are you ready?
I can't feel you
Is this what you want?
It is what you fucking get
You motherfucking shit",0.016179589554667473,0.0028672819025814533,0.008650556206703186,0.8232433795928955,0.09726323187351227,0.0431705005466938,0.00862535648047924,1,1,92.54,0.93,0.43
Bring Me the Horizon,Drown,"What doesn't kill you, makes you wish you were dead.
Got a hole in my soul, growing deeper and deeper.
And I can't take one more moment of this silence.
The loneliness is haunting me.
And the weight of the world's getting harder to hold up.

It comes in waves, I close my eyes.
Hold my breath and let it bury me.
I'm not okay, and it's not alright.
Won't you drag the lake and bring me home again?

Who will fix me now? Dive in when I'm down?
Save me from myself, don't let me drown.
Who will make me fight? Drag me out alive?
Save me from myself, don't let me drown.

What doesn't destroy you, leaves you broken instead.
Got a hole in my soul growing deeper and deeper.
And I can't take one more moment of this silence.
The loneliness is haunting me.
And the weight of the world's getting harder to hold up.

It comes in waves, I close my eyes.
Hold my breath and let it bury me.
I'm not okay, and it's not alright
Won't you drag the lake and bring me home again?

Who will fix me now? Dive in when I'm down?
Save me from myself, don't let me drown.
Who will make me fight? Drag me out alive?
Save me from myself, don't let me drown.

'Cause you know that I can't do this on my own
'Cause you know that I can't do this on my own
'Cause you know that I can't do this on my own
'Cause you know that I can't do this on my own
Who will fix me now?
Who will fix me now?

Who will fix me now? Dive in when I'm down?
Save me from myself, don't let me drown.",0.07337129861116409,0.001880092080682516,0.1805563122034073,0.03882136195898056,0.652259111404419,0.04315188527107239,0.009959924966096878,1,0,143.13,0.94,0.24
Bring Me the Horizon,Shadow Moses,"Can you tell from the look in our eyes?
(We're going nowhere)
We live our lives like we're ready to die
(We're going nowhere)

Can you tell from the look in our eyes?
(We're going nowhere)
We live our lives like we're ready to die
(We're going nowhere)

I thought I'd buried you and covered the tracks
You'll have to take this with your cold dead hands
I thought I'd buried you, what's dead can never die

I thought I cut you loose, severed the feeling
I slipped through the cracks as you cling to my ceiling
I thought I'd buried you, what's dead can never die
Fuck

Can you tell from the look in our eyes?
(We're going nowhere)
We live our lives like we're ready to die
(We're going nowhere)

You can run, but you'll never escape
(Over and over again)
Will we ever see the end?
(We're going nowhere)

This is sempiternal
Will we ever see the end?
This is sempiternal
Over and over, again and again

Rise from the dead, you say
Secrets don't sleep till they're took to the grave
Signal the sirens, rally the troops
Ladies and gentlemen, it's the moment of truth

Can you tell from the look in our eyes?
(We're going nowhere)
We live our lives like we're ready to die
(We're going nowhere)

You can run, but you'll never escape
(Over and over again)
Will we ever see the end?
(We're going nowhere)

Can you tell from the look in our eyes?
(We're going nowhere)
We live our lives like we're ready to die
(We're going nowhere)

You can run, but you'll never escape
(Over and over again)
Will we ever see the end?
(We're going nowhere)

This is sempiternal
Will we ever see the end?
This is sempiternal
Over and over, again and again",0.1778717041015625,0.005853044334799051,0.03814592957496643,0.33950504660606384,0.21531730890274048,0.19502776861190796,0.02827915921807289,6,1,143.01,0.99,0.18
Bring Me the Horizon,Follow You,"My head is haunting me and my heart feels like a ghost
I need to feel something, 'cause I'm still so far from home
Cross your heart and hope to die
Promise me you'll never leave my side

Show me what I can't see when the spark in my eyes is gone
You've got me on my knees, I'm your one man cult
Cross my heart and hope to die
Promise you I'll never leave your side

'Cause I'm telling you, you're all I need
I promise you, you're all I see
'Cause I'm telling you, you're all I need
I'll never leave

So, you can drag me through hell
If it meant I could hold your hand
I will follow you, 'cause I'm under your spell
And you can throw me to the flames
I will follow you, I will follow you

Come sink into me and let me breathe you in
I'll be your gravity, you be my oxygen
So dig two graves, 'cause when you die
I swear I'll be leaving by your side

So, you can drag me through hell
If it meant I could hold your hand
I will follow you, 'cause I'm under you spell
And you can throw me to the flames
I will follow you

So, you can drag me through hell
If it meant I could hold your hand
I will follow you, 'cause I'm under you spell
And you can throw me to the flames
I will follow you, I will follow you
I will follow you, I will follow you

So, you can drag me through hell
If it meant I could hold your hand
I will follow you, 'cause I'm under you spell
And you can throw me to the flames
I will follow you, I will follow you",0.01792646385729313,0.0015527005307376385,0.022234950214624405,0.00568159855902195,0.9446759223937988,0.0033381113316863775,0.004590194206684828,3,0,90.01,0.66,0.51
Bring Me the Horizon,Happy Song,"S-P-I-R-I-T, spirit
Let's hear it
S-P-I-R-I-T, spirit
Let's hear it
Let's go

I've had enough
There's a voice in my head
Says I'm better off dead

But if I sing along a little fucking louder
To a happy song, I'll be alright

You want to give up
Gave it all that you've got
And it still doesn't cut

But if you sing along a little fucking louder
To a happy song
You'll be just fine cause

Every now and again we get the feeling
And the great big void inside us opens up
And I really wish that you could help
But my head is like a carousel and
I'm going round in circles, going round in circles

S-P-I-R-I-T, spirit
Let's hear it
S-P-I-R-I-T, spirit
Let's hear it

We are possessed

We're all fucked in the head
Alone and depressed

But if we sing along a little fucking louder
To a happy song
Maybe we'll forget cause

Every now and again we get the feeling
And the great big void inside us opens up
And I really wish that you could help
But my head is like a carousel and
I'm going round in circles, going round in circles

Don't wake us up
We’d rather just keep dreaming
Cause the nightmares in our heads are bad enough
And I really wish that you could help

But my head is like a carousel
And I'm going round in circles, I'm going round in circles

The world has coalesced
Into one giant mess of hate and unrest
So let's sing along a little goddamn louder
To a happy song and pretend it's all okay

Let's go

Sing along
Let's sing along
A little fucking louder
A little fucking louder
Well don't you feel so much better

S-P-I-R-I-T, spirit

Let's hear it
(Well that's the spirit)
S-P-I-R-I-T, spirit
Let's hear it
(Yeah, that's the spirit)",0.2623555362224579,0.047554321587085724,0.5436906218528748,0.03408023342490196,0.06020428240299225,0.03709869459271431,0.01501630898565054,5,1,171.94,0.92,0.22
Tame Impala,The Less I Know the Better,"Someone said they left together
I ran out the door to get her
She was holding hands with Trevor
Not the greatest feeling ever
Said: Pull yourself together
You should try your luck with Heather
Then I heard they slept together
Oh, the less I know, the better
The less I know, the better

Oh, my love
Can't you see yourself by my side?
No surprise
When you're on his shoulder like every night
Oh, my love
Can't you see that you're on my mind?
Don't suppose we could convince your lover to change his mind
So goodbye

She said: It's not now or never
Wait ten years, we'll be together
I said: Better late than never
Just don't make me wait forever
Don't make me wait forever
Don't make me wait forever

Oh, my love
Can't you see yourself by my side?
I don't suppose you could convince your lover to change his mind

I was doing fine without you
Till I saw your face, now I can't erase
Giving in to all his bullshit
Is this what you want? Is this who you are?
I was doing fine without you
Till I saw your eyes turn away from mine
Oh, sweet darling, where he wants you
Said: Come on, Superman, say your stupid line

Said: Come on, Superman, say your stupid line
Said: Come on, Superman, say your stupid line",0.07341692596673965,0.014539630152285099,0.08059613406658173,0.08744645118713379,0.05433730036020279,0.04426402598619461,0.6453995108604431,4,1,116.88,0.74,0.79
Tame Impala,Borderline,"Gone a little far
Gone a little far this time with somethin'
How was I to know?
How was I to know this high came rushing?

We're on the borderline
Dangerously fine and unforgiving
Possibly a sign
I'm gonna have the strangest night on Sunday

Here I go
Quite a show for a loner in LA
I wonder how I managed to end up in this place
Where I couldn't get away

We're on the borderline
Caught between the tides of pain and rapture
Then I saw the time
Watched it speedin' by like a train
Like a train

Will I be known and loved?
Is there one that I trust?
Starting to sober up
Has it been long enough?

Will I be known and loved?
Little closer, close enough
I'm a loser, loosen up
Setting free, must be tough

Will I be known and loved?
Is there one that I trust?
Starting to sober up
Has it been long enough?

Will I be so in love?
Any closer? Close enough
Shout out to what is done
RIP, here comes the Sun

Here comes the Sun

Gone a little far
Gone a little far this time with somethin'
Rudi said it's fine
They used to do this all the time in college (if you and I get comfortable)

And we're on the borderline
Caught between the tides of pain and rapture
Then I saw the time
Watched it speedin' by like a train

Will I be known and loved?
Is there one that I trust?
Starting to sober up
Has it been long enough?

Will I be known and loved?
Little closer, close enough
I'm a loser, loosen up
Setting free, must be tough

Will I be known and loved?
Is there one that I trust?
Starting to sober up
Has it been long enough?

Will I be so in love?
Any closer? Close enough
Shout out to what is done
RIP, here comes the Sun

(Comes the Sun)",0.11830034852027893,0.0040972172282636166,0.14201587438583374,0.15278328955173492,0.21349045634269714,0.04004646837711334,0.32926633954048157,5,0,97.96,0.87,0.87
Tame Impala,"New Person, Same Old Mistakes","I can just hear them now
How could you let us down?
But they don't know what I found
Or see it from this way round
Feeling it overtake
All that I used to hate
One by one, every trait
I tried, but it's way too late
All the signs I don't read
Two sides of me can't agree
Will I be in too deep
Going with what I always longed for?

Feel like a brand-new person (but you'll make the same old mistakes)
Well, I don't care, I'm in love (stop before it's too late, I know)
Feel like a brand-new person (but you'll make the same old mistakes)
I finally know what it's like (you don't have what it takes)
(Stop before it's too late, I know there's too much at stake)
(Making the same mistakes) and I still don't know why it's happening
(Stop while it's not too late) and I still don't know

Finally taking flight
I know you don't think it's right
I know that you think it's fake
Maybe fake's what I like
The point is, I have the right
Not thinking in black and white
Thinking it's worth the fight
Soon I'll be out of sight
Knowing it all this time
Going with what I always longed for

Feel like a brand-new person (but you'll make the same old mistakes)
Well, I don't care, I'm in love (stop before it's too late)
Feel like a brand-new person (but you'll make the same old mistakes)
So how do I know I've gone too far? (You don't have what it takes)
(Stop before it's too late)

Man, I know that it's hard to digest
But maybe your story ain't so different from the rest
And I know it seems wrong to accept
But you've got your demons and she's got her regrets

Man, I know that it's hard to digest
A realization is as good as a guess
And I know it seems wrong to accept
But you've got your demons and she's got her regrets
But you've got your demons and she's got her regrets

Feel like a brand-new person
So how will I know that it's right?
In a new direction
So how will I know I've gone too far?

(Stop thinking that the only option was) feel like a brand-new person
I finally know what it's like
(Stop thinking that the only option was) in a new direction
So how will I know I've gone too far?
(Stop thinking that the only option was)

And I know it's hard to describe
(Stop thinking that the only option was)
So how will I know that it's right?",0.3015744686126709,0.018985658884048462,0.35998329520225525,0.09493652731180191,0.11685168743133545,0.0602266825735569,0.04744166508316994,8,1,151.84,0.81,0.49
Tame Impala,Feels Like We Only Go Backwards,"It feels like I only go backwards, baby
Every part of me says: Go ahead
I got my hopes up again (oh, no), not again
Feels like we only go backwards, darling

I know that you think you sound silly when you call my name
But I hear it inside my head all day
When I realise I'm just holding on to the hope that maybe
Your feelings don't show

It feels like I only go backwards, baby
Every part of me says: Go ahead
I got my hopes up again (oh, no), not again
Feels like we only go backwards, darling

The seed of all this indecision isn't me, oh, no
'Cause I decided long ago
But that's the way it seems to go when trying so hard to get to something real
It feels

It feels like I only go backwards, darling
Every part of me says: Go ahead
I got my hopes up again (oh, no), not again
Feels like we only go backwards, darling

It feels like I only go backwards, baby
Every part of me says: Go ahead
I got my hopes up again (oh, no), not again
Feels like we only go backwards, darling

It feels like I only go backwards, baby
Every part of me says: Go ahead
I got my hopes up again (oh, no), not again
Feels like we only go backwards, darling",0.4069804549217224,0.0269562266767025,0.11881314963102341,0.06369194388389587,0.3002760410308838,0.04461173713207245,0.03867043927311897,2,0,149.51,0.9,0.49
Tame Impala,Let It Happen,"It's always around me, all this noise
But not nearly as loud as the voice saying
Let it happen, let it happen (it's gonna feel so good)
Just let it happen, let it happen

All this running around
Trying to cover my shadow
A notion growing inside
Now all the others seem shallow
All this running around
Bearing down on my shoulders
I can hear an alarm
Must be morning

I heard about a whirlwind that's coming 'round
It's gonna carry off all that isn't bound and
When it happens, when it happens (I won't be holding on)
So let it happen, let it happen

All this running around
I can't fight it much longer
Something's trying to get out
And it's never been closer
If my take-off fails
Make up some other story
But if I never come back
Tell my mother I'm sorry

I cuh-nuh duh-wuh, you wuh-nuh scri-wih
Try-guh-duh do-wee, try to pun-stoo-wee
You wuh-nuh thinkin' that I wuh-luh do-wee
They be lovin' someone and I wuh-nuh stuh-wee
Take the next ticket to take the next train
Why would I do-wee, eh you wuh tun-tun na

I cuh-nuh duh-wuh, you wuh-nuh scri-wih
Try-guh-duh do-wee, try to pun-stoo-wee
You wuh-nuh thinkin' that I wuh-nuh do-wee
They be lovin' someone and I wuh-luh stuh-wee (baby, now I'm ready, moving on)
Take the next ticket to take the next train (oh, but maybe I was ready all along)
Why would I do-wee, eh you wuh tun-tun na (oh, I'm ready for the moment and the sound)

I cuh-nuh duh-wuh, you wuh-nuh scri-wih (oh, but maybe I was ready all along)
Try-guh-duh do-wee, try to pun-stoo-wee (oh, baby, now I'm ready, moving on)
You wuh-nuh thinkin' that I wuh-luh do-wee (oh, but maybe I was ready all along)
They be lovin' someone and I wuh-nuh stuh-wee (oh, I'm ready for the moment and the sound)
Take the next ticket to take the next train (oh, but maybe I was ready all along)
(Oh, baby)",0.048761360347270966,0.005182969383895397,0.04906611144542694,0.023518318310379982,0.8484010696411133,0.008629732765257359,0.016440510749816895,1,0,125.01,0.88,0.58
Tame Impala,Eventually,"If only there could be another way to do this
'Cause it feels like murder to put your heart through this
I know I always said that I could never hurt you
Well, this is the very, very last time I'm ever going to, ah

But I know that I'll be happier
And I know you will too
Said I know that I'll be happier
And I know you will too
Eventually
Ah-ah-ah-ah-ah
Eventually
Ah-ah-ah-ah-ah

Wish I could turn you back into a stranger
'Cause if I was never in your life, you wouldn't have to change it, ah

But I know that I'll be happier
And I know you will too
I said, I know that I'll be happier
And I know you will too
Eventually
Ah-ah-ah-ah-ah
Eventually
Ah-ah-ah-ah-ah

And I know just what I've got to do
And it's got to be soon
'Cause I know that I'll be happier
And I know you will too
Eventually
Ah-ah-ah-ah-ah
Eventually
Ah-ah-ah-ah-ah
Eventually
Ah-ah-ah-ah-ah
Eventually
Ooh-ah-ah
Eventually
Ah-ah-ah-ah-ah
Eventually
Ah-ah-ah-ah-ah
Eventually
Eventually",0.13139711320400238,0.029005754739046097,0.700190544128418,0.017994489520788193,0.0872330293059349,0.024471869692206383,0.009707216173410416,9,0,77.94,0.62,0.16
Tame Impala,Nangs,"But is there something more than that?
But is there something more than that?
But is there something more than that?
But is there something more than that?
But is there something more than that?
But is there something more than that?
But is there something more than that?
But is there something more than that?
But is there something more than that?
But is there something more than that?
But is there something more than that?
But is there something more than that?
But is there something more than that?
But is there something more than that?",0.536117434501648,0.003395684761926532,0.018600592389702797,0.06270632147789001,0.06679239124059677,0.16577443480491638,0.14661310613155365,0,1,167.61,0.53,0.43
Tame Impala,Elephant,"Bet he feels like an elephant
Shaking his big grey trunk for the hell of it
You know that youre dreaming about being loved by him
Too bad your chances are slim

And it's not like Mr. Shock
To get shy when I ask who is on top?
There must be something deep down in the middle of down there
He's not too easily scared

He's got friends but you get the feeling
Wouldn't care too much if he just disappeared
Oh, look there he is now coming down the stairs
(Here he comes)

He pulled the mirrors off his Cadillac (yeah)
Cause he doesn't like it looking like he looks back
He talks like his opinion is a simple fact
Somebody grabbed his collar
He cried the whole way home
He won't remember a thing 'til it started again
That's how it is 'til the end (yeah)",0.02844914235174656,0.002746111247688532,0.005833686329424381,0.005100219510495663,0.9299681782722473,0.005859829019755125,0.02204282023012638,9,0,123.08,0.55,0.53
Glass Animals,Heat Waves,"(Last night, all I think about is you)
(Don't stop, baby, you can walk through)
(Don't want, but I think about you)
(You know that I'm never gonna lose)

Road shimmer wigglin' the vision
Heat, heat waves, I'm swimmin' in a mirror
Road shimmer wigglin' the vision
Heat, heat waves, I'm swimmin' in a—

Sometimes, all I think about is you
Late nights in the middle of June
Heat waves been fakin' me out
Can't make you happier now

Sometimes, all I think about is you
Late nights in the middle of June
Heat waves been fakin' me out
Can't make you happier now

Usually I put somethin' on TV
So we never think about you and me
But today I see our reflections clearly
In Hollywood, layin' on the screen

You just need a better life than this
You need somethin' I can never give
Fake water all across the road
It's gone now, the night has come, but

Sometimes, all I think about is you
Late nights in the middle of June
Heat waves been fakin' me out
Can't make you happier now

You can't fight it, you can't breathe
You say somethin' so lovin', but
Now I gotta let you go
You'll be better off in someone new

I don't wanna be alone
You know it hurts me too
You look so broken when you cry
One more and then I'll say goodbye

Sometimes, all I think about is you
Late nights in the middle of June
Heat waves been fakin' me out
Can't make you happier now

Sometimes, all I think about is you
Late nights in the middle of June
Heat waves been fakin' me out
Can't make you happier now

I just wonder what you're dreamin' of
When you sleep and smile so comfortable
I just wish that I could give you that
That look that's perfectly unsad

Sometimes, all I think about is you
Late nights in the middle of June
Heat waves been fakin' me out
Heat waves been fakin' me out

Sometimes, all I think about is you
Late nights in the middle of June
Heat waves been fakin' me out
Can't make you happier now

Sometimes, all I think about is you
Late nights in the middle of June
Heat waves been fakin' me out
Can't make you happier now

Road shimmer wigglin' the vision
Heat, heat waves, I'm swimmin' in a mirror
Road shimmer wigglin' the vision
Heat, heat waves, I'm swimmin' in a mirror",0.05103965476155281,0.011818849481642246,0.8662443161010742,0.013292605988681316,0.018956193700432777,0.009259049780666828,0.029389217495918274,11,1,80.87,0.53,0.53
Glass Animals,Gooey,"Alright, come close
Let me show you everything I know
A jungle slang
Spinning round my head and I stare
While my naked fool
Fresh out of an icky, gooey womb
A woozy youth
Dopes up on her silky, smooth perfume

Right my little pooh bear, wanna take a chance?
Wanna sip the smooth air, kick it in the sand?
I’ll say I told you so but you just gonna cry
You just wanna know those peanut butter vibes

My, my simple sir, this ain't gonna work
Mind my wicked words and tipsy topsy slurs
I can't take this place, no I can’t take this place
I just wanna go where I can get some space

Truth be told
I've been there, I've done this all before
I take your gloom
I curl it up and puff it into plumes

Right my little pooh bear, wanna take a chance?
Wanna sip the smooth air, kick it in the sand?
I'd say I told you so but you just gonna cry
You just wanna know those peanut butter vibes

My, my simple sir, this ain't gonna work
Mind my wicked words and tipsy topsy slurs
I can't take this place, no I can't take this place
I just wanna go where I can get some space

Hold my hand and float back to the summer time
Tangled in the willows, now our tongues are tied
How can I believe you, how can I be nice?
Tripping round tree stumps in your summer smile

Right my little pooh bear, wanna take a chance?
Wanna sip the smooth air, kick it in the sand?
I’ll say I told you so but you just gonna cry
You just wanna know those peanut butter vibes

My, my simple sir, this ain't gonna work
Mind my wicked words and tipsy topsy slurs
I can’t take this place, no I can’t take this place
I just wanna go where I can get some space",0.40474042296409607,0.04163704812526703,0.11046309024095535,0.14798004925251007,0.0908888503909111,0.18035611510276794,0.023934381082654,11,0,183.11,0.37,0.11
Glass Animals,Take A Slice,"Smells good up here
Yeah, it's the candle, yo it's uh yo it's uh sausage
(laughter)
Sausage candle
Most people don't do it the way I do it, very personal
So, like, even the money, twenties twenties twenties. Y'know, like whatever. I just like sausage

I don't ever wanna pick a slice
One is pretty but the other lies
Chewing on a fat smoke
No filter but you're puffing
Suckin' on a slim vogue
Dark Fingernail polish
I'm the treasure baby I'm the prize
Cut me rails of that fresh cherry pie
Shitty old pistola
Shot a bullet thru my wallet
Gonna go to Pensacola
Gonna fuck my way through college

You've gone with the thick rims
Big look with the lip ring and things
Wake me when the bell rings
I'm gonna sleep 'cos you live in my day dreams
You've gone with the thick rims
Big look with the lip ring and things
Wake me when the bell rings
I'm gonna sleep 'cos you live in my day dreams

Sitting pretty in the prime of life
I'm so tasty and the price is right
Stewing in the black dope
I'm filthy and I love it
Studebacker all gold
Got a shotgun in my pocket

You've gone with the thick rims
Big look with the lip ring and things
Wake me when the bell rings
I'm gonna sleep 'cos you live in my day dreams",0.22865638136863708,0.04084445536136627,0.017576832324266434,0.04426004737615585,0.010586711578071117,0.6533938646316528,0.004681803751736879,9,1,151.97,0.66,0.63
Glass Animals,The Other Side of Paradise,"When I was young and stupid my love
Left to be a rock and roll star
He told me please don't worry
Wise little smile that spoke so safely

He booked a one way ticket
Out west that's where they make it
Six kids stuck in a bedsit
To sunswept poolside riches

He met a girl who wore Versace
Pink feather coats and jumbo jewellery
Gonna be a hoop phenomenon
He's gonna be Hakeem Olajuwan

He's got a gold Camaro
He said over the payphone
I try to keep my cool but
My life turns in slow motion

Bye bye baby blue
I wish you could see the wicked truth
Caught up in a rush it's killing you
Screaming at the sun you blow into
Curled up in a grip when we were us
Fingers in a fist like you might run
I settle for a ghost I never knew
Superparadise I held on to
But I settle for a ghost

When I was from n.o.l.a no one
Left to be a rock and roll star
He'd stay and treat his lady
Give everything to his new baby

I miss him don't you blame me
That boy went stone cold crazy
Caught up in camera lust he's
Chasing that pappy pipe dreams

I know you don't but I
I know you don't but I still try
My thunder shook him down
My thunder came and shook him down
That girl is gone but I
That girl is gone but I still try
I think it's over now
The bullet hit but maybe not
I feel so fucking numb
It hits my head and I feel numb
My body's looking wrong
My body's looking wrong
My body's looking wrong

Bye bye baby blue
I wish you could see the wicked truth
Caught up in a rush it's killing you
Screaming at the sun you blow into
Curled up in a grip when we were us
Fingers in a fist like you might run
I settle for a ghost I never knew
Superparadise I held on to
But I settle for a ghost",0.05621105059981346,0.0066800955682992935,0.5151810050010681,0.023652207106351852,0.3583705425262451,0.008770179003477097,0.031134868040680885,11,0,128.01,0.34,0.57
Glass Animals,Youth,"Boy, when I left you, you were young
I was gone, but not my love
You were clearly meant for more
Than a life lost in the war

I want you to be happy
Free to run, get dizzy on caffeine
Funny friends that make you laugh
And maybe you're just a little bit dappy

Fly
Feel your mother at your side
Don't you know you got my eyes?
I'll make you fly
You'll be happy all the time
I know you can make it right

Boy, now your life is back-to-front
But you'll see that's not for long
'Cause I know you'll feel the ghost
Of some memories, so warm

Boy, I want you to be happy
Free to run, get dizzy on caffeine
Funny friends that make you laugh
And maybe you're just a little bit dappy

Fly
Feel your mother at your side
Don't you know you got my eyes?
I'll make you fly
You'll be happy all the time
I know you can make it right

Boy, I want you to be happy
Free to run, get dizzy on caffeine
Funny friends that make you laugh
And maybe you're just a little bit dappy

Fly
Feel your mother at your side
Don't you know you got my eyes?
I'll make you fly
You'll be happy all the time
I know you can make it right
I'll make you

Boy, I want you to be happy
Free to run, get dizzy on caffeine
Funny friends that make you laugh
And maybe you're just a little bit",0.30187225341796875,0.4262339770793915,0.17676641047000885,0.012712277472019196,0.017310811206698418,0.010838729329407215,0.054265476763248444,9,0,96.02,0.72,0.79
Glass Animals,Life Itself,"Daddy was dumb said that I'd be something special
Brought me up tough but I was a gentle human
Said that he loved each of my two million freckles
When I grew up was gonna be a superstar

I can't get a job so I live with my mom
I take her money but not quite enough
I sit in the car and I listen to static
She said I look fat but I look fantastic

Come back down to my knees
Gotta get back, gotta get free
Come back down to my knees
Be like them, lean back and breathe
Come back down to my knees
Gotta get back, gotta get free
Come back down to my knees
Be like them, lean back and breathe

I'm waking up, lost in boxes outside Tesco
Look like a bum sipping codeine Coca-Cola
Thought that I was northern Camden's own Flash Gordon
Sonic ray gun, gonna be a superstar

I can't get a job so I live with my mom
I take her money but not quite enough
I make my own fun in grandmama's basement
Said I look mad, she said I look wasted

Come back down to my knees
Gotta get back, gotta get free
Come back down to my knees
Be like them, lean back and breathe
Come back down to my knees
Gotta get back, gotta get free
Come back down to my knees
Be like them, lean back and breathe

Come back down to my knees
Gotta get back, gotta get free
Come back down to my knees
Be like them, lean back and breathe
Come back down to my knees
Gotta get back, gotta get free
Come back down to my knees
Be like them, lean back and breathe
Come back down to my knees
Gotta get back, gotta get free
Come back down to my knees
Be like them, lean back and breathe",0.13669733703136444,0.030995365232229233,0.3375464975833893,0.24314962327480316,0.1714790165424347,0.051005586981773376,0.029126562178134918,1,1,111.99,0.67,0.56
Glass Animals,Pork Soda,"Somewhere in South End when you were fun
You took my hand and you made me run
Up past the prison to the seafront
You climbed the cliff edge and took the plunge

Why can't we laugh now like we did then?
How come I see you and ache instead?
How come you only look pleased in bed?
Let's climb the cliff edge and jump again

Pineapples are in my head
(Pineapples are in my head)
Got nobody 'cos I'm brain dead
(Got nobody 'cos I'm brain dead)

Somebody said that I'm a fuckin' slum
Don't know that I belong
Maybe you're fucking dumb
Maybe I'm just a bum
Maybe you're fucking scum
Don't you go psycho chum
I want you for the world
I want you all the time

Pineapples are in my head
(when you were fun)
Got nobody 'cos I'm brain dead
(you made me run)
Pineapples are in my head
(to the seafront)
Got nobody 'cos I'm brain dead
(she took the plunge)

5000 footsteps in your wet dress
Back to the house with your arms around my neck
We drank pork soda with tangled legs
I won't forget how you looked at me then

I know I'm no sweet prince of love
Those times when we got drunk
Maybe Jamaica rum
Maybe some Jonnie Dub
Maybe you still think of us
Phone buzz, and still I jump
Why don't I say it then?
I want you all the time

Why can't we laugh now like we did then?
How come I see you and ache instead?
How come you only look pleased in bed?
Let's climb the cliff edge and jump again

Pineapples are in my head
(Pineapples are in my head)
Got nobody 'cos I'm brain dead
(Got nobody 'cos I'm brain dead)
Pineapples are in my head
(Pineapples are in my head)
Got nobody 'cos I'm brain dead
(Got nobody 'cos I'm brain dead)",0.10238978266716003,0.010657787322998047,0.07075346261262894,0.32110869884490967,0.17782701551914215,0.1938215047121048,0.12344174832105637,7,1,96.0,0.66,0.62
Glass Animals,Black Mambo,"What'll it be now mister mole
Whisper sloth in curls of smoke
Take a back seat
Or play pharaoh
Dance with me
And shake your bones

Slow down
It's a science
He's been waiting
To bring you down

Snake eyed
With a sly smile
He can hold you
And shake you child

Leopards laze each
On plush pillows
Slender capes
Of red and chrome

Paperback dreams
In their deep doze
Twitch their toes to
Black mambo

Slow down
It's a science
He's been waiting
To bring you down

Snake eyed
With a sly smile

He can hold you
And shake you child

Wanna play cheat
Now says the sloth
A domino
Flush to his nose

Tickle that cheek
And take your throne
Pump your veins
With gushing gold

Slow down
It's a science
He's been waiting
To bring you down
Snake eyed

With a sly smile
He can hold you
And shake you child

We can hold you
We can hold you
We can hold you
We can hold you",0.017383376136422157,0.003196155419573188,0.0035671161022037268,0.023045947775244713,0.9425309896469116,0.005675849504768848,0.004600503481924534,0,0,79.95,0.41,0.31
alt-J,Breezeblocks,"She may contain
The urge to run away
But hold her down with soggy clothes and breezeblocks
Cetirizine your fever's gripped me again
Never kisses
All you ever send are full-stops

Do you know
Where the wilds things go
They go along to take your honey

Break down now weep build up breakfast now let's eat
My love, my love, love, love

Muscle to muscle and toe to toe
The fear has gripped me but here I go
My heart sinks as I jump up
Your hand grips hand as my eyes shut

Do you know
Where the wild things go
They go along to take your honey
Break down lets sleep
Build up breakfast now let's eat
My love, my love, love, love

She bruises coughs
She splutters pistol shots
But hold her down with soggy clothes and breezeblocks
She's morphine
Queen of my vaccine
My love, my love, love, love

Muscle to muscle
And toe to toe
The fear has gripped me
But here I go
My heart sinks as I jump up
Your hand grips hand as my eyes shut

She may contain
The urge to run away
But hold her down with soggy clothes and breezeblocks
Germolene disinfect the scene
My love, my love, love, love

But please don't go
I love you so
My lovely

Please don't go
Please don't go
I love you so
I love you so

Please don't go
Please don't go
I love you so
I love you so (please break my heart)

Please don't go
Please don't go
I love you so
I love you so

Please don't go
Please don't go
I love you so
I love you so (please break my heart)

Please don't go
I'll eat you whole
I love you so
I love you so, I love you so",0.006255973130464554,0.0017632544040679932,0.024527326226234436,0.004634032025933266,0.9594999551773071,0.0009553029667586088,0.0023639907594770193,5,1,150.09,0.66,0.29
alt-J,Left Hand Free,"Hey shady baby I'm hot
Like the prodigal son
Pick a battle eenie meenie miney moe
Hey flower you're the chosen one

Well your left hand's free
And your right's in a grip
With another left hand
Watch his right hand slip
Towards his gun, oh no

I tackle weeds just so the moon buggers nibble
A right hand grip on his Colt single-action like [?]

Well your left hand's free

And your right's in a grip
With another left hand
Watch his right hand slip
Towards his gun, oh no

N-E-O, O-M-G, gee whiz
Girl you're the one for me
Though your man's bigger than I am
All my days he disagrees, oh no
(Speak easy)

Well my left hand's free
Well my left hand's free

Hey shady baby I'm hot
Like the prodigal son
Pick a battle eenie meenie miney moe
Hey flower you're the chosen one

Well your left hand's free
Well my left hand's free (x4)
Oh no",0.39121711254119873,0.02982262149453163,0.07180128991603851,0.11951129883527756,0.11431927978992462,0.117176853120327,0.1561514288187027,3,1,101.99,0.88,0.8
alt-J,Tessellate,"Bite chunks out of me
You're a shark and I'm swimming
My heart still thumps as I bleed
And all your friends come sniffing

Triangles are my favourite shape
Three points where two lines meet
Toe to toe, back to back, let's go
My love it's very late
'Til morning comes, let's tessellate

Go alone my flower
And keep my whole lovely you
Wild green stones alone my lover
And keep us on my heart

Three guns and one goes off
One's empty, one's not quick enough
One burn, one red, one grin
Search the graves while the camera spins
Chunks of you will sink down to the seals
Blubber rich in mourning
They'll nosh you up, yes, they'll nosh the love away, but it's fair to say
You will still haunt me

Triangles are my favourite shape
Three points where two lines meet
Toe to toe, back to back, let's go
My love it's very late
'Til morning comes, let's tessellate",0.03191117197275162,0.0022342982701957226,0.09038955718278885,0.020004477351903915,0.8284165263175964,0.01990971714258194,0.0071342214941978455,2,1,116.97,0.61,0.44
alt-J,Something Good,"Something good, oh something good, oh something good,
Oh something good tonight will make me forget about you for now

Get high, hit the floor before you go
Matador, estocada, you're my blood sport

But something good, oh something good, oh something good
Oh something good tonight will make me forget about you for now

Forty-eight thousand seats bleats
And roars for my memories of you
Now that I'm fully clean

The matador is no more and is dragged from view

Get high, hit the floor before you go
Matador, estocada, you're my blood sport

Forty-eight thousand seats bleats
And roars for my memories of you
Now that I am clean
The matador is no more and is dragged from view

But something good, oh something good, oh something good
Oh something good tonight will make me forget about you for now",0.3712979555130005,0.034325726330280304,0.18371134996414185,0.13397622108459473,0.14017947018146515,0.10173030197620392,0.03477900102734566,7,1,108.98,0.58,0.54
alt-J,Fitzpleasure,"Tra-la-la, tra-la, tra-a-la
La, tra-la-la, tra-la, tra-a-la
La, tra-la-la, tra-la, tra-a-la
La, tra-la-la, tra-la

In your snatch fits pleasure, broom-shaped pleasure
Deep greedy and googling every corner
La, tra-la, tra-a-la, la-la-la-la-la-la-la

Dead in the middle
Of the C-O double-M O-N
Little did I know then
That the Mandela Boys soon become Mandela Men

Tall woman

Pull the pylons down
And wrap them around the necks
Of all the feckless men that queue to be the next

Steepled fingers
Ring la-la-la-la-la-la-la-la-leaders
Queue-queue
Jumpers to rock
Fist, paper, scissors, la-la-la-la-la-la-lingered fluffers
The choir in your hoof lies the heartland
Where we tent for our treasure, pleasure, leisure
Les yeux, it’s all in your eyes

In your snatch fits pleasure, a broom-shaped pleasure
Deep greedy and googling every corner

Tralala, trala, tra-la, la-la-la-la-la-la-la
Oh, oh, oh, oh, blinded by the lights",0.03162292018532753,0.002283190842717886,0.00866666343063116,0.8696104884147644,0.03531348705291748,0.0456070639193058,0.006896114908158779,9,1,143.94,0.59,0.36
alt-J,Matilda,"This is from
This is from
This is from Matilda

Just like Johnny Flynn said, ""The breath I've taken and the one I must"" to go on
Put the grenade pin in your hand, so you understand who's boss
My defeat sleeps top to toe with her success

Oh this is from
This is from
This is from Matilda

And she needs you
This is for Matilda
And she needs you
This is for Matilda

Just like Johnny Flynn said, 'the breath I've taken and the one I must' to go on.
Put the grenade pin in your hand, so you understand who's boss.
My defeat sleeps top to toe with her success.

Oh this is from
This is from
This is from Matilda

And she needs you
This is for Matilda
And she needs you
This is for Matilda
And she needs you
This is for Matilda
Elle a besoin de toi, cela vient de Matilda

And she needs you
This is for Matilda
And she needs you
This is for Matilda
And she needs you
This is for Matilda
And she needs you
This is for Matilda

This is for Matilda
This is from Matilda
Matilda
Matilda
Matilda",0.8117740154266357,0.013566369190812111,0.021663520485162735,0.04158611595630646,0.03345504403114319,0.026931732892990112,0.05102314054965973,2,1,147.95,0.68,0.28
alt-J,Taro,"Indochina, Capa jumps jeep
Two feet creep up the road
To photo, to record
Meat lumps and war
They advance as does his chance
Oooh, oooh

Very yellow white flash
A violent wrench grips mass
Rips light, tears limbs like rags
Burst so high finally capa lands

Mine is a watery pit
Painless with immense distance
From medic, from colleague, friend
Enemy, foe, him five yards from his leg
From you Taro
Oooh, oooh

Do not spray into eyes
I have sprayed you into my eyes

3:10 Pm, Capa pends death
Quivers, last rattles, last chokes
All colours and cares glaze to grey
Shrivelled and stricken to dots
Left hand grasps
What the body grasps not
Ooh, oooh
Le photographe est mort

3.1415, Alive no longer my amour
Faded for home may of '54
Doors open like arms my love
Painless with a great closeness
To capa, to capa capa dark after nothing
Re-united with his leg and with you, Taro
Taro

Do not spray into eyes
I have sprayed you into my eyes",0.018955014646053314,0.0036480489652603865,0.46574366092681885,0.13644711673259735,0.35530605912208557,0.013171237893402576,0.006728859152644873,5,1,171.75,0.48,0.28
alt-J,Every Other Freckle,"I want to share your mouthful
I want to do all the things your lungs do so well
I'm gonna bed into you like a cat beds into a bean bag
Turn you inside out to lick you like a crisp packet

You're the first and last of your kind
(Pull me like an animal out of a hole!)
I want to be every lever you pull
And all showers that shower you

I'm gonna paw, paw at you
Like a cat paws at my woolen jumper
Be your Minpin
And Borrower of handsome trivia

Devour me
Lou, Lou, let the cover girls sing!

All handclaps, you will clap
(Let me be the wallpaper that papers up your room!)
I want to be every button you press
And all the baths that surround you
Yes, I'm gonna roll around you
Like a cat rolls around saw dusted patios
I'm gonna kiss you
Like the sun browns you

Devour me
Devour me
If you really think that you can stomach me

I want every other freckle
I want every other freckle, freckle",0.3561633229255676,0.04891601577401161,0.0456097237765789,0.2375212460756302,0.057882700115442276,0.17492176592350006,0.07898528128862381,2,1,143.92,0.71,0.52
Beach House,Space Song,"It was late at night
You held on tight
From an empty sea
A flash of light

It would take awhile
To make you smile
Somewhere in these eyes
I'm on your side

You wide eyed girls
You get it right

Fall back into place
Fall back into place

Tender is the night
For a broken heart
Who will dry your eyes
When it falls apart?

What makes this fragile world go 'round?
Were you ever lost
Was she ever found?
Somewhere in these eyes

Fall back into place
Fall back into place",0.06591907143592834,0.002391940914094448,0.6626462340354919,0.022328486666083336,0.1684286743402481,0.011998726986348629,0.0662868544459343,0,0,147.07,0.79,0.6
Beach House,Silver Soul,"Gather medicine for heartache
So we can act a fool
It's incomplete without you
The silver soul is running through
It's a vision
Complete illusion, yeahhh

Beneath along the spinning wheel
Collecting silver coils
It gathers heat without you
Whether or not you turn from it
It's a quick turn
To let it figure out

It is happening again
It is happening again
It is happening again, oh-oh
It is happening again

The bodies lying in the sand
They're moving in the dark
It is so quick to let us
We're feeling moved through our skin
It's a sickness
A manic weakness yeah

It is happening again
It is happening again
It is happening again, oh-oh
It is happening again",0.07302691042423248,0.004559856839478016,0.08376012742519379,0.025053711608052254,0.6098341941833496,0.06211270019412041,0.14165249466896057,2,1,135.03,0.67,0.12
Beach House,Myth,"Drifting in and out
You see the road you're on

It came rolling down your cheek
You say just what you mean
And in between
It's never as it seems

Help me to name it
Help me to name it

If you built yourself a myth
You'd know just what to give

What comes after this
Momentary bliss?
The consequence
Of what you do to me

Help me to name it
Help me to name it

Found yourself in a new direction
Arrows falling from the sun
Canyon calling, would they come to greet you?
Let you know you’re not the only one

Can’t keep hanging on
To what is dead and gone
If you built yourself a myth
You'd know just what to give
Materialize
Or let the ashes fly

Help me to name it
Help me to name it",0.6768136024475098,0.009332921355962753,0.03563608601689339,0.05225229263305664,0.08587504178285599,0.020241178572177887,0.11984888464212418,3,1,141.96,0.71,0.41
Beach House,Master of None,"You always come to the parties
Too bad the feathers are for the birds
All your needs
I will not let you grieve

I want your picture but not your words
You know the wanting, but there's no verse
On your own
But you can not' call it your all

We always run our heads too much
We know the reason, but such and such
On your own,
You will not let your arm go

We all look bigger together
you know if this is the devil's plan
On your own,
You can not call me your heart

Jack of all trades
Master of none
Cry all the time
Cause i'm not having fun

Tou always want to be forgiven
The devil loves what and you print
All your needs
But you can not; you will not agree",0.014560867100954056,0.002335545839741826,0.9697030186653137,0.0033316360786557198,0.0032966737635433674,0.002934049814939499,0.003838235279545188,5,1,86.51,0.35,0.21
Beach House,Wildflower,"No better color
Look everywhere
We're driving home every night
The shadows stay by your side

You built a city
All in your head
Triangle of every light
It turns you on every night

Need a companion
My head in prayer
You know you're not losing your mind
What's left you make something of it
Sky what's left above it
The way you want nothing of it
Baby I'm yours

No better color
Look everywhere
You built a city
All in your head
You know you're not losing your mind
What's left you make something of it
Sky what's left above it
The way you want nothing of it
Wildflower",0.4377746880054474,0.010181920602917671,0.11396123468875885,0.03607035055756569,0.36075684428215027,0.016660384833812714,0.024594644084572792,3,1,81.1,0.51,0.22
Beach House,PPP,"Out in the heartland
I looked into your eyes
And I asked
""Are you ready? Ready for this life?""

Did you see it coming
It happened so fast
The timing was perfect
Water on glass

Like tracing figure eights
On ice in skates oh well
And if this ice
Should break
It would be
My mistake

Between the cities
Between the thrills
There's something inside you
It doesn't sleep well

It won't last forever
Or maybe it will
The white clothes they gave you
You wear them so well

Someone once told me
In love, that you must
Place all you're given
In infinite trust

Yet I'm tracing figure eights
On ice in skates so well
And if this ice should break
It would be
My mistake",0.2962251603603363,0.006261699367314577,0.2474135458469391,0.031168106943368912,0.16527704894542694,0.013891276903450489,0.23976312577724457,1,1,104.88,0.47,0.15
Beach House,Lazuli,"In the blue of this light
Where it ends in the night
When you couldn't sleep
You would come for me

Wander eyes, ocean high
And we don't dare slip on by
Make her suffer
Like no other

It's nothing like
Lapis Lazuli
Let it go
Back to me

Like no other
You can't be replaced

Like no other (It's nothing like)
You can't be replaced (Lapis Lazuli)",0.027832714840769768,0.004078942351043224,0.03731785714626312,0.17401981353759766,0.7470705509185791,0.007383866235613823,0.0022963040973991156,11,0,219.13,0.81,0.74
Beach House,Zebra,"very rough guess - corrections welcome

you know you go
you don't gotta worry now honey
who wastes his child
born so wild

don't i know you better than the rest
all this sent you from, all this sent you from you

you love to stand
in the white sand
didn't ask for mines
i smiled and wined

don't i know you better than the rest
all this sent you from, all this sent you from you

anyway you run, you run before us
black and white horse
arching among us

you love to stand
in the white sand
who wastes his time
born to a man
don't i know you better than the rest
all this sent you from, all this sent you from you

didn't ask for mines
i smiled and wined
who wastes his child
born so wild

don't i know you better than the rest
all this sent you from, all this sent you from you

anyway you run, you run before us
black and white horse
arching among us",0.11850350350141525,0.03181520104408264,0.0654086023569107,0.12907782196998596,0.5988284349441528,0.003543578553944826,0.052822839468717575,8,1,118.38,0.48,0.26
Mac DeMarco,Chamber of Reflection,"Spend some time away
Getting ready for the day
Upon again

Spend some time alone
Understand is on your run
With a better man
Alone again

Alone again
Alone again
Alone again
Alone

Now use looking out
It's within that brings that

Lonely feeling

Understand when you leave here
You be clear
Among a better man
Alone again

Alone again
Alone again
Alone again
Alone

Alone again
Alone again
Alone again
Alone",0.03622408211231232,0.003584466176107526,0.903935968875885,0.006861301604658365,0.03147876635193825,0.01140547078102827,0.006509936880320311,11,1,131.03,0.56,0.51
Mac DeMarco,My Kind of Woman,"Oh baby, oh man
You're making my crazy, really driving me mad
That's all right with me, it's really no fuss
As long as you're next to me just the two of us

You're my, my, my, my kind of woman
My, oh my, what a girl
You're my, my, my, my kind of woman
And I'm down on my hands and knees
Begging you please, baby, show me your world

Oh brother, sweetheart
I'm feeling so tired realling falling apart
And it just don't make sense to me, I really don't know
Why you stick right next to me or wherever I go

You're my, my, my, my kind of woman
My, oh my, what a girl
You're my, my, my, my kind of woman
And I'm down on my hands and knees
Begging you please, baby, show me your world",0.06080920249223709,0.014009700156748295,0.3545114994049072,0.05357487499713898,0.14736667275428772,0.08352513611316681,0.28620290756225586,6,0,91.77,0.77,0.46
Mac DeMarco,For the First Time,"While she's been away
Living day-to-day has been tough
I found her at my side
Simply being alive has been rough

Know she won't be gone forever
There are many times I find it feels that way
And I'm not trying to forget her
Just understand how I'll be feeling on that day

It's just like seeing her for the first time again
It's just like seeing her for the first time again

The time she's not around
Somewhere out-of-town has been hard
But somehow this old heart found time to work it out this far

No, I know she's coming home soon
There are times I find it hard to feel that way
It's not inside me to forget her
Just understand how I'll be feeling on that day

It's just like seeing her for the first time again
It's just like seeing her for the first time again

It's just like seeing her for the first time again
It's just like seeing her for the first time again",0.06063138321042061,0.02218855358660221,0.7611562609672546,0.006182847544550896,0.10559792071580887,0.02809344418346882,0.016149630770087242,5,0,75.52,0.53,0.52
Mac DeMarco,Heart to Heart,"To all the days we were together
To all the time we were apart
Of each other's lives, heart to heart
And so I had a late arrival
So we never saw the start
Of each other's lives, heart to heart

Heart to heart, heart to heart
Heart to heart, heart to heart

And though it seems so quick and easy
Sentimentally assumed
Walking parallels, heart to heart
To all the days we were together
To all the time we played apart
In each other's lives, heart to heart

Heart to heart, heart to heart
Heart to heart, heart to heart
Heart to heart, heart to heart
Heart to heart, heart to heart

Weo! Weo! Weo! Weo!",0.257315993309021,0.02854876220226288,0.23717962205410004,0.038538042455911636,0.17828716337680817,0.03081420063972473,0.22931624948978424,8,0,150.08,0.14,0.64
Mac DeMarco,Freaking Out the Neighborhood,"Sorry, mama
There are times I get carried away
Please, don't worry
Next time I'm home, I'll still be the same

And I know it's no fun
When your first son
Gets up to no good
Starts freaking out the neighborhood

Really, I'm fine
Never been better, got no job on the line
Sincerely, don't worry
Same old boy that you hoped you would find

And I know it's no fun
When your first son
Gets up to no good
Starts freaking out the neighborhood",0.07026564329862595,0.01389329694211483,0.21550558507442474,0.05123847350478172,0.5985140800476074,0.00945495069026947,0.041127949953079224,8,0,143.3,0.83,0.85
Mac DeMarco,Moonlight on the River,"I'd say, see you later, if I thought I'd see you later
And I'd tell you, that I loved you, if I did
It's so strange, deciding, how to feel about it
It's such strange, emotion, standing there beside it

I'm home, with moonlight on the river, saying my goodbyes
I'm home, there's moonlight on the river, everybody dies

I'd say, see you next time, if I thought there were a next time
Easy conversation, ain't exactly where we're at
It's so strange, deciding, how I feel about you
It ain't like, I ain't used, to going on without you

I'm home, with moonlight on the river, saying my goodbyes
I'm home, there's moonlight on the river, everybody dies
I'm home, with moonlight on the river, saying my goodbyes
I'm home, there's moonlight on the river, everybody dies",0.10868570953607559,0.013990465551614761,0.021021736785769463,0.007613552734255791,0.40322619676589966,0.09294180572032928,0.35252058506011963,9,1,139.98,0.48,0.43
Mac DeMarco,Still Beating,"I never meant to make her cry
And now I'm seeing tears in her eyes
Half and half, make-believe
'Cause so she thought that my heart was on my sleeve

Honey, I cried too
You better believe it
Honey, my heart still beats for you
Even though you don't feel it
Beating

I never thought some silly songs
Could ever go and hurt someone
I never meant to sing my tune
For anybody else out there but you

Honey, I cried too
You better believe it
Honey, my heart still beats for you
Even though you don't feel it

Honey, I cried too
You better believe it
Honey, my heart still beats for you
Even though you don't feel it
Beating",0.031822606921195984,0.008108850568532944,0.908130943775177,0.006643925793468952,0.004040232859551907,0.0030760238878428936,0.038177356123924255,1,0,78.48,0.5,0.47
Mac DeMarco,No Other Heart,"Is it true?
You've been feeling sort of low these days
Just don't have a place to go these days
Must be bringing you down

If it's so
Then come on give this lover boy a try
I'll put the sparkle right back in your eyes
What could you lose?

Well for one, her heart belongs to another
And no other heart will do

Is it wrong? To think my love could really help you out
It's simply just my stubborn heart no doubt, ramping away
If it's not

Then come on give this lover boy a try
I'll put the sparkle right back in your eyes
What could you lose?

Well for one, her heart belongs to another
And no other heart will do
Well for one, her heart belongs to another
And no other heart will do",0.030495721846818924,0.0011597748380154371,0.9278309941291809,0.010011853650212288,0.012092260643839836,0.011184819974005222,0.00722457654774189,2,1,94.26,0.68,0.85
MF DOOM,Doomsday,"(feat. Pebbles The Invisible Girl)

Mic check...
Come through, dig the sound!
Crowd around!

I used to cop a lot
But never copped no drop
Hold mics like pony tails, tight, in [????]
Stop and stick around
Come through and dig the sound
Of the fly brown six-o sicko psycho who throws his dick around
Bound to go three-plat
Came to destroy rap
It's a intricate plot of a b-boy strap
[? Vemstack?] cats get kidnapped
Then release a statement to the press - let the rest know who did that
Metal Face terrorists claim responsibility
Broken household name usually said in hostility
Um... what... MF, you silly
I'd like to take ""Mens to the End"" for two milli'
""Doo-doo-doo-doo-doo!"" That's a audio daily double
Rappers need to fall off just to save me the trouble, yo
Watch your own back
Came in and go out alone, black
Stay in the zone - turn H2O to Cognac
On Doomsday!
Ever since the womb 'til I'm back where my brother went
That's what my tomb will say
Right above my government, Doom will lay
Either unmarked or engraved, hey, who's to say?
I wrote this one in B.C. D.C. O-section
If you don't believe me, go get bagged and check then
Cell number 17, up under the top bunk
I say this not to be mean, wish bad luck or pop junk
Pop the trunk on See-Cipher-Punk, leave him left scraped
God forbid, if there ain't no escape, blame MF tape
Definition ""super-villain"": a killer who love children
One who is well-skilled in destruction, as well as building
While Sidney Sheldon teaches the trife to be trifer
I'm trading science fiction with my man the live lifer
A pied piper holler a rhyme, a dollar and a dime
Do his thing, ring around the white collar crime
Get out my face, askin' 'bout my case, need toothpaste
Fresher mint, monkey-style nigga get [?dentadent?]
And dope fiends still in they teens, shook niggas turn witness
Real mens mind their own business
That's the difference between sissy-pissy rappers that's double-dutch
How come I hold the microphone double-clutch
C.O.'s make rounds, never have 'ox found
On shakedown, lock-down, wet dreams of Fox' Brown
On Doomsday!
Ever since the womb 'til I'm back where my brother went
That's what my tomb will say
Right above my government, Doom will lay
Either unmarked or engraved, hey, who's to say?
Doomsday
Every since the womb 'til I'm back to the essence
Read it off the tomb
Either engraved or unmarked grave, who's to say?
Pass the mic like ""Pass the peas like they used to say""
Some M-er F-ers don't like how Sally walk
I'll tell y'all fools it's hella cool how ladies from Cali talk
Never let her interfere with the Yeti ghetto slang
Nicknames [? off nipple and tip of nipples?].metal fang
Known amongst hoes for the bang-bang
Known amongst foes for flow with no talking orangutangs
Only gin and Tang
Guzzled out a rusty tin can
Me and this mic is like yin and yang
Clang! Crime don't pay, listen, youth
It's like me holding up the line at the kissing booth
I took her back to the truck, she was uncouth
Spittin' all out the sunroof, through her missing tooth
But then she has a sexy voice, sound like Jazzy Joyce
So I turned it up faster than a speeding knife
Strong enough to please a wife
Able to drop today's math in the 48 keys of life
Cut the crap far as rap
Touch the mic, get the same thing a Arab will do to you for stealing
What the devil? He's on another level
It's a word! No, a name! MF - the super-villain!

Doomsday!

Dig the sound
Crowd around",0.127168670296669,0.009015042334794998,0.01967698149383068,0.5439025163650513,0.20357458293437958,0.04470670595765114,0.05195549502968788,6,0,95.42,0.82,0.85
MF DOOM,One Beer,"[MF Doom]
I get no kick from champagne
Their alcohol doesn't thrill me at all
So tell me why shouldn't it be true
I get a kick out of brew

[MF Doom]
There is only one beer left
Rappers screaming all in our ears like we're deaf
Tempt me
Do a number on the label
Eat up all their MC's and drink 'em under the table like
It's on me
Put it on my tab kid
However you get there
Foot it, Cab it, Iron horse it
You leaving on your face forfeit
I crush the mic hold it like the heat he might toss it
Told him tell they stole it
He told her he lost it
She told him get off it, and a bunch other more shit
Getting money
DT's be getting no new leads
It's like he eating watermelon stay spitting new seeds
It's da weed give me some of what he's drooping off
Soon as he wake up choking like it was whooping cough
The group been soft
First hour at the open bar and their trooping off
He went to go laugh and get some head by the side road
She asked him to autograph her dareair
It read to wide load this yard bird taste like fried toad
Turned love villain
Take pride and code words
Crooked eye mold nerd geek with a cold heart
Probably still be speaking in rhymes as an old fart
Study how to eat to dine by the pizza guy
No he's not to fly to skeet in a skezzers eye
And squeeze her thigh
Maybe giver her curves a feel
And the same way she feel it when she flow with nerves of steel
They call him super when they need their back or plumbing fixed
Powers only one left the pack comes in six
Whatever happened to two and three
A hood tried to slide with four and five and got caught
Like what you doing G
Don't make 'em have to get cutting like truancy
Matter fact not for nothing right now you and me
Looser than a pair of adidas
I hope you bought your spare tweeters
MC's sound like cheerleaders
Rapping and dancing like Red Head Kingpin
Dude can't do his thing again no matter how be blinging
You do it for the smelly hubbies
Seeds know what time it is like it's time for tellie tubbies
Few can do it even fewer can sell it
Take it from the dude who wears mask like a tarded helmet
He plots shows like robberies
In and out
One, two, three, no bodies please
Run the cash and you won't get a wet sweatshirt
The mic is the shootie nobody move nobody get hurt
Bring heat like the boy I'm going to war
Came in the door, and everybody on the floor
A whole string of jobs like we are on tour
Everynight on the score coming to your corner store",0.24243275821208954,0.01805228553712368,0.034698717296123505,0.15137942135334015,0.08031237870454788,0.45083120465278625,0.022293206304311752,7,1,91.12,0.72,0.62
MF DOOM,Hoe Cakes,"[Beatboxing is heard through the entire song]

[MF Doom]
KEEP YA HOES IN CHECK!(..Super!)
I got this girl and she wants me to duke Her
I told her I'd come scoop her around 8, she said ""Super!""
that sounds great, shorty girl's a trooper
no matter what I need her to do, she be like ""Super!""
own his own throne, the boss like King Koopa
on the microphone he flossed the ring ""Super!
average emcees is like a TV blooper
MF DOOM...hes like D.B. Cooper
out wit the moolah, I let her get a outfit
jus to cool her off she said niggaz ain't about shit
I wonder if she meant it, I doubt it
the way it be in her mouth, she can't live witout it
and can't live with this, handle yo bidness
villain'll stay on a scandalous hoes shit list
one pack of cookies please Mr. Hooper
its fun smackin rookies, he is the ""Super!""
look like a black wookie when he let his beard grow
weirdo, brown skin'ded always kept his hair low
rumor has it its a S-curl accident
DOOM was always known to keep the best girls backs bent
some say its the eyes, some say the accent
a lotta guys wonder where they stacks went
I call her thunder thighs, with the fatty swolla
only mess wit high rollas, do what daddy told her
no matter the city she with me to do the thang thang
work in the coochie, hooptie chitty chitty bang bang
same name on the titty as on the name ring
pretty like Baby D off ""all in the same gang""
keep my eye on her really don't trust her
but I treat her like a daughter, taught her how to bust a nut
and the heat to turn beef to horsemeat chalupa
teach her how to hold it, of course he is the ""Super!""
see most cats treat her like foofer
or beat her to a stupor, take it from the ""Super!""
ya need to make her feel cuter
and lay down the G like Luther, everythin'll be ""Super!""
do for her, keep her in a new fur
so she look sweet when she go to meet the ""Super!""
got the buddha get the Grenadiers, twist it
put it in the air, come 'ere, kiss it
listen here scooter, let her try to bag you
when she's on the rag never let her fry the Ragu
which will have you under some type of spell crying ""dag boo""
her name on ya back in her tattoo
whether a bourgie broad, nerd hoe, street chick
don't call her wifey if you met her at the freaknick
you don't want her don't waste her time, I'll dupe her
oh and be a father to ya child like the ""Super!""
he keep his hoes in check
sends 'em out to get glows from off frozen necks
tell 'em take his clothes, leave him posin nekkid for real
better yet, get 'em for the check off the record deal
find out where he keep the tek an the blue steel
make sure for extra wreck let 'em know how you feel
and while he's runnin down to all star weekend to ball
I'm comin with the U-HAUL!(Super!)
(..Super!) (...Super!)",0.18831568956375122,0.1530907303094864,0.039306480437517166,0.22293315827846527,0.02265114337205887,0.04560486972332001,0.328097939491272,1,1,92.18,0.61,0.95
MF DOOM,Rapp Snitch Knishes,"Yo! (Yo!)
MF DOOM (Mr. Fantastik)
Mr. Fantastik (Villain)
What up, nigga? (Ain't nuttin; what's the word?)
What's cracking, boy? (Same ol' shit, kid)
Man (Different day, you know?)
These rap snitches, man, shit is bugged out, man
What the fuck, man? (Shit, you telling me)
Niggas running their mouth, telling e'rything, e'rything (Critical)

Rap snitches, telling all their business
Sit in the court and be their own star witness
""Do you see the perpetrator?"" Yeah, I'm right here
Fuck around, get the whole label sent up for years, uh
Rap snitches, telling all their business
Sit in the court and be their own star witness
""Do you see the perpetrator?"" Yeah, I'm right here
Fuck around, get the whole label sent up for years

Type profile low, like A in Paid in Full
Attract heavy cash cause the game's centrifugal
Mr. Fantastik, long dough like elastic
Guard my life with twin Glocks that's made out of plastic
Can't stand a brown-nosing nigga, fake ass bastard
Admiring my style, tour bus through Manhattan
Plotting, plan the quickest, my flow's the sickest
My hoes be the thickest, my dro the stickiest
Street nigga, stamped and bonafide
When beef jump niggas come get me cause they know I ride
True to the ski mask, New York's my origin
Play a fake gangsta like an old accordion
According to him, when the D's rushed in
Complication from the wire, testimony was thin
Caused his man to go up north, the ball hit 'em again
Lame rap snitch nigga even told on the Mexican

Rap snitches, telling all their business
Sit in the court and be their own star witness
""Do you see the perpetrator?"" Yeah, I'm right here
Fuck around, get the whole label sent up for years
Rap snitches, telling all their business
Sit in the court and be their own star witness
""Do you see the perpetrator?"" Yeah, I'm right here
Fuck around, get the whole label sent up for years

True, there's rules to this shit, fools dare care
Everybody wanna rule the world with tears for fear
Yeah, yeah, tell 'em tell it on the mountain hill
Running up they mouth bill, everybody doubting still
Informer, keep it up and get tested
Pop through your bubble vest or double-breasted
He keep a lab down south in the little beast
So much heat you woulda thought it was the Middle East
A little grease always keeps the wheels a-spinning
Like sitting on twenty threes to get the squealers grinning
Hitting on many trees, feel real linen
Spitting on enemies, get the steel for tin men
Where no brains but gum flap
He said his gun clap, then he fled after one slap (Pap!)
Son, shut your trap, save it for the bitches
Mmm, delicious, rapp snitch knishes

You know what I'm saying? (It's terrible)
Crazy, man, I'm just analyzing this whole game
This is bugged out, man, niggas is snitching
Telling on they own self (It's a horror, yo)
Fuck around and get everybody bagged, man
(Atrocities) Fuck around and get yo mama bagged, nigga
You know your grandmama used to be bootlegging
Fake hustling nigga, heheheheh, haha
Perpetrator? Yeah, I'm right here...",0.02677123434841633,0.005266332533210516,0.010269281454384327,0.5430991649627686,0.0352453738451004,0.34888359904289246,0.030465057119727135,7,1,95.05,0.83,0.83
MF DOOM,Rhymes Like Dimes,"(feat. Cucumber Slice)

Yo, yo, yo, y'all can't stand right here
In his right hand was your man's worst nightmare
Loud enough to burst his right eardrum close-range
The game is not only dangerous, but it's most strange
I sell rhymes like dimes
The one who mostly keep cash but brag about the broker times
Joker rhymes, like the ""Is you just happy to see me?"" trick
Classical slap-stick rappers need Chapstick
A lot of 'em sound like they in a talent show
So I give 'em something to remember, like the Alamo
Tally-ho! A high Joker like Spades game
Came back from five year layin' and stayed the same
Sayin' - electromagnetic feeling blocks all logic, Spock
And G- shocks her biological clock
When I hit it, slit her to the shitter, thought I killed her goose
Her Power-Use was pure Brita water, filtered juice
Keep a pen like a fiend keep a pipe wit' 'im
Gentleman who lent a pen to a friend who write wit' 'im
Never seen the shit again, but he's still my dunny
Only thing that come between us is krill and money
I sell rhymes like dimes
The one who mostly keep cash but brag about the broker times
Better rhymes make for better songs, and that is not
If you got a lot of what it takes just to get along
Surrender now or suffer serious setbacks
Got get-back, connects wet-back, get stacks
Even if you gots to get jet-black, head to toe
To get the dough, battle for bottles of Mo' or 'dro
This rhyme flow take practice like Tae Bo
With Billy Blanks
""Oh, you're too kind!"" ""Really? Thanks.""
To the gone and lost forever like ""O My Darling Clementine""
He hold his heart when he tellin' rhymes
When it's his time, I hope his soul go to Heaven
He's nasty like the old time Old Number Seven
You still taste it when you chase it with the Coca-Cola
Make you wish they coulda erased out the Motorola
I told her - no credit for it back
If you want what they got, then go get it, it's all gak
Only in America could you find a way to make a healthy buck
And still keep your attitude on self-destruct
I sell rhymes like dimes
The one who mostly keep cash, but tell about the broke times
Joker rhymes, like the ""Is you just happy to see me?"" trick
Classical slap-stick rappers need Chapstick
A lot of them sound like they in a talent show
So I give 'em something to remember like the Alamo
Tally-ho! High Joker like Spades game
Came back from five years layin' - stayed the same
Sayin' - electromagnetic field will block all logic, Spock
And G-shock her biological clock
When I hit her, slit her to the shitter, thought I killed her goose
Her Power-Use was pure Brita water, filtered juice
Keep a pen like a fiend keep a pipe wit' 'im
Gentleman who lent a pen to a friend who write wit' 'im
Never seen the shit again, but he still my dunny
Only thing that come between us, is krill and money
We sell rhymes like dimes
The one who mostly keep cash but tell about the broke times

[Bobbito a/k/a Cucumber Slice]
Check it out, ch'all! Ya don't stop! Keep on, to the sure shot!
Huh-ha!
Uh, uh, uh, uh, oh!
Yeah, you're listening to the buttery slickness
The Land-O-Lakes from my man MF Doom!
Ha ha ha ha! Yeah!
Rock-shockin' the house, with another nugget
Uh-uh-ah, eh, oh, ah, hoo-wee!
Yeah!
Regulation status, right here, Fondle 'Em Recordings
1999
Yeah!
Now what are you 'posed to say on the end of records?
I don't know! Yeah!
Whoo! Yeah!
Mashed potatoes
Applesauce
Buttery... biscuits
And I get lost
A yes, yes, yes y'all
You don't stop
Keep on... a' to the breakadawn
Say what?
Uh!
Yeah!
You thought it all was over!
You thought the song was over!
Ah! We tricked you, we tricked you
Ha ha ha ha... Whoo!
You're listening to www.hairline.com
MF Doom, Cool Bob Love...",0.04973997175693512,0.006908695213496685,0.009714175947010517,0.08053991943597794,0.639312207698822,0.1682492047548294,0.04553581029176712,0,1,99.95,0.75,0.76
MF DOOM,Vomitspit,"IT's the beat
He hear it in his sleep sometime
Blare it in your jeep so your peoples can stare at them rhymes
Real rhymes not your everyday hologram
Even when ribs were touchin never swallowed the Ham
He'd rather eat a sand sandwich salad
It might need salt like your mans bland ballad
A lot of stuff happens that the news won't tell yous
Loose all L juice
Snooze all hell loose
Rake it
Take it like the good, the bad, the ugly
Break it rollin through ya hood in the cadi buggy
Butter softy, leather flossy, fatty juggy
Always threw me off when she told me daddy funk me
I'm like anywho's
Seeds walkin all out in street with out any shoes
I guess it's better than some funky socks
You need to get her some skips before she catch the monkey pocks
Instead she wants to hear the beatbox
Take pills and make fake krills as sheetrock
Sing it
Bring it back to your laboratory
While he's in his oratory
Glorious like a horror story
The mask is like Jason
They told the place not to let the basket type case in
He could be some kind of wacko
Waiting for the chance to heat the pipes like a crack hoe
He busted in
Blessed be the lord
Who believe any mess then read up on the message board
If so I got bridges for the low low
Same bitch a go dry snitchin to the popo
Yeah orange peal stoges for the hotel
Feel like I have been gone over a year came home to old gear
It was the shit when I first scooped it
At least I get to sit out in New York and curse stupid
Plead the fifth
Sip wine stiffly
Patiently come up and be spiffy in a jiffy
Gift for the grind
Criminal mind shifty
Swift with the nine through a fifty nine fifty
Well edjumacated he heard it when he meditated
In deep data had her hate the create plata
Dedicated cheap skata who keeps data
Sage stayed self medicated and sleep later
Side effects is similar to sugar pill
Who eva go next on the mic he put a bugger ewwww
And made his exit on some calm shit
Begged him on the regular for kegs of more Vomitspit",0.247247114777565,0.016972731798887253,0.0665760189294815,0.16302934288978577,0.04829712212085724,0.4296501874923706,0.028227563947439194,10,0,92.99,0.83,0.84
A Tribe Called Quest,Can I Kick It?,"[Q-Tip]
Can I kick it? (Yes, you can!) *7X*
Well, I'm gone (Go on then!)

Can I kick it? To all the people who can Quest like A Tribe does
Before this, did you really know what live was?
Comprehend to the track, for it's why cuz
Gettin measures on the tip of the vibers
Rock and roll to the beat of the funk fuzz
Wipe your feet really good on the rhythm rug
If you feel the urge to freak, do the jitterbug
Come and spread your arms if you really need a hug
Afrocentric living is a big shrug
A life filled with *HORN* that's what I love
A lower plateau is what we're above
If you diss us, we won't even think of
Will Nipper the doggy give a big shove?
This rhythm really fits like a snug glove
Like a box of positives is a plus, love
As the Tribe flies high like a dove

[Phife Dawg]
Can I kick it? (Yes, you can!) *7X*
Well, I'm gone (Go on then!)

Can I kick it? To my Tribe that flows in layers
Right now, Phife is a poem sayer
At times, I'm a studio conveyor
Mr. Dinkins, would you please be my mayor?
You'll be doing us a really big favor
Boy this track really has a lot of flavor
When it comes to rhythms, Quest is your savior
Follow us for the funky behavior
Make a note on the rhythm we gave ya
Feel free, drop your pants, check your ha-ir
Do you like the garments that we wear?
I instruct you to be the obeyer
A rhythm recipe that you'll savor
Doesn't matter if you're minor or major
Yes, the Tribe of the game, rhythm player
As you inhale like a breath of fresh air",0.23527444899082184,0.0225459486246109,0.025151576846837997,0.21464213728904724,0.2633049488067627,0.13760335743427277,0.10147764533758163,11,1,96.61,0.42,0.51
A Tribe Called Quest,Electric Relaxation,"Relax yourself girl, please set-tle down

[Verse 1: Q-Tip & Phife Dawg]

Honey, check it out, you got me mesmerized
With your black hair and your fat-ass thighs
Street poetry is my everyday
But yo, I gotta stop when you trot my way
If I was working at the club you would not pay
Aiyyo, my man Phife Diggy, he got something to say

I like 'em brown, yellow, Puerto Rican or Haitian
Name is Phife Dawg from the Zulu Nation
Told you in the jam that we can get down
Now let's knock the boots like the group H-Town
You got BBD all on your bedroom wall
But I'm above the rim and this is how I ball
A gritty little something on the New York street
This is how I represent over this here beat
Talking 'bout you

Yo, I took you out
But sex was on my mind for the whole damn route
My mind was in a frenzy and a horny state
But I couldn't drop dimes cause you couldn't relate

Relax yourself girl, please set-tle down

[Verse 2: Q-Tip & Phife Dawg]

Stretch out your legs, let me make you bawl
Drive you insane, drive you up the wall
Staring at your dome-piece, very strong
Stronger than pride, stronger than Teflon
Take you on the ave and you buy me links
Now I wanna pound the poontang until it stinks
You can be my mama and I'll be your boy

Original rude boy, never am I coy
You can be a shorty in my ill convoy
Not to come across as a thug or a hood
But hon, you got the goods, like Madelyne Woods
By the way, my name's Malik
The Five-Foot Freak
Let's say we get together by the end of the week
She simply said, ""No"", labelled me a ho
I said, ""How you figure?"" ""My friends told me so""
I hate when silly groupies wanna run they yap
Word to God, hon, I don't get down like that
I'll have you weak in the knees that you could hardly speak
Or we could do like Uncle L and swing an ep in my jeep
Keep it on the down, yo, we keep it discreet
See, I'm not the type of kid to have my biz in the streets

If my mom don't approve, then I'll just elope
Let me save the little man from inside the boat
Let me hit it from the back, girl I won't catch a hernia
Bust off on your couch, now you got Seaman's Furniture

Shaheed, Phife and the Extra P
Stacy Beadle, PJ and my man L.G
They know the Abstract is really soul on ice
The character is of men, never ever of mice
Shorty let me tell you about my only vice
It has to do with lots of loving and it ain't nothing nice

Relax yourself girl, please set-tle down

Keep bouncing",0.1598455160856247,0.021783366799354553,0.028403492644429207,0.49060070514678955,0.13222640752792358,0.12313422560691833,0.044006332755088806,11,1,98.24,0.53,0.84
A Tribe Called Quest,Check the Rhime,"Q: Back in the days on the boulevard of Linden,
we used to kick routines and presence was fittin'.
It was I the abstract
P: And me the five footer.
I kicks the mad style so step off the frankfurter.
Q: Yo, Phife, you remember that routine
that we used to make spiffy like mister clean?
P: Um um, a tidbit, um, a smidgen.
I don~t get the message so you gots to run the pigeon.
Q: You on point Phife?
P: All the time, tip.
Q: You on point Phife?
P: All the time, tip.
Q: You on point Phife?
P: All the time, tip.
Q: Well, then grab the microphone and let your words rip.
P: Now here's a funky introduction of how nice I am.
Tell your mother, tell your father, send a telegram.
I'm like an energizer 'cause, you see, I last long.
My crew is never ever wack because we stand strong.
Now if you say my style is wack that's where you're dead wrong.
I slayed that body in El Segundo then push it along.
You'd be a fool to reply that Phife is not the man
'cause you know and I know that you know who I am.
A special shot of peace goes out to all my pals, you see.
And a middle finger goes for all you punk MC's.
'Cause I love it when you wack MC's despise me.
They get vexed, I roll next, can~t none contest me.
I'm just a fly MC who's five foot three and very brave.
On job remaining, no I'm chaining cause I misbehave.
I come correct in full effect have all my hoes in check.
And before I get the butt the jim must be erect.
You see, my aura~s positive I don't promote no junk.
See, I'm far from a bully and I ain't a punk.
Extremity in rhythm, yeah that's what you heard.
So just clean out your ears and just check the word.

Q: Check the rhyme y'all.
Check the rhyme y'all.
Check the rhyme y'all.
Check the rhyme y'all.
Check the rhyme y'all.
Check the rhyme y'all.
Check it out.
Check it out.
Check the rhyme y'all.
Check the rhyme y'all.
Check the rhyme y'all.
Play tapes y'all.
Check the rhyme y'all.
Check the rhyme y'all.
Check it out.
Check it out.

P: Back in days on the boulevard of Linden,
we used to kick routines and the presence was fittin'
It was I the Phifer,
Q: And me, the abstract.
The rhymes were so rumpin' that the brothers rode the 'zack.
P: Yo, tip you recall when we used to rock
Those fly routines on your cousin~s block.
Q: Um, let me see, damn I can't remember.
I receive the message and you will play the sender.
P: You on point Tip?
Q: All the time Phife.
P: You on point Tip?
Q: Yeah, all the time Phife.
P: You on point Tip?
Q: Yo, all the time Phife.
P: So play the resurrector and give the dead some life.
Q: Okay, if knowledge is the key then just show me the lock.
Got the scrawny legs but I move just like Luke Brock,
With speed. I'm agile plus I'm worth your while.
One hundred percent intelligent black child.
My optic presentation sizzles the retina.
How far must I go to gain respect? Um.
Well, it's kind of simple, just remain your own
Or you'll be crazy sad and alone.
Industry rule number four thousand and eighty,
record company people are shady.
So kids watch your back 'cause I think they smoke crack,
I don't doubt it. Look at how they act.
Off to better things like a hip-hop forum.
Pass me the rock and I'll storm with the crew and ...
Proper. What you say Hammer? Proper.
Rap is not pop, if you call it that then stop.

NC, y'all check the rhyme y'all.
SC, y'all check it out y'all.
Virginia, check the rhyme y'all.
Check it out. Out.
In London, check the rhyme, y'all.",0.5796130299568176,0.012445329688489437,0.011867918074131012,0.13485953211784363,0.018886029720306396,0.20524479448795319,0.03708333894610405,11,0,96.43,0.36,0.8
A Tribe Called Quest,Jazz,"[Chorus]
We got the jazz
We got the jazz
We got the jazz
We got the jazz

Stern firm and young with a laid-back tongue
The aim is to succeed and achieve at 21
Just like Ringling Brothers, I'll daze and astound
Captivate the mass, cause the prose is profound

Do it for the strong, we do it for the meek
Boom it in your boom it in your boom it in your Jeep
Or your Honda or your Beemer or your Legend or your Benz
The rave of the town to your foes and your friends

So push it, along, trails, we blaze
Don't deserve the gong, don't deserve the praise
The tranquility will make ya unball your fist
For we put hip-hop on a brand new twist

A brand new twist with the homie-alistic
So low-key that ya probably missed it
And yet it's so loud that it stands in the crowd
When the guy takes the beat, they bowed

So raise up squire, address your attire
We have no time to wallow in the mire
If you're on a foreign path, then let me do the lead
Join in the essence of the cool-out breed

Then cool out to the music cause it makes ya feel serene
Like the birds and the bees and all those groovy things
Like getting stomach aches when ya gotta go to work
Or staring into space when you're feeling berserk

I don't really mind if it's over your head
Cause the job of resurrectors is to wake up the dead
So pay attention, it's not hard to decipher
And after the horns, you can check out the Phifer

[Chorus]

Competition, them Phifer come sideway
But competition, they mus' me come straightway
Competition, them Phifer come sideway
But competition, they mus' come straightway

Hows about that, it seems like it's my turn again
All through the years my mike has been my best friend
I know some brothers wonder, can Phifer really kick it?
Some even wanna dis me, but why sweat it?

I'm all into my music cause it's how I make papes
Tryin' to make hits, like Kid Capri makes tapes
Me sweat another? I do my own thing
Strictly hardcore tracks, not a new jack swing

I grew up as a Christian so to Jah I give thanks
Collect my banks, listen to Shabba Ranks
I sing, and chat, I do all of that
It's 1991 and I refuse to come wack

I take off my hat to other crews that intend to rock
But the Low End Theory's here, it's time to wreck shop
I got Tip and Shah, so whom shall I fear
Stop look and listen, but please don't stare

So jet to the store, and buy the LP
On Jive/RCA, cassettes and CD's
Produced and arranged by the four-man crew
And oh shit, Skiff Anselm, he gets props too

Make sure you have a system with some phat house speakers
So the new shit can rock, from Mars to Massapequa
Cause where I come from quality is job one
And everybody up on Linden know we get the job done

So peace to that crew, and peace to this crew
Bring on the tour, we'll see you at a theater nearest you

[Chorus]

Hey yo but wait, back it up, hup, easy back it up
Please let the Abstract embellish on the cut

Back and forth just like a Cameo song
If you dig this joint then please come dance along
To the music cause it's done just for the rhyme
Now I gotta scat and get mine, underline

The jazz, the what? The jazz can move that ass
Cause the Tribe originates that feelin' of pizzazz
It's the universal sound, best to brothers underground
In the one-six below, ya didn't have to go

Some say that I'm a sinner cause I once had an orgy
And sometimes for breakfast I eat grits and porgies
If this is a stinker, then call me a stink, I ask
""What? What? What?"" now check it out

All my peoples in Queens ya don't stop
Now all my peoples in Brooklyn ya don't stop
And all my peoples uptown ya don't stop
That includes the Bronx a' Harlem ya don't stop

Now to that girl Ramelle ya don't stop
I say because Ladies First ya don't stop
And to the JB's, ya don't stop
And De La Soul, ya don't stop

To my Brand Nubians ya don't stop
And to my Leaders of the New ya don't stop
To my man Large Professor ya don't stop
Pete Rock for the beat ya don't stop

Everybody in the place ya don't stop
Ya keep it on, to the rhythm, ya don't stop
And last but not least on the sure shot
It's the Zulu nation
---
""Jazz"" as written by Kamaal Ibn John Fareed, Malik Izaak Taylor, Ali Shaheed Jones-muhammad
Lyrics © Universal Music Publishing Group, EMI Music Publishing
Lyrics powerd by LyricFind",0.648601233959198,0.21981963515281677,0.043819621205329895,0.02294830046594143,0.02952810376882553,0.01299354899674654,0.022289499640464783,11,1,92.46,0.48,0.72
A Tribe Called Quest,Buggin' Out,"[Phife Dawg]
Yo, microphone check one two what is this
The five foot assassin with the ruffneck business
I float like gravity, never had a cavity
Got more rhymes than the Winans got family
No need to sweat Arsenio to gain some type of fame
No shame in my game cause I'll always be the same
Styles upon styles upon styles is what I have
You wanna diss the Phifer but you still don't know the half
I sport New Balance sneakers to avoid a narrow path
Messin round with this you catch ?the sizin of em?
I never half step cause I'm not a half stepper
Drink a lot of soda so they call me Dr. Pepper
Refuse to com-pete with BS competition
Your name ain't Special Ed so won't you Seckle With the Mission
I never walk the streets, think it's all about me
Even though deep in my heart, it really could be
I just try my best to like go all out
Some might even say yo shorty black you're buggin' out

[Q-Tip]
Uhhh, uhhh, uhhh, uh!
Zulu Nation, brothers that's creation
Minds get flooded, ejaculation
right on the two inch tape
The Abstract poet incognito, runsss the cape
Not the best not the worst and occasionally I curse to get my
point across, so bust, the floss
As I go in betweeen, the grit and the dirt
Listen to the mission listen Miss as I do work, umm
as I crack the, monotone
Children of the jazz so, get your own
Smokin R&B cause they try to do me
or the best of the pack but they can't do rap
For it's Abstract, orig-inal
You can't get your own and that's, pitiful
I know I'd be the man if I cold yanked the plug
on R&B, but I can't and that's bugged

Buggin out, buggin out, buggin out you're buggin out (repeat 8X)

[Phife Dawg]
Yo when you bug out, you usually have a reason for the action
Sometimes you don't it's just for mere satisfaction
People be houndin, always surroundin
Pulsin, just like a migraine poundin
You don't really fret, you stay in your sense
?Comafied? your feeling, of absolute tense
You soar off to another world, deep in your mind
But people seem to take that, as being unkind
""Oh yo he's acting stank,"" really on a regal?
A man of the fame not a man of the people
Believe that if you wanna but I tell you this much
Riding on the train with no dough, sucks
Once again a case of your feet in my Nike's
If a crowd is in my realm I'm saying -- mic please
Hip-hop is living, can't yank the plug
if you do the result, will end up kind of bugged

[Q-Tip]
Yo, I am not an invalid although I used to smoke the weed out
Ali Shaheed Muhammad used to say I had to be out
Schemin on the cookies with the crazy boomin back buns
Pushin on the real ?hardest? so we can have the big fun
When I left for Rosie I was Boulevard status
Battling a MC was when Tip was at his baddest
It was one MC after one MC
What the world could they be wanting see from little old me
Do I have the formula to save the world?
Or was it just because I used to swipe the women and all the girls
I'm the type of brother with the crazy extended hand kid
Dissed by all my brothers I was all up what my man did
Supposed to be my man but now I wonder cause you're feeble
I go out with the strongest and I seperate the evils
it's your brain against my mind, for those about to boot out
All you nasty critters even though you see I bug out

Buggin out, buggin out, buggin out you're buggin out (repeat 8X)",0.433401882648468,0.024207381531596184,0.37750402092933655,0.023902663961052895,0.02948126196861267,0.05735566467046738,0.0541471503674984,10,0,96.15,0.42,0.58
A Tribe Called Quest,Excursions,"Back in the days when I was a teenager
Before I had status and before I had a pager
You could find the Abstract listening to hip hop
My pops used to say, it reminded him of Bebop
I said, well daddy don't you know that things go in cycles
Way that Bobby Brown is just amping like Michael
Its all expected, things are for the looking
If you got the money, Quest is for the booking
Come on everybody, let's get with the fly mode
Still got room on the truckload of black boom
Listen to the rhymes, then get a mental picture
Of this black man, and black woman fixture
Why do I say that, cos I gotta speak the truth, man
Doing what we feel for the music is the proof and
Planted on the ground, the act is so together
Bona fide strong, you need leverage to sever
The unit, yes the unit, yes the unit called the jazz is
Delivering each year an LP filled with street goods
You can find it on your rack in your record store
If you get the record, say your thoughts are adored
And appreciated, cos we're ever so glad we made it
We work hard, so we gotta thank God
Dishing out the plastic, do the dance till you're spastic
If you dis... it gets drastic
Listen to the rhyme, cos it's time to make gravy
If it moves your booty, then shake, shake it baby
All the way to Africa aka The Motherland
Stick out the left, then I'll ask for the other hand
That's the right hand, Black Man
Only if you are noted as my man
If I get the credit, then I think I deserve it
If you fake moves, don't fix your mouth to word it
Get in the zone of positivity, not negativity
Cos we gotta strive for longevity
If you botch up, what's in that [ass]
A pair of Nikes size ten-and-a-half

We gotta make moves
Never, ever, ever could we fake moves (Come on, come on)
We gotta make moves
Never, ever, ever could we fake moves (Come on, come on)
We gotta make moves
Never, ever, ever could we fake moves (Come on, come on)
We gotta make moves
Never, ever, ever could we fake moves (Come on, come on)

Time, time is a ship on a merciless sea
Drifting toward an average of nothingness
Until it can be retarded for its own destiny
Time is an inanimate object
Praying and praying and praying with no justification for relief
Time is dancing, boogalooing away all memories of past..

We gotta be a winner all the time
Can't fall prey to a hip hop crime
With the dope raps and dope tracks we move blocks
From the fly girlies to the hardest of the rocks
Musically the Quest, is on the rise
We on these excursions so you must realize
That continually, I pop my Zulu [shit]
If you don't like it, get off the Zulu tip
So what can you do in the times which exist
You can't fake moves on your brother or your sis
But if your sis is a [bitch], brother is a jerk
Leave 'em both alone and continue with your work
Whatever it may be in today's society
Everything is fair, least that's how it seems to me
You must be honest and true to the next
Don't be phony and expect one not to flex
Especially if you rhyme, you have to live by the pen
Your man is your man, then treat him like your friend
All it is, is the code of the streets
So listen to the knowledge being dropped over beats
Beats that are hard, beats that are funky
They could get you hooked like a crackhead junkie
What you gotta do is know the Tribe is in the sphere
The Abstract Poet, prominent like Shakespeare
(Or Edgar Allan Poe or Langston Hughes)

We gotta make moves
Never, ever, ever could we fake moves (Come on, come on)
We gotta make moves
Never, ever, ever could we fake moves (Come on, come on)
We gotta make moves
Never, ever, ever could we fake moves (Come on, come on)
We gotta make moves
Never, ever, ever could we fake moves (Come on, come on)

Time is running out on black power advocates in the day
And white thigh supporters at night
Every time you see them they're chasing some white woman
With their tongue hanging out
Time is running and passing, passing and running
Running and passing, passing and running...",0.7982584834098816,0.015161029994487762,0.013335403986275196,0.07777291536331177,0.04801177233457565,0.025438601151108742,0.02202174998819828,11,1,95.75,0.61,0.71
A Tribe Called Quest,Award Tour,"We on Award Tour with Muhammad my man
Going each and every place with the mic in their hand
New York, NJ, NC, VA
We on Award Tour with Muhammad my man
Going each and every place with the mic in their hand
Oaktown, LA, San Fran, St. John

People give your ears so I be sublime
It's enjoyable to know you and your concubines
Niggas, take off your coats, ladies act like gems
Sit down, Indian style, as we recite these hymns
See, lyrically I'm Mario Andretti on the MoMo
Ludicrously speedy, or infectious with the slow-mo
Heard me in the eighties, J.B.'s on ""The Promo""
In my never-ending quest to get the paper on the caper
But now, let me take it to the Queens side
I'm taking it to Brooklyn side
All the residential Questers who invade the air
Hold up a second son, cause we almost there
You can be a black man and lose all your soul
You can be white and groove but don't crap the role
See my shit is universal if you got knowledge of dolo
Or delf or self, see there's no one else
Who can drop it on the angle, acute at that
So, do that, do that, do do that that that (come on)
Do that, do that, do do that that that (OK)
Do that, do that, do do that that that
I'm bugging out but let me get back cause I'm wetting niggas
So run and tell the others cause we are the brothers
I learned how to build mics in my workshop class
So give me this award, and let's not make it the last

We on Award Tour with Muhammad my man
Going each and every place with the mic in their hand
New York, NJ, NC, VA
We on Award Tour with Muhammad my man
Going each and every place with the mic in their hand
Oaktown, LA, San Fran, St. John

Back in '89 I simply slid in the place
Buddy, buddy, buddy all up in your face
A lot of kids was busting rhymes but they had no taste
Some said Quest was wack, but now is that the case?
I have a quest to have a mic in my hand
Without that, it's like Kryptonite and Superman
So Shaheed come in with the sugar cuts
Phife Dawg's my name, but on stage, call me Dynomutt
When was the last time you heard the Phife sloppy
Lyrics anonymous, you'll never hear me copy
Top notch baby, never coming less
Sky's the limit, you gots to believe up in Quest
Sit back, relax, get up out the path
If not that, here's a dancefloor, come move that ass
Non-believers, you can check the stats
I roll with Shaheed and the brother Abstract
Niggas know the time when Quest is in the jam
I never let a statue tell me how nice I am
Coming with more hits than the Braves and the Yankees
Living mad phat like an oversized mampi
The wackest crews try to diss, it makes me laugh
When my track record's longer than a DC-20 aircraft
So, next time that you think you want somethin here
Make something def or take that garbage to St. Elsewhere

We on Award Tour with Muhammad my man
Going each and every place with the mic in their hand
New York, NJ, NC, VA
We on Award Tour with Muhammad my man
Going each and every place with the mic in their hand
Oaktown, LA, San Fran, St. John

Seven times out of ten we listen to our music at night, thus spawned the title of this program
The word maraud means to loot
In this case, we maraud for ears",0.45501580834388733,0.41956138610839844,0.013396667316555977,0.021612033247947693,0.011552994139492512,0.03901434317231178,0.039846714586019516,7,1,97.34,0.6,0.56
A Tribe Called Quest,Butter,"1988 Senior Year, Garvey High
Where all the guys were corny but the girls were mad fly
Lounging with the Tipster, cooling with Sha
Scoping out the honeys - they know who they are
I was the b-ball playing, fly rhyme saying
Fly girl getting but never was I sweating
Cause when it came to honeys I would go on a stroll
Until I met my match - her name was Flo
Yeah, I messed around with the one called Flo
All the troopers round the way used to call her a ho
But deep down in my heart I knew that Flo was good to go
Cause I thought it was me like Bell Biv Devoe
But little did I know that she was playing with my mind
The only thing I learned is good girls are hard to find
I feel like Heavy D I need somebody for me
Not someone whose mind is blank and trying to juice me for my banks
Swinging with my main man Lucky behind my back
What type of crap is that - yo, how's about a smack?
Word life, I can't front, thought I was all that
But now it seems, I've met my match
I was a stone cold lover, you couldn't tell me jack
Settling down with one girl, wasn't trying to hear that
I had Tonya, Tamika, Sharon, Karen, Tina, Stacy, Julie, Tracy
Used to love 'em, leave 'em, skeeze 'em, tease 'em
Find 'em, lose 'em - also abuse 'em
My whole attitude was new day, next hon
And believe it or not, they all got done
Well here comes Flo, with the crazy whip appeal
And I'm all true man, like Alexander O'Neal
Is this really love, then again how would I know
After all this time trying to be a Super Ho
She finally played me, but yo I'd find another
Cause I got the crazy game and yo, I'm smooth like butter

It's like butter, it's like butter baby
(x6)
Not no Parkay, not no margarine
Strictly butter, strictly butter, baby

I remember when girls were goodie two shoes but now they turning freaks
All of a sudden (""We love you Phife"")
Ease off ho, my name's Malik
Phife this, Phife that, where you going, where you at
These girls don't know me from jack, yet I feel like the Mack
You didn't want me then, so yo hon, don't want me now
Here, Here - take the towel, wipe off your brow
And take the contact out your eye, you're far from looking fly
You get an E for effort, and T for nice try
Now tell me what's the reason, for dying your hair
Slum village gold still dangling in your ear
You barely have a neck but still sporting a rope
Four-finger ring just so Phife can scope
You looked in the mirror, didn't know what to do
Yesterday your eyes were brown but today they are blue
Your whole appearance is a lie and it could never be true
And if you really liked yourself then you would try and be you
If your hair and eyes were real, I wouldn't have dissed ya
But since it was bought, I had to dismiss ya
But if you can't achieve it, then why not try and weave it
If you can't extend it then you might as well suspend it
If you can't braid it, best thing to do is fade it
I asked who did your hair and you tell me Diane made it
If you were you and just you, talk to you, maybe
But I can't stand, no bionic lady
Trying hard to look fly, but yo, you're looking dumber
If I wanted someone like you I would've swung with Jaime Sommers
You wanna be treated right, see Father MC
Or check Ralph Tresvant, for sensitivity
Cause I am not the one, I got more game than Parker Brothers
Phife Dog is on the mic and I'm smooth like butter",0.11795651912689209,0.014660305343568325,0.009529512375593185,0.10389534384012222,0.03190184757113457,0.017104029655456543,0.7049524188041687,7,1,92.05,0.38,0.47
Freddie Gibbs,Something to Rap About,"Bitch
Nigga
Nigga bitch
Oogie-boogie nigga
Sniff it up
Fuck nigga came to my section on Sunday, didn't even bring shit or bottles, just ate, drank and dipped, fuck nigga
Ayy, ayo

Scammin' niggas maxin' out, ratchet bitches actin' out
God made me sell crack, so I had somethin' to rap about
Lobster lollipops and crustaceans, ho what you mad about?
I fucked you twice in Vegas, that pussy wasn't shit to brag about
And I can't draw for shit, but I knocked a bitch that I paid to sit
Magnums and some sweet Airmatics, yeah, bitch I came equipped
I'm don't do no sucker shit, no ho mistletoe and Christmas exchanging gifts
She don't like it, bitch can punch out, niggas be changin' shifts, yeah
You niggas bringin' out the old me (Old me)
I'm tryna live to 93 and see the old me
When I touched that crack, I let them crackers take control of me
Serve the piece, caprice, ain't got no heat, man, it was cold G
Record labels downed me forty thousand on my first advance
Fucked up on my taxes, IRS kept me on payment plans
Crime fuckin' pays, but once you paid, you gotta pay the man
Straight survival, right hand on the Bible, I won't take the stand, yeah
VL niggas trap it out
Lord let me hit this ho, so I have something to rap about
Been through shit with hoes that I look back and I can laugh about
This shit wasn't no joke, sittin' in that cage, this shit was draggin' out
Diego trippin' cause I'm sittin', ain't no package out
You robbed the plug, kicked in the door and cleaned the mattress out
Right back in the trap, these niggas bringin' out the old me
I'm tryna live to ninety-three to see the old me

Ayo
Nail is in the coffin, Freddie sent me this shit
This sound like the boat I haven't bought yet
This sound like the moment I jump off it
Sun shinin', cold water, feelin' in my pocket
This lake water better than the faucet I grew up with
We hold our breath like grudges 'til we nauseous
We hop out, let the sun dry us, like raisins
We get dressed in some Gucci or Lacoste, shit it's amazing
We look like Polo ads but skin is dark and-
I gotta move cautious, 'cause niggas malicious, they come from the trenches
I used to be a Goblin under them bridges, now I'm a businessman
I started gettin' mula as young and now I got bigger hands
To hold them, if I got too much on me, I know my niggas can
I keep my circle tight like tops, nothin' corn, no crops
You messy and get cleaned up with the mop
I went to school and I ain't miss it a lot
So I can be around niggas like you and learn how to keep my distance
I, cut some niggas off on some hater shit niggas said to me
R.I.P. T's 'cause these motherfuckers is dead to me
Nail is in the coffin murder, murder
I'm sick of y'all niggas and I ain't coughin', I know me
Y'all often anxious, lost in y'all thoughts and I don't relate
So keep that energy away from me
Don't blame me, 'cause you ain't got it figured out
You ain't got the bigger house, the jig is up
You jealous dawg, my afro long, I'll pick it out
Like cotton on some basic, shit is off
We ain't adjacent
I'm grounded like the pavement, we ain't linkin' like the bracelet broke
Better get your wrist that hold, on that thought, you gettin' gold
The fuck away, 'cause niggas'll get they faces broke
I just got a thumbs up and niggas go like ""Good job""
You better find a shoe store and get your sole
Get it quick and slip it on
And I'll be in Mykonos, lemonade, sippin' slow
Jumpin' in the water off that boat I haven't bought yet (Bitch)

One take
Let me hear that
I meant to say Mykonos (haha)
I think a thing is dying from alcohol but I'm afraid
But if you write dope shit, it doesn't do any good what you die
It is to teach these parents to be civilized people, becau-",0.038288217037916183,0.01308755949139595,0.029306989163160324,0.6055351495742798,0.03075033240020275,0.2674139440059662,0.015617737546563148,5,1,56.05,0.52,0.41
Freddie Gibbs,1985,"My brother said, ""Don't say that""
I said, ""Fuck that, I'm gon' get a whoopin' anyway!
It don't make no goddamn difference.""
Fuck that, I'm not goin' to find shit
What your mom say? ""Take the garbage out, what the fuck?""
(Yeah) Yeah, don't lose the beat motherfucker
Take the garbage out
Yeah-yeah, I just upped the flows to the God level, nigga, what
Yeah
Yeah-yeah
Finna up the flows to the God level, nigga, what
Yeah, check-check
Yeah, mic check-check
Yeah, nigga, check-check
Yeah, bitch, check-check
Yeah, yeah

Quarter thang to a whole thang, whole gang workin' (Yeah)
Hit a bitch with that extended clip or that revolver
Shit'll serve the same purpose (Bang, bang)
Geekers beamin' up to Scotty in my crack lobby
I can smell the 'caine burnin'
Michael Jordan, 1985, bitch, I travel with a cocaine circus
Put them F'in Xs on your clowned ass
Catch a nigga up and leave him down bad
I go get a pack and take a nigga town
And fuck his bitches with my out-of-town ass
Bomb on niggas like Nagasaki
Rocket next to my pocket, hot like hibachi
Drop the check on the bitch
Man, these niggas be lookin' like baby mommas in these Maseratis
Bitch, I fuck up your face with a razor
How I make sure your motherfuckin' family can't view your body
Nigga thuggin' and shit, put my blood in this shit
Prick my finger, Alfredo, Illuminati (Illuminati)
Joe Pesci, push your product
You niggas is sweeter than Joe Exotic
On the run like Assata, so fuck the police
As a nigga be chillin' in the hotbox (Hoppin' out the box)
Police caught him with a whole thang
Now they snitchin' man, whole gang workin'
Gangland, made a lane in it
Dip my name in it, it's some gang murder
All my reps in the crack files, bitch, I got 'em up out the vault
I'm the reason your mama be smokin' that Brillo and be rippin' them contenders off (Them contenders off)
Geekers beamin' up to Scotty in my crack lobby
I can smell the 'caine burnin'
Gangland, if you put a hit on Freddie 'caine it'll be a gang murder
1985, Michael Jordan, bitch, I travel with a cocaine circus
Flow God level, like when HOV speak
I make a song weep, I got the game hurt

Bitch, yeah-yeah
Flow God level, like when HOV speak
I make a song weep, I got the game hurt
Yeah, yeah-yeah
Yeah, check-check
Check-check
Mic check-check
Check-check
Niggas need a check-check, yeah
We got everybody in the house, tonight
I'll wait for my DJ to get ready
Nah",0.01949153281748295,0.004358890000730753,0.009358629584312439,0.7717296481132507,0.04188942536711693,0.14564256370067596,0.007529242429882288,0,0,130.4,0.6,0.36
Freddie Gibbs,Crime Pays,"Yeah, yeah, crime pays
Crime pays, yeah, yeah
Yeah

Crime pays, nigga, crime pays
Choppin' up the change wit' cocaine in my microwave
Made it through my home wit' my lights out I seen brighter day
Watch this shit get me high, boy, you live and you die by this game
Homeboy just caught HIV, he lived and he died by his hoe
Have we ever hit the same bitch before? Ain't nobody know
Have we ever hit the same bitch before? Wasn't nobody business
Niggas be fucking these hoes and say, ""Fuck insurances and doctor visits""

Fly like the wind, it's time to begin your life
(Say, ""Fuck insurance and doctor visits"")
You got control to stop again and do it right
Look to the sky and you will feel how to live a life that's real
To the perfect harmony, when the spirit is free
(Yeah, yeah)

Crime pays, nigga, crime pays
Choppin' up this change with cocaine in my microwave
Diamonds in my chain, yeah, I slang but I'm still a slave
Twisted in the system, just a number listed on the page
Made it through my whole month with my lights out, I seen brighter days
Watch this shit get knee high, boy, you live and you die by this game
Bitch, don't touch my body
'Cause I put your body all off in a body sling
You ain't gon' hurt nobody
Go body for body but we the body gang
The ho that you brought out to Cali
Boy she only fuckin' with you 'cause you fuckin' with Kane
Thought she was boostin' her credit
With niggas like you that just ain't got enough on their name
Thought I would front you another one
Niggas like you that just ain't got enough on the books
Talkin' that shit in the booth but when niggas come shoot at you
You couldn't do nothin' but look
My niggas done bust a four nickel on your nigga
Bust him, now he on a shit bag
His homie done borrowed a car and he got it shot up
Now I know that his bitch mad
He steadily called up my phone and you huffin' and puffin'
'Cause they at your bitch, duckin'
And Roccett done went and bought Jeezy a pair of new shoes
That nigga was dick-suckin', yeah

(Dick suckin'-ass nigga)
Fly like the wind, it's time to begin your life
(That nigga was dick suckin')
You've got control to start again and do it right
Look to the sky and you will feel how to live a life that's real
Truth and perfect harmony, when the spirit is free

Crime pays, nigga, crime pays
Yeah, crime pays, nigga, crime pays
Crime pays, nigga, crime pays",0.03707114979624748,0.005463877227157354,0.015268432907760143,0.7936092615127563,0.022502753883600235,0.1151062622666359,0.010978284291923046,6,1,146.94,0.7,0.78
Freddie Gibbs,High,"How's everybody doin' tonight?
(Alright) Haha right? I like that
Just play our tape
Live for the whole block niggas right now
'Cause we get all that

Endo, kushed out
Trillest nigga Linda ever pushed out
Never finished college like my brother or my sister
I was in the crib, laying on a kush cloud
Getting zoned out, eyes red
Momma and my daddy said my mind dead
They said I never had a clue, said the bills past due
Fuck you, nigga, you gotta remind Fred
'Cause I'm carefree, sucker-free
Remember when these niggas wouldn't fuck with me?
But now I'm on the screen and these magazines
They be trying to stop a nigga like: Smoke something, G
Can we get a couple grams? Nigga, hell, naw
Unless you come in with the cash, tried to tell y'all
I got you motherfuckers gassed on the smell, dawg
So go 'head and take a hit of what I'm 'bout to sell y'all
I gets high

I get high, I get high, I get high (I, I, I gets high)
I get high, I get high, I get high (I, I, I gets high)
I get high, I get high, I get high (I, I, I gets high)
I get high, I get high, I get high (I, I)

I get so blowed, I can't stand up
I'm in the bed with Elise and Amanda
'Cause in my shows I make them hoes put they hands up
So they came back to my room to getting rammed up
We trying to slam or what? Because I'm trying to smoke
So when I finish with these Swishers, I'll be down your throat
And two of y'all, one of me, three of us
Should I hit my niggas up? Hell naw, I'ma pound them both
'Cause this a one-man job, ain't no need for the crew
Two snow bunnies on their knees, what it do?
White snow in the crib if you need that too
Got some bitches and some bud, nigga, bring that through
I gets high

I get high, I get high, I get high (I, I, I gets high)
I get high, I get high, I get high (I, I, I gets high)
I get high, I get high, I get high (I, I, I gets high)
I get high, I get high, I get high (I, I, I gets high)

Early in the morning, getting high with crusty eyes
Rubbing on a mother, well you know it's do or die
Hopping off the porch, had to get on my grind
All because the trouble just copped to my nine
Back in the Caddy, smoking Swishers with my nigga
Make a store run, 'bout to cop-out some liquor
Burning down basements, face it
Run a bus stop, I'm trading hoes and you know we ain't paying
Midwest livin', oven open in the kitchen
Heating up the house where your shit could come up missing
Dope fiend tripping 'cause he just copped a nick
But he say he can't find it, but it's right in his pocket
All-day long, gotta get my profit
Just poured a deuce and I'm smoking on the tropic
On a different subject, lights is the topic
'Cause he talking money so, nigga, just stop it
All day long, getting high on the low
Bitch, snow bunny be sniffing that snow
Twerking that summer, I really don't know
'Cause me, Freddie Gibbs, Madlib stay blowed

I get high, I get high, I get high
I get high, I get high, I get high
I get high, I get high

Hey, are you okay?
You slobbing, you okay?
Is he okay? Are you okay?
(Ah!)
He shouldn't have smoked that dipper for real
You aight? Oh my God (aw!)
God bless, man",0.12111935764551163,0.012155908159911633,0.05382678657770157,0.3739760220050812,0.08450240641832352,0.3253209888935089,0.029098592698574066,1,1,119.19,0.81,0.61
Freddie Gibbs,Thuggin’,"Niggas be like, Fred, you ain't never lied
Fuck the rap shit my gangsta been solidified
Still do my business on the side
Bitch if you polices, then pay me no nevermind
I was thuggin' - Black and red laces in my number threes
Take a pull up off the wood and let that motherfucka breathe
Sit outside a busta crib and let that motherfucka leave
Walk his ass back in and put him on his motherfuckin' knees
Thuggin' - Never takin' no for an answer
Might just take a loss but bitch I’d rather take my chances
This liquor got me lurkin' where you live at in the night time
59 fifty to the left, but I'm in my right mind
Thuggin' - Pants gon' be saggin' til I'm 40
Still lyrically sharper than any short bus shawty
Phonies ain't gon' throw me in this Minstrel Show
These labels see how far up in they mouth my dick can go
So go'n and, choke on this meat, throw my song on repeat
Might move away one day but I'm always gonna belong to the streets

I'm straight thuggin'
And it feels so good, and it feels so right yeah
And it feels so good, and it feels so right

Cause motherfucka I'm thuggin'
Selling you the science of the street rap
Every motherfuckin' show I do is off the meat rack
I done been to jail and did my best not to repeat that
I’m tryin to feed my family, give a fuck about your feedback
Critically acclaimed, but that shit don't mean a thing
When you rocking mics and still in microwaves cooking 'caine
Never trippin' on a dame, I'm too cold for you broke hoes
Don't let the knob hit your booty when the door close, bitch
She let me hit it cause I'm thuggin'
Squares need not apply, I'm so fly I might fuck her cousin
Swiftly 'bout to stick a sweet dick in your sweetheart
Then get some groceries off my geeker EBT card
Why the Feds worried 'bout me clocking on this corner
When there's politicians out here getting popped in Arizona
Bitch I'm thuggin'

And it feels so good, and it feels so right
And it feels so good, and it feels so right
Cause motherfucka I'm thuggin'

""We’re not against rap, but we're against those thugs""
Can't be legit when every nigga in your clique sold drugs
Predicate felons in my faculty, real killers can vouch for me
Teach a kid at the crib or your children might cop an ounce from me
And smoke out in the Chevy with us, cause in the past
My low class black ass would serve my own fucking family members
I hate to say it, ain't no need to be discreet
If she don't cop from me, she get it from a nigga up the street
Cause he thuggin'
And yo she'd probably suck his dick for it
She turn't out so it ain't shit to turn a trick for it
My uncle last bitch put him on the glass dick
Tried to rob a man to feed his habit, he got blasted
I live on borrowed time, my expiration date I passed it
So lock me up forever, but this shit is everlasting
I'm thuggin'

And it feels so good, and it feels so right
And it feels so good, and it feels so right
Cause mothafucka I'm thuggin'
Bitch",0.03115876391530037,0.005453812889754772,0.019924763590097427,0.7978326082229614,0.07435815781354904,0.06512351334095001,0.006148282438516617,11,0,91.36,0.6,0.26
Freddie Gibbs,God Is Perfect,"Aight, check it out
Uh, gang, gang
Bunny Rabbit insane
Uh, Big Finball, yeah
Uh, yeah, yeah, yeah (Yeah)
It's here (Uh)
Yeah
(One, two) Yeah, yeah
(Hold up, hold up) Yeah, yeah
Kane train baby
(One, two, new flow, check it out)

Microphone check, one, two, mic checka
Still rep that block, Subhan'Allah, I pray to Mecca
All this gang shit in my vein, I got the rake, I got the blessin'
Take some measures out the brick
We press a brick, it ain't no pressure
Slippin' tiki in my kiki, I'm with Dee-Dee and Vanessa
Top-notch bitches on my roster get the most and nothin' lesser
Poppa met me in the valley, drop the ho all up with nothin'
Take some measures out the brick
We press a brick, it ain't no pressure, yessir

I didn't want to speak on this shit but it really been rackin' my brain now (Yeah, yeah)
'Cause really I fuck with this rap but my niggas still sellin' cocaine now (Huh, yeah)
Them crackers they got enough on us to go start a motherfuckin' case now (Yeah)
A nigga get hit with the R.I.C.O, they comin', they snatchin' the gang now
Big sticks longer'n a bitch, golfball holes in this shit
Big Fen ball in this bitch
'Cause with Willy brother all in the six
Had a piper, shoulda wore a diaper
When I hit him, left his draws full of shit
Niggas blow at us, they gettin' blown down
But I'll be so proud to put the dope down

For the microphone check, one, two, mic checka
Still rep that block, Subhan'Allah, I pray to Mecca
All this gang shit in my vein, I got the rake, I got the blessin'
Take some measures out the brick
We press a brick, it ain't no pressure
Yessir, microphone check, one, two, mic checka
Still rep that block, Subhan'Allah, I pray to Mecca
All this gang shit in my vein, I got the rake, I got the blessin'
Take some measures out the brick
We press a brick, it ain't no pressure, yessir

Gangland shit
Fuck around, get gangland hit
I'ma catch a little bitch while he's chillin' with his clique
Nigga where the whole gang at, bitch?
Where the watch and the chain at, bitch?
Set 'em up, yeah, I drained that bitch
I was fuckin' in the A, for like four days straight
But a nigga never claim that bitch
I be talkin' that shit like I'm bulletproof
Fuck a DM I'm sendin' them killers through
I be fuckin' with the Gs, Crips, Bloods, BDs
Man, this shit get political
Hit the John, I'm whippin' the miracle
Get the spoon, I'm scrapin' the residue
Man, I shop with Colombianos and the Mexicanos
Man, this shit get political

Rock it up then blade that shit
Dog food nigga slang that shit
Niggas shot at me and miss with the whole damn clip
Yeah, the bitch couldn't aim that shit
Nigga might get gangland hit
East side sang that shit
Niggas shot at me and miss with the whole damn clip
Yeah, the bitch couldn't aim that shit
Fuck nigga

Microphone check, one, two, mic checka
Still rep that block, Subhan'Allah, I pray to Mecca
All this gang shit in my vein, I got the rake, I got the blessin'
Take some measures out the brick
We press a brick, it ain't no pressure
Yessir, microphone check, one, two, mic checka
Still rep that block, Subhan'Allah, I pray to Mecca
All this gang shit in my vein, I got the rake, I got the blessin'
Take some measures out the brick
We press a brick, it ain't no pressure, yessir

Yo
Yo, I would like to say, you know?My man Kane smoked him, you know?
But there is supposed to be a reason when you kill somebody
Don't use somebody else for shit",0.48313698172569275,0.027428774163126945,0.03172765299677849,0.18718667328357697,0.1103588119149208,0.1336178034543991,0.02654329314827919,1,1,75.93,0.55,0.64
Run the Jewels,Legend Has It,"Hear what I say, we are the business today
Fuck shit is finished today (what)
RT & J, we the new PB & J
We dropped a classic today (what)
We did a tablet of acid today
Lit joints with the matches and ashes away
SKRRRT! We dash away
Donner and Dixon, the pistol is blastin' away

Doctors of death
Curing our patients of breath
We are the pain you can trust
Crooked at work
Cookin' up curses and slurs
Smokin' my brain into mush
I became famous for flamin' you fucks
Maimin' my way through the brush
There is no training or taming of me and my bruh
Look like a man, but I'm animal raw

We are the murderous pair
That went to jail and we murdered the murderers there
Then went to Hell and discovered the devil
Delivered some hurt and despair
Used to have powder to push
Now I smoke pounds of the kush
Holy, I'm burnin' a bush
Now I give a fuck about none of this shit
Jewel runner over and out of this bitch

Woo!
Woo!
Step into the spotlight, woo!
Woo!

Copping of uppers and downers get done
I'm in a rush to be numb
Droppin' a thousand ain't much
Come from the clouds
On a missile to turn this whole town into dust
Don't make a sound, baby, hush
I am the living swipe right on the mic, I'm a slut
I don't know how to not spit like a lout
I'll spill a pound of my kids on your couch

Half of a mongrel and mythical team
Villainous treacherous things
Legend says El is a spawn out of Hell
The myth is my mama's a murderous queen
Your life can end like in Godfather 1
You get the gun as I christen my son
If I die today and it's Hell I should pay
Tell the Lord Mikey said, ""Fuck, it was fun""

Every new record's my dick in a box
We get a doozy, the mula's a lock
You're getting used to me doing no wrong
I don't play chicken, you prick, I'm a fox
You wanna kick it, I'll give you the rocks
You kiss the wood chipper blade if you balk
I'm fuckin' magic, in fact I'm a warlock, a talk
I got a unicorn horn for a (stop)

Woo!
Woo!
Step into the spotlight, woo!
Woo!

And the crowd goes RTJ!
And the crowd goes RTJ!
And the crowd goes RTJ!
And the crowd goes RTJ!
RTJ!
RTJ!
RTJ!
RTJ!

Mike Pentangeli won't snitch
I'll rent a room at the Ritz
I'll sip a fifth of the whisk
I'll smoke a dub in the tub
Then I will split both my wrists

I'll pull a sword on you simps
Just with a flick of the wrist
Get your neck giving up mist
Me and Mike skip away whistlin' and grin
Every day's golden when you only win

Bullyin' bastards and beatin' on beats
Sounds like a day at the beach, preach
I keep it middle school, step on your feet
Before you can speak, blow to the teeth

We move among the ones you think are meek
You think I'm lion, you right, see my teeth
Don't be a bore when I'm roaring vamoose
Hunting's no fun when your prey doesn't move
I'll put a gun to a bunny like choose
Say somethin' funny or bunny go boom
You got a bevy of shit you could groove
We'd like to thank you for choosing our crew

And that's from the crew you can trust
Warranty plus for fuckin' shit up
We are the no-gooders, do-gooders
Known to the dancers and dealers and doers of dust",0.04973322153091431,0.007031749933958054,0.06199801713228226,0.5452865958213806,0.1553526520729065,0.16753315925598145,0.013064724393188953,7,1,120.97,0.57,0.48
Run the Jewels,Run the Jewels,"Oh dear what the fuck have we here?
These motherfuckers all thorn no rose
Egads what a bad dream better not sleep
Take a No-Doz, do some blow
Oh shit what the hell have we done?
It's alive and it's hungry as fuck
Better hide all the snacks and the dough
It is out of my control, you are shit out of luck
I don't wanna be unfair but the pair we got beat that weak shit you got (true god)
Blew up the spot with that new bop
Crew drops, do up ya squad without nuance
I don't wanna sound unkind but the sounds
I make are the sounds of the hounds that are howlin'
Under your bed I'm here growling
Same time under the blanket you're cowering

Cowering like cowards cowering on concrete showers in Rikers Island
Victims, we the wolves that's whylin'
We often smile at sights of violence
Acting brave and courageous ain't advantageous for health and safety
So when we say run the jewels just run' em baby, please don't delay me
And that goes for a guy or lady, the fam god damn we fuckin' crazy
I'll pull this pistol, put it on your poodle or your fuckin' baby
She clutched the pearls, said ""What in the world!"" and ""I won't give up shit!""
I put the pistol on that poodle and I shot that bitch

Run the jewels

And the crowd chants ""Get that paper!""
And the mob says ""Kill that witch!""
This city get mad to the max better wave bye-de bye to the high scrapes kids
Get a tin foil hat for the rain, in
Hot water from the roof to the basement
I'mma smoke 'til the planet erases
Build a white flag out of Zig Zags, wave it

Often I'm smoking coffin
Sip lean on a bean like Boston
My young bitch here fine like Pam Grier when she made that movie Coffy
But when my wife's in town, ay Jackie Brown just stay up off me
Cause if they don't somebody get shot and they gon' buy a coffin

With the pull of a pin a grenade get a crowd to they feet and a soul to its options
I'm a fool for the win I been made to be loud while these other cats drowning in softness
In a urn or the dirt get tossed in
With a grin or a smirk get accosted
I'm a sin on the verse like a kid in a hearse or a nun in a cum shot (stop it)

Big beast in a cage with a heart full of rage, it seems I can't behave
You could try till you die, oh well you failed, it seems the world can't be saved
These streets is full with the wolves that starve for the week so they after the weak
In a land full of lambs I am and I'll be damned if I don't show my teeth

Run the jewels",0.020579997450113297,0.005220395512878895,0.03111495077610016,0.7464932203292847,0.03117109276354313,0.14794288575649261,0.01747741550207138,2,1,160.06,0.81,0.3
Run the Jewels,Ooh LA LA,"Uh, hey (Oh, shit)

Ooh, la la, ah, oui oui
Ooh, la la, ah, oui oui (Hey)
Ooh, la la, ah, oui oui (Hey)
Ooh, la la, ah, oui oui (Let's go)
Ooh, la la, ah, oui oui (Go, go, go, go)
Ooh, la la, ah, oui oui (Go, go, go)
Ooh, la la, ah, oui oui
Ooh, la la

Lookin' for Ms like I lost a friend
Jump out of my bed like, ""Where the bread""
You gon' hold a egg, waiter bring the check
When we talk, we Kalashnikov, keep us in your thoughts
Fully dressed at the crack of dawn, weapons letting off
I can hear them from the block, see them creeping through the fog
Season's greetings, now feeding season can start, oh my God
Look alive, lookin' like I live life on the crooked line
Doin' fine, you want maximum stupid, I am the guy

First of all, fuck the fuckin' law, we is fuckin' raw
Steak tartare, oysters on the half-shell, sushi bar
Life a bitch, and the pussy fish, still fucked her raw
I'm a dog, I'm a dirty dog, ha-ha-ha-ha-ha
Ol' Dirty Bastard, go in your jaw, shimmy, shimmy, ya
Got the semi in the hemi, go and gimme, gimme, ya
Pugilistic, my linguistics are Jeru the Damaja
And I rap it pornographic, bitch, set up the camera

Ooh, la la, ah, oui oui (Hey)
Ooh, la la, ah, oui oui (Ah, oui oui)
Ooh, la la, ah, oui oui
Ooh, la la, ah, oui oui (Got some weed, got some weed)
Ooh, la la, ah, oui oui (Got some weed, got some, ayy)
Ooh, la la, ah, oui oui
Ooh, la la, ah, oui oui (I need a bottle of Moët, ho, come on)
Ooh, la la, ah, oui oui (Garcon)

You covet disruption, I got you covered, I'm bustin'
My brother's a runner, he's crushin', it's no discussion
I used to be munchkin, I wasn't 'posed to be nothin'
Y'all fuckers corrupted, or up to somethin disgustin'
My pockets are plump for the season, I love to cuff 'em
I'ma afraid of nothin' but nothin', the same as somethin'
Warmongers are dumpin' a pointed click at your pumpkin (Look out)
You're somethin' scrumptious, so put your kids in the oven

Fuck a king or queen and all of their loyal subjects
I'll pull my penis out and I piss on their shoes in public
People, we the pirates, the pride of this great republic
No matter what you order, muhfucka, we're what you're stuck wit
I used to love Bruce, but livin' la vida loca
Help me understand, I'm probably more of a Joker
When we usher in chaos, just know that we did it smilin'
Hannibal's on this island, inmates run the asylum

Ooh, la la, ah, oui oui (Hey)
Ooh, la la, ah, oui oui (Hey)
Ooh, la la, ah, oui oui (Hey)
Ooh, la la (DJ, DJ)

Ooh, la la
Ooh, la, la-, la, la
Ooh, ooh
Ooh, la la, ah, oui oui
La, la, la, la, la
Ah, oui, ah, oui, ah
Ah, ah, ah, oui, oui",0.1499241590499878,0.041194893419742584,0.06459606438875198,0.23500898480415344,0.1714520901441574,0.3135901391506195,0.024233674630522728,11,1,170.08,0.82,0.41
Run the Jewels,Jeopardy,"I'm finna bang this bitch the fuck out!
You betta' -- You might wanna record the way you feelin' like history bein' made
This muthafucka put a mirror on the goddamn screen
Let's go, El-P!
Huh? Champ! That's what we're gonna do, Mick

I'm up at midnight, I'm dippin' off in my Nizzikes
A gun and a metal pizzipe, a knizzife is to my rizzight
I'm lurkin' servin' on pussies who lack a purpose
I've got 'em filled up with frizzight like Mizzike is you all rizzight?
I'm lookin' lurkin' on bitches twerkin' for service
The bitch's bag is a Birkin, I'm yellin' screamin' and cursin'
I'm putting pistols in faces at random places like
Bitch give it up or stand adjacent to Satan
Bad man chillin', the villains is here
No Jesuses here, I hear the demons in my ear
And I want it, I need it, see it, I take it
Never fake it, wrap you motherfuckers up, leave you naked
The jewels runners, top tag team for two summers
Live and let live, fuck you cuz, cause that's a fool's honor
I'm walkin' totin' on two llamas
You niggas ass and trash and trash, fuck it, I'm too honest
So fuck you fuckboys forever, I hope I said it politely
And that's about the psyche of Jaime and Mikey
You meet another pair better, highly unlikely
And if I can't rap, then maggot fuck, then fight me
I live for the thrill of the kill, yes it excites me
You know your favorite rapper ain't shit and me, I might be
The closest representation of God you might see
Pay honors like your momma young sonna and take a right knee
The passion of Pac, the depth of Nas, circa nine three
Mix the mind of Brad Jordan and Chuck D and find me
I spit with the diction of Malcolm or say a Bun B
Prevail through Hell, so Satan get thee behind me

(Run the Jewels)

I've never been much of shit, by most measurements don't exist
On the radar a little blip in the shadow of motherships
Been smothered and brashly muffled by hucksters of global spin Like the sign on my back says ""stab me"", my soul is your little bitch
But maybe you should be careful when flipping a stranger's switch Like assuming the war is won ain't a symptom of arrogance
When nothing to lose a step up then everything's for the win
So we grin in the face of frauds and tell monsters to suck our dicks
I live to spit on your grave, my existence is to disgrace you
The kitten became a lion that look at your face like great food
That's why we got the people behind us
While other rappers are vaginas for the fame the jewels runners will always stay rude
Motherfuck your permission, was never yours to begin with
And every bar of the bitch shit you spit is your fucking prison
I been here making raw shit and never asked to be lauded
Run the Jewels is the answer, your question is ""what's poppin'?""",0.06409341841936111,0.018110128119587898,0.029738524928689003,0.6435450911521912,0.07777911424636841,0.12632793188095093,0.04040585085749626,10,0,141.6,0.71,0.44
Run the Jewels,"Lie, Cheat, Steal","Smoke from the loosie drift
Hold it like a crucifix
Blow from the nose I'm a dragon to a gnome
Got a average of bein' excellent the median just dope
Like the ratio of heroin to laxative that's sold
Authorities have spoken, demanded your pure devotion
Get magnetized to the ground while the falcons of murder close in
I chose to go guano, y'all know, kinda bat shit
The bright lights of fuckery stuck in me automatic
I'll tea bag a piranha tank, heart barely beatin'
A wild one who'll swim like directly after he's eaten
While holding a toaster oven that's plugged with a fork in it
'Cause death by electrocution's like life in New York, isn't it?
Shoulda been a dentist, mom said it
Pain's the way that my craft expresses
Born in a little shop of horrors that I can't even afford to rent in
Where's the exit?
Wanna talk shop I can chop it up with exacto touch, what's the rush?
Autograph skin flaps, tag em up
I don't brag enough you defacto suck
A lotta you new to the El Producto milieu
Kinda like ""fuck is you?""
I'm a little black spot on a Sun of lies
But I'm not too high to say I'm the truth
I line the booth to catch blood like a Bateman
Nathan sacred I'll mace a play pen
Jewel runner, bitch, make the name stick
Not for sale but I'm takin payments

Lie, cheat, steal, kill, win
(Everybody doin' it)
Lie, cheat, steal, kill, win
Everybody doin' it
Lie, cheat, steal, kill, win
(Everybody doin' it)
Lie, cheat, steal, kill, win

I'm fly as a pegasus, that's no embellishment
I'm here to pain the whole game, where the Excedrin
Good pussy, good marijuana that be my medicine
And I'm a mixture of MJG and the Weathermen
A revolutionary bangin' on my adversaries
And I love Dr. King but violence might be necessary
'Cause when you live on MLK and it gets very scary
You might have to pull your AK, send one to the cemetery
We overworked, underpaid, and we underprivileged
They love us, they love us (why?)
Because we feed the village
You really made it or just became a prisoner of privilege?
You willing to share that information that you've been given?
Like who really run this?
Like who really run that man that say he run this?
Who-who really run that man that say he run this, r-r-r-r-run this?
Like who really fund this?
Like who really fund who say he fund this?
Like who in the world gon' tell Donald Sterl who to put on the ""you can't come"" list?
Now don't be silly
Who the fuck gon' bully me if I got a billi?
If I got a billi and the bitch recording me I'm like who cares?
What I wouldn't be is on TV stutterin' ta-ta-talkin' scared
So the question is when Don's at home with that traitor ass bitch alone
Who's that voice on the side of the phone that shakes and rattles his bones?
Could it be the man behind, the man behind, the man behind the throne?
Gone

Lie, cheat, steal, kill, win
(Everybody doin' it)
Lie, cheat, steal, kill, win
Everybody doin' it
Lie, cheat, steal, kill, win
(Everybody doin' it)
Lie, cheat, steal, kill, win
Everybody doin' it
Everybody doin' it
Everybody doin' it",0.016795571893453598,0.0022191815078258514,0.006252121180295944,0.026284022256731987,0.9225583076477051,0.017865745350718498,0.008025027811527252,6,1,82.74,0.74,0.38
Run the Jewels,yankee and the brave,"This week on Yankee and the brave

Back at it like a crack addict, Mr. Black Magic
Crack a bitch back, chiropractic, Craftmatic
Big daddy smokin' big Cali in a black alley
In a black Grand Natty rollin' down Old Natty
Hair nappy, matty as a black granddaddy, all fact
No cappin', fat, black, bold captain, stay floatin'
No flappin', wave runner, I'm a gunner
I'ma have your block hot as a sauna all summer
And I put that on Osama and my motherfuckin' mama
I'ma terrorize the actors playing like they want some drama
I'ma chop 'em with a chopper 'til I motherfuckin' drop 'em (Drop 'em, drop 'em, drop 'em)

Stack addict, a mack with the blackest fabric, I'm back
I'm magically rackin' it, that's when I'm duckin' rat-a-tat-tats
I'm runnin' the truck over sucker shit
Matter fact, kiss the ass and even the crack
Automatic facts, it's like that (Woo)
Scammer bliss when you puttin' villains in charge of shit
All of us targeted, all we doin' is arguin'
Part of them isn't workin' 'til every pockets been picked and sold and harvested
I'm ready to mob on these fuckin' Charlatans (Charlatans, charlatans, charlatans, charlatans, charlatans, charlatans)

Go-go-go-, go-go-go-go-
Go-go-go-go-, Go-go-go-go-
Go-go-go-go-, go-go-go-, go-go-
What we gon' do—?

'Til time die, I'm galatically fly
The moon is movin' the maniacs in a shitty decline
Hearts fried, all this neon is rippin' us up inside
Immortality's out of bounds, it's a one-round ride

I got one round left, a hunnid cops outside
I could shoot at them or put one between my eyes
Chose the latter, it don't matter, it ain't suicide
And if the news say it was that's a goddamn lie
I can't let the pigs kill me, I got too much pride
And I meant it when I said it, never take me alive

I got the Grand Nat runnin' in the alley outside
Yo, Michael, run like you hungry and get your ass in the ride
I'd rather have and not need you than watch your rotten demise
And you still owe me for them Nikes, you do not get to just die
You try to fuck with my brother, you get the bastard surprise
And that's more honest than your whole life in a fraction of time
I didn't get my degree in how to smoke weed 'til I'm blind
So you could ruin my high, Jewel Runner, do and you're bye

My brother made a point so out the back door I'ma slide
I'm chubby, husky, thighs rubbing, fuckin' up my Levi's
The crooked copper got the dropper, I put lead in his eye
Plus we heard he murdered a black child so none of us cried

Yankee and the brave are here
Everybody hit the deck
We don't mean no harm
But we truly mean all the disrespect (Four)",0.029457421973347664,0.00749400956556201,0.009215859696269035,0.10360953211784363,0.824908971786499,0.016646508127450943,0.008667735382914543,10,0,82.01,0.88,0.75
Run the Jewels,Close Your Eyes,"Run them jewels fast, run them, run them jewels fast
Run them, run them, r-run them, run them, fuck the slow mo

Fashion slave, you protestin' to get in a fuckin' look book
Everything I scribble's like The Anarchist Cookbook
(Look good, posing in a centerfold of Crook Book)
Black on black on black with a ski mask, that is my crook look
How you like my stylin', bruh? Ain't nobody stylin', bruh
'Bout to turn this mothafucka up like Riker's Island, bruh
Where my thuggers and my cripples and my blooders and my brothers?
When you niggas gon' unite and kill the police, mothafuckas?
Or take over a jail, give those COs hell
The burnin' of the sulfur, God damn I love the smell
Blankets and pillow torchin', where the fuck the warden?
And when you find him, we don't kill him, we just waterboard him
We killin' 'em for freedom cause they tortured us for boredom
And even if some good ones die, fuck it, the Lord'll sort 'em

We out of order, your honor, you're out of order
This whole court is unimportant, you fuckers are walkin' corpses
I'm a flip wig synonym, livin' within distortion
I'll bite into a cyanide molar before you whores win
I'm a New Yorkian, I fuck for the jump
I wear my Yankee so tilted I actually walk with a hunch
Look at Mikey, I think he likey, we are sinister sons
(Aye, we the type to beat the preacher with a grin and a gun)

Run them jewels fast, run them, run them jewels fast
Run them, run them, r-run them, r-run them, run them, r-run them
Run them jewels fast, run them, run them jewels fast
Run them, run them, r-run them, r-run them, run them, r-run them

A wise man once said, (""We all dead, fuck it"")
Just spit it disgusting youngin', and hold your nuts while you're gunnin'
I listened, tatted a sentence on my dick last summer
Now I'll never get that phrase off my brain, it's no wonder
I'm here to buy hearts, I got hundreds, honey
The cheaper the parts, the better buy for the money
I'm trained in vagina whisperin', glistenin'
Waitin' for their christenin', I know the neighbors can't help but listen in
A dirty boy who come down on a side of dissonance
I can't even relax without sirens off in the distances
Not shittin' you, little buddy, this fuckin' island's a prison
The only solace I have is the act of conjugal visitin'

My solitary condition's preventin' conjugal visits
Go mane and missin' my misses, they keepin' me from my children
Conditions create a villain, the villain is givin' vision
The vision becomes a vow to seek vengeance on all the vicious
Liars and politicians, profiteers of the prisons
The forehead engravers, enslavers of men and women
Includin' members of clergy that rule on you through religion
(So strippin' kids to the nude and then tell 'em God'll forgive 'em)

Run them jewels fast, run them, run them jewels fast
Run them, run them, r-run them, r-run them, run them, r-run them
Run them jewels fast, run them, run them jewels fast
Run them, run them, r-run them, r-run them, run them, r-run them

It's De La on the cut, liftin' 6 on your stitchy crew
I'm miles ahead of you, you can sip my bitches brew
My battle status is burnin' mansions from Dallas to Malibu
Check my résumé, your residence is residue
Call her a skin job and my honey dip'll backflip for you
You playin', God your eye sockets, she gon' rip in two
We sick of bleedin' out a trace, spray a victim, you
Done dyin', Phillip AK Dickin' you
With clips in the bottom, we dippin' from Gotham
Yes eclipsed by the shadows, a dark dance to the coffin
I'm a fellow with melanin, suspect of a felony
Ripped like Rakim Allah, feds is checkin' my melody
Yes aggressively tested we'll bump stretchers and penalties
Dump cases with face and the cop pleas when we seizing a pump
With reason to dump on you global grand dragons
Still pilin' fast, plus Afghani toe taggin'
Now they trackin' me and we bustin' back, see
The only thing that close quicker than our caskets be the factories

Run them jewels fast, run them, run them jewels fast
Run them, run them, r-run them, r-run them, run them, r-run them
Run them jewels fast, run them, run them jewels fast
Run them, run them, r-run them, r-run them, run them, r-run them",0.059674810618162155,0.008053464815020561,0.009649197570979595,0.531356930732727,0.036968011409044266,0.34554505348205566,0.008752561174333096,1,1,80.07,0.66,0.49
Joey Bada$$,Love Is Only a Feeling,"Look, I love her curves but what's more preferred
Is the way she articulates words
Can't help observe and stare
When she in the mirror
Masking the massacre while she fixing her hair
I mean she so perfect
In her own little world
We built the foundation, everything I want in a girl
And it's a matter of time until her last name mine
You got potential baby, just imagine us combined
I wanna see you shine like the gem that you are
Want you be so secure that they can see from afar
That you don't need another man
And you can stand on your own
Let's keep stacking your bread
And one day we gonna get gone
And get, away from here
You're the only reason I be, staying here
Wanna paint a picture, let's make it clear
The future so bright baby, race you there

Love is only a feeling
Love is only a feeling
Love is only a feeling
Love is only a feeling

Girl you talk too much, need to relax
No stress please, just please roll us a fat
Blunt so we can smoke, and fill the room with love
You buzz 'cause I'm feeling the groove with this one
Come take you a sip, let's dance under the moon
They way that it's lit, got me feelin' the mood
To vibe and be tuned, I'm so into you
Let's lose track of the night and stay up til it's noon
Watch the sun rise and watch the moon fall
Let's leave a few wheels, surprised when you spawn
Back from the world of infinite beyond
Roll your eyes back and let's keep on going
Come take a ride, I'll be your chauffeur
I wanna make you sing to me as your toes curl
I love it when she doing all the things I showed her
I think our love formin' that's what I owe her

Love is only a feeling
Love is only a feeling
Love is only a feeling
Love is only a feeling",0.46225959062576294,0.1263810396194458,0.05000973120331764,0.08289632946252823,0.046338338404893875,0.005491747986525297,0.22662316262722015,1,0,90.38,0.68,0.5
Joey Bada$$,Righteous Minds,"Yeah
Make sure my shit sound tight

I never knew the world could be this mad
Only vision I had of sex was callin' me bad
I never knew the world could be this cold
Only time a nigga died he was playing a role
But now the niggas get their souls stole so often
They only did is offer gimits is awake in their coffin
From NY to cope it down the hole
She said that office offers abortions
Without precaution,
Power to the people,
There's too many who wanna be Jordan
Too many forces thinking they could make a fortune story
Too many wanna be actors instead of achiveing their masters
At least the bachelor would know too many wanna be rappers
That's just statistics they'll be steak before he'll pay Christ
Like niggas in the White House supplying white towels
Or Jim Crow Laws you probably missed it
Hard to be persistent when you tryin' to fight for your existence

It ain't easy living life like this
When you tryin' to be righteous
But know a nigga might just
Leave you lifeless for prices
High tech devices
So keep your tech down
Or meet your Christ
It ain't easy living life like this
When you tryin' to be righteous
But know a nigga might just
Leave you lifeless for prices
High tech devices
So keep your tech down
Or meet your Christ

Person, mad nervous you surrender of the sturving
Look them in the eyes flicks makes you die
You know you merk 'em right there
Plus his hide is like right here
So you know that if you would fight fair
Then you'd have him like cry scared
But don't forget to tack your heart
By your right hand
So listen loud and clear
You don't wanna lose your life there
Don't you show a slight tail
Or let 'em sight fear
Just let 'em dissapear in the night yeah
What your life is, rabbi the clack is
Left alone in the apartment
Someone's been jobless someone make dollars
Shaking it topless and
Daddy be gone said it
Took off like ashes
Dizzy gain knowledge
I'm keeping it with the synapsis
Saying shit like that make you wish you were adopted
To escape the pain you joined the gang
And get intoxicated
Had no shame, nothing wrong with some Mary Jane
The only thing is you do with the game

It ain't easy living life like this
When you tryin' to be righteous
But know a nigga might just
Leave you lifeless for prices
High tech devices
So keep your tech down
Or meet your Christ
It ain't easy living life like this
When you tryin' to be righteous
But know a nigga might just
Leave you lifeless for prices
High tech devices
So keep your tech down
Or meet your Christ

Imagine me fed up
A go getter, for more cheddar
Pour never, no more lettuce
'Cause I know no better
No error no steals
No Kirk, No Lee, no school
No OJ, no talent, know me
But if I did say act right
What if I pack crack white
With my sack tight
Joined the gang fight
They click clack tight
Sledding the vibe
With the black stripe
And get my friend's the back knife
'Cause that's life
Nigga

It ain't easy living life like this
When you tryin' to be righteous
But know a nigga might just
Leave you lifeless for prices
High tech devices
So keep your tech down
Or meet your Christ
It ain't easy living life like this
When you tryin' to be righteous
But know a nigga might just
Leave you lifeless for prices
High tech devices
So keep your tech down
Or meet your Christ
It ain't easy living life like this
When you tryin' to be righteous
But know a nigga might just
Leave you lifeless for prices
High tech devices
So keep your tech down
Or meet your Christ
It ain't easy living life like this
When you tryin' to be righteous
But know a nigga might just
Leave you lifeless for prices
High tech devices
So keep your tech down
Or meet your Christ",0.12040672451257706,0.005434730090200901,0.05056998133659363,0.15002761781215668,0.6372941136360168,0.014089156873524189,0.02217763103544712,8,0,94.89,0.64,0.61
Joey Bada$$,Show Me,"Show me how
You care
(Statik Selektah, yeah)
Tell me how (Tell me all)
You were loved (Tell me how you love, baby)
Before (Uh)

Can't spell ""us"" without ""trust""
Put the lust aside, there's some things we gotta discuss
So close your legs for a bit, baby, let's open up
Closed mouths don't get fed finishing lunch, her panties in a bunch
Tell me where you been at these last couple months
You say you want me back, so baby, don't front
'Cause I could never know too much but just enough
So the next nigga never feel he got the one-up
But we ain't gotta rush, take your time
We could talk until the sun up, I see you tryin'
To say what's on your mind, I promise to be fine
I could see the signs, be honest, I ain't blind
The truth is we all got our own desires, our own dreams
It's a big world, gotta try new things
So right here, right now, what you gotta say
You ain't gotta lie now, it's the bed we made

Show me how (Show me how, baby)
You care (Right here, right now)
Right here, right now, right now, baby, yeah
Tell me how (Tell me all)
You were loved (Tell me how you love, baby)
Before (Uh)

'Cause transparency my love language
Can't see the bigger picture if your vision tangled
Love is like glass, either break it or you stain it
These late-night conversations turn into arraignments, just tell me the truth
'Cause I ain't tryna judge, baby, I just want you to be you
'Cause I'ma be me, keep it G like real niggas do
'Cause you knew a nigga before he got famous and the block named us
And I'm proud to say the money never changed us
We've been through many phases like mazes, still we found a way
I never knew a love that wasn't painless
Pouring out my heart was always draining, I gotta say
Now every day, it's indigo rain, yeah, this a brighter day
A lifetime I provide for you, by the way
Don't you forget that I would die for you any day
Right here, right now, what you gotta say?
You ain't gotta lie now, it's the bed we made, uh
Related Songs
Welcome Back
Joey Bada$$
One of Us
Joey Bada$$
Wanna Be Loved
Joey Bada$$

Show me how (Show me how, baby)
You care (Right here, right now)
Right here, right now, right now, baby, yeah
Tell me how (Tell me all)
You were loved (Tell me how you loved, baby)
Before

You ain't gotta lie to me, no-no
I know you would die for me, it's for sure
Baby girl, this life we live is too short
Baby girl, this life we live is too short
You ain't gotta lie to me, no-no
I know you would die for me, it's for sure
Baby girl, this life we live is too short
Yeah, too- it's too short (Too short)

Said a thug don't cry, no
But a thug don't cry, no, and real niggas don't lie
Said a thug don't cry, no
Said, a thug don't cry, no, and real niggas don't lie
Said a thug don't cry, no
And the thug don't cry, no, and real niggas don't lie
Said a thug don't cry, no
Thug don't cry, real niggas never lie",0.7032134532928467,0.039344675838947296,0.12187813222408295,0.03480697423219681,0.05118589848279953,0.035289932042360306,0.01428090501576662,6,1,176.15,0.65,0.64
Joey Bada$$,Temptation,"I come here today to talk about how I feel
And I feel like that we are treated differently than other people
And I don't like how we're treated
Just because of our color doesn't mean anything to me

This just the way I feel
Minds been racing so long
It's just no way to deal
With these problems alone

And I really can't take it no more
I be fighting temptations, my Lord
I'm making them restless (And I really can't help it)
I never felt selfish before
I've been living so reckless, I know
Tell me Lord can you help me?
(I said Lord can you help me?)

Now everybody got problems, yeah
But ain't no way to solve em
I really came up from the bottom
Strugglin', my momma on her last dollar
Hustling man I've been putting in these hours
The government been trying to take away what's ours
It's really all about the money and the power
I just wanna see my people in power
Uh, uh, tell me how we gon' shape this vision
Complainin' all day, but in the same conditions
If you wanna make change, it's gonna take commitment
Some people enslaved by they religion
Can't emancipate the fundamental prisons
When I see through optics, transform the wisdom
Watch me use my powers, get em all to listen
I've been on a mission, ah!

And I really can't take it no more
I be fighting temptations, my Lord
I'm making them restless (And I really can't help it)
I never felt selfish before
I've been living so reckless, I know
Tell me Lord can you help me?
(I said Lord can you help me?)

Now everybody got vice, yeah
But wouldn't know what good advice was
Until they leave him lifeless
Another momma crying, it's another crisis
Lord knows we just trying to live righteous
Are you willing just to make the sacrifices?
I know we can't continue living like this
And I never sell my soul because that's priceless, uh, uh
Tell me how we gon' make a living
Hustle on the block who gon' save the children?
Menace on the block and I'm just revealing
The media just trying to make a villain
I just take the pain and a paint a picture
Voices in my head, I hear the whispers
When I feel this way inhale the swisher
Or I sip the liquor, ah!

And I really can't take it no more
I be fighting temptations, my Lord
I'm making them restless (And I really can't help it)
I never felt selfish before
I've been living so reckless I know
Tell me Lord can you help me?
(I said Lord can you help me?)

This just the way I feel
Mind's been racing so long
It's just no way to deal
With these problems alone

And I really can't take it no more
I be fighting temptations, my Lord
I'm making them restless (I said Lord, can you help me?)
I never felt selfish before
I've been living so reckless, I know
Tell me Lord can you help me?
(I said Lord can you help me?)

Do not stop
We are black people and we shouldn't have to feel like this
We shouldn't have to protest because you are treating us wrong
We do this because we need to and we have rights",0.014868025667965412,0.0020659449510276318,0.011153065599501133,0.8979852199554443,0.03252453729510307,0.039668820798397064,0.001734432065859437,10,0,104.98,0.71,0.78
Joey Bada$$,Survival Tactics,"(Verse)
Niggas don't want war I'm a martian with an army of spartans
Sparring with a knife in a missile fight
Get your intel right intelligence is irrelevant
But it's definite I spit more than speech impediments
Brooklyns the residence, the best and it's evident
We got them niggas P-E-Nuts, like they elephants
Throw 'em in a trunk if they hate though
We don't give a fuck as long as we collect our peso
Ya'll collect pesos, ya money ain't right here
I got them girls next to the wood like they lightyear, I'm right chea
Tryna get a buzz, tryna pollinate
STEEZ got that presidential shit out to inaugurate
My P.E conglomerates bout to P-E-E on any wanna B-E, weak MC
Here I'm out to leave 'em empty congratulate the semi-auto
Fire flame spitter like komodo
No time for fake people, they be simmin' like Kimora
I'm the empor-ah in search of the adora, my heart go:
*Ba boom Ba boom Ba boom boom Ba boom*
Hispanic like Dora when shots blast
See I was raised that way, I'm from the place where they raise that K
Like every day in every way and every where you go, just ain't safe
The only thing I can say, to you is pray
Cause when niggas start equipin'
And throw the clip in
Your blood drippin'
And got you slippin'
Under the victim, don't know whats hit them
Through his spinal, just another man who defeated by survival
That's your biggest rival, in your whole life
These bars you can't handle you better hold tight
They sayin' I'm the best, I'm like you're so right
Still ain't got enough shine to last the whole night, nigga

(Interlude)
Yo, fuck the police nigga
Fuck every ass corrupt politician on Wall Street
P.E, Public Enemy, Assassinator, bitch
Fuck that, fuck everything son
Fuck government, Fuck, listenin' and shit
You want fuckin' energy? Dickheads

(Verse)
There's like 6 milli ways to die my nigga choose one
Doomsday comin' start investin' in a few guns
New gats, booby traps, and bazooka straps
Better play your cards right, no booster packs
Everybody claim they use to rap
But these ain't even punchlines no more, I'm abusing tracks
Leaving instrumentals blue and black
I'm in Marty McFly mode, so tell em' that the future's back
Riding on hoverboards
Wiping out motherboards
Started spitting fire cause my motherfuckin lung is scorched
King Arthur when he swung his sword
A king Arthur I ain't even use a pen in like a month or four
I had a hard time writing lyrics
Now I'm way over heads, science fiction
You can try and get it, my man the flyest with it
With a mind of finest interests for your finest interests
They say hard work pays off, well tell the Based God don't quit his day

job
Cause P.E's about to take off, with protons and electrons homie that's

an A-bomb
Fuckin' ridiculous, finger to the president screamin' ""fuck censorship!""
If Obama got that president election then them P.E boys bout to make an

intervention
Fuck what I once said, I want the blood shed
Cause now-a-days for respect you gotta pump lead
I guess Columbine was listenin' to Chaka Khan and pokemon wasn't gettin'

recognized at Comic-Con
It's like we've been content with losin'
And half our students fallen victim to the institution
Jobs are scarce since the Scientific Revolution
And little kids are shootin Uzi's cause its given to 'em
Little weapon, code name: Smith and Wesson
And you'll be quick to catch a bullet like an interception
If your man try and disrespect it, send a message and it's over in a

mili second
Nigga",0.12764422595500946,0.009270045906305313,0.013622857630252838,0.6810298562049866,0.033777255564928055,0.1230977326631546,0.011558091267943382,1,1,199.95,0.84,0.92
Joey Bada$$,Waves,"Yea
You remember back in the days when you used to rocks waves and shit
When like...yo I had the fucking 360 my nigga
Like nobody in the hood was fucking my shit
And that's real shit

Since nine five, momma been working nine five
And I know the landlord fed up with our lies
So we pray to the Gods, the Jahs, and the Allahs
To keep us safe and watch our lives
Cause all we tryna do is do good
Put on my hood when I walk through hoods
Cause these niggas these days is loco
You'll get it in ya vocals if you ain't a local
Yeah, that's why I'm tryna go global
Yeah, that's why I'm tryna be a mogul
And I’m hopeful that me spittin it soulful will have me in the Daily Postal
Flying coastal eatin tofu
Like I told you I know niggas who trash rappin
Worried bout the trendin fashions rather than descendin' passion
They want me send em tracks but I just send em laughter
Right after I start laughin, they start askin “what happened?""
I’m back to the chapter
Momma told me follow dreams and never have to ask her, to
So that’s what I do, became an MC master
Since then it’s been a disaster for you and your favorite rapper
Go ahead ask em ""Who is Joey Bad?""
Watch em grasp, asthma, damn it’s so sad
He paused the chatter cause he know he rather back up
Than to admit the kid is hotter than magma
But fuck it, you gotta give credit where it's due
Cause you ain't gon' like the karma when it's set up on you
It can get you on your medical, fuck you up in the decimals
Or get you 2 to 3 for residue found it your retinal
And they told me not to be so complex
Dumb it down to accomplish articles in Complex
And The Source, alfredo of course
There I go again, steppin out of line, runnin' off course
I heard reports that it's like sexual intercourse
With your thoughts when I talk about the shoes in which I walk
For it is not faux, nor false that this kid from the north, speaks with forced supports of reinforced assaults
I'm sure by now you can assume he never lost
Unless it was some form of divorce, or a corpse
Born boss no days off, child labor
Let me see those in favor to spin that back like tornadoes

What, what the rap audience ain't ready for, is a real person
You know what I wanna say, a real N-I-G-G-A. I'm comin' at 'em a hundred percent real. I ain't compromisin' nothin'
Anybody that talk about me got problems. You know what I'm sayin'? It's gon' be straight up like if I was a street person.
That's how I'm comin' at the whole world, and I'm bein' real about it and I'mma grow wit' my music

Yeah, but it's far from over
Won't stop til' I meet Hova and my momma's in a Rover
Til' I'm an owner of the world's finest motors
I blow like super novas in your daughter's room on a poster
Known as history's biggest musical composer
No disrespect to Bob Mar, yeah, another stoner
Marijuana my odor, and when I get older
Hope my spermatozoa from my scrotum intercepts an ovum
Like 3 times, have 3 kids, I hope
Me & wife can show em not to make the same mistakes you know that we did
I hope they acknowledge the knowledge cuz yeah, they 'gon need it
Cuz when my fam tried to tell me, I just wouldn't receive it
Couldn't believe it, 'til I saw with my own pupils
Felt bad when I learned that the advice was truly useful
But fuck it, only made us as human beings more mutual
Even though over time, our punishments they grew more crucial
So use the word brutal, cuz my parents mad strict
Hope one day I'll attracts the likes of even Madlib
Go call a mansion and hear my songs mastered
Until then, all I can do is imagine

Imagine

I'mma make it all happen",0.3104204833507538,0.016302764415740967,0.0373002327978611,0.30139315128326416,0.0814429447054863,0.22458688914775848,0.02855355478823185,8,0,89.95,0.91,0.89
Joey Bada$$,Devastated,"Yeah, can you feel it?

I used to feel so devastated
At times I thought we'd never make it
But now we on our way to greatness
And all that ever took was patience
I-I-I used to feel so devastated
At times I thought we'd never make it
But now we on our way to greatness
And all that ever took was patience

Okay, just getting better each day
Stacking that cheddar, cheesecake
Looking up to the Lord, we pray
Trying to be my best each day and
'Til I'm laid to rest we lay, yeah
'Til the time being we lit
Hoping I don't let it get all in my head
I don't need money just to say that I'm rich
Couple little honeys wanna get in my bed
But they used to run from me when I had nothing
Now they want to fuck cause they see me stuntin'
Nigga came up off the hustlin'
Living in a life of lux and I'm feelin' like the man
If you ain't in my Chucks, then you wouldn't understand
Homie buy these rubber bands for me
Make her wanna dance for me
Prolly leave her man for me
Standing in the stands, goddamn
(She used to front way back, now she just a fan)

I used to feel so devastated
At times I thought we'd never make it, yeah
Now we on our way to greatness, uh
And all that ever took was patience
I-I-I used to feel so devastated
At times I thought we'd never make it
But now we on our way to greatness
And all that ever took was patience

I put my pain in the cadence
Turn my brain up a wavelength
Now we're flowing the ceiling
So just go with the feelin'
Baby soak up the vibe
Let's roll some dope up, get high
We gon' blow smoke in the sky
'Til we can't open our eyes
I put my pain in the cadence
Turn my brain up a wavelength
Now we're flowing the ceiling
So just go with the feelin'
Baby soak up the vibe
Let's roll some dope up, get high
We gon' blow smoke in the sky
'Til we can't open our eyes, yeah
Yeah, yeah, yeah, yeah
Yeah, yeah
Skrrt, skrrt
Woooooo, yeah

I used to feel so devastated
At times I thought we'd never make it, yeah
Now we on our way to greatness
And all that ever took was patience
I-I-I used to feel so devastated
At times I thought we'd never make it
But now we on our way to greatness
And all that ever took was patience

I used to feel so (So devastated)
At times I thought we'd (We'd never make it)
Now we on our way (Yeah, yeah)
And all that ever took was patience",0.005224642809480429,0.0021029184572398663,0.9816111922264099,0.0015944065526127815,0.0024267169646918774,0.0015455640386790037,0.005494596902281046,10,0,123.0,0.63,0.49
Joey Bada$$,Paper Trail$,"Before the money, there was love
But before the money, it was tough
Then came the money through a plug
It's a shame this ain't enough, yo

Sitting back plotting, jotting information on my nation
Really started from the bottom, boy, cotton
But they still planting plantations, we keep buying in
Closed-minded men, pride is higher than the prices on your pradas
Balenciagas, balance my soccer with the henny agua
Me and my niggas tryna eat, you pussies empanada
The flow like plenty lava
With just a penny I could multiply my worth
And make you work for me for twenty hours
I swear these niggas love to copy, thanks for listening
This kid ain't been the same since Biggie smacked me at my christening
Watch your tradition and please play it safe
Cause your position on the top is switching right in front your face
Rocking on this bass with rhymes, I'm bustin' out
He duckin' down, got some issues now, headed for your house
So put the pistols down, got that red dot on your nose
Who put the clown on lock, jaws like the blue knows
Froze, keep your mouth closed or you can see the solar
I got connections that guaranteed to see closed doors
You hear that underground sonar
The way I flows, this wisdom
The Pros been on a mission
Listen into the chamber, get hyperbolic
They raisin' max, I raise stakes to keep the brolic
My bitches is macrocosmic, pass the chronic
The mastered sonics is lightyears above your conscious
You're novice, but I got notes that strike nerves
I promise your minds ain't sharp like my swords
So cut the BS, and don't worry where my jeans is
And PS: Your bitch a genius, learnt from my penis
I got dreams filling arenas and breaking brackets
Tend this racket, while I'm cracking a Serena
God damn, God bless the heaven that sent you
But now I'm breezing out, baby, cause my rent's due

Shit is really real out here
I said shit is really real out here
Just trying to get a deal out here
I'm screaming cream
Who fucking with the rap supreme?
Joey Bad, the Big Preem came to collect the green
I got a dollar and a dream, know what I mean?
And I gotta get my mama off the scene
Cash ruined everything around me
They say money is the root of all evil
I see money as the route of all people
Cause we all follow paper trails, paper trails
And everybody gotta pay their bills, pay their bills
It's the dollar dollar bill, y'all
It's the dollar dollar bill, it's the dollar bill that kills, y'all",0.4042556881904602,0.022708170115947723,0.07507926225662231,0.20703478157520294,0.060546502470970154,0.10715781152248383,0.12321781367063522,1,0,93.62,0.83,0.45
Soda Stereo,De Música Ligera,"A ver...

Ella durmió al calor de las masas,
y yo desperté queriendo soñarla.
Algún tiempo atrás pensé en escribirle
que nunca sorteé las trampas del amor.

De aquel amor de música ligera
nada nos libra, nada más queda.

Ella durmió al calor de las masas,
y yo desperté queriendo soñarla.
Algún tiempo atrás pensé en escribirle
que nunca sorteé las trampas del amor.

De aquel amor de música ligera
nada nos libra, nada más queda.

No le enviaré cenizas de rosas,
ni pienso evitar un roce secreto.

De aquel amor de música ligera
nada nos libra, nada más queda.

De aquel amor de música ligera
nada nos libra, nada más queda, nada más.

Nada más queda.
Nada más queda.
Nada más queda.
Nada más queda.",0.41351518034935,0.019158674404025078,0.036126621067523956,0.08953282237052917,0.28451085090637207,0.14625760912895203,0.010898237116634846,2,1,124.24,0.75,0.78
Soda Stereo,En La Ciudad De La Furia,"Me verás volar
Por la ciudad de la furia
Donde nadie sabe de mi
Y yo soy parte de todos

Nada cambiará
Con un aviso de curva
En sus caras veo el temor
Ya no hay fábulas
En la ciudad de la furia

Me verás caer
Como un ave de presa
Me verás caer
Sobre terrazas desiertas
Te desnudaré
Por las calles azules
Me refugiaré
Antes que todos despierten

Me dejarás dormir al amanecer
Entre tus piernas
Entre tus piernas
Sabrás ocultarme bien y desaparecer
Entre la niebla
Entre la niebla
Un hombre alado extraña la tierra.

Me verás volar
Por la ciudad de la furia
Donde nadie sabe de mi
Y yo soy parte de todos

Con la luz del sol
Se derriten mis alas
Solo encuentro en la oscuridad
Lo que me une con la ciudad de la furia

Me verás caer
Como una flecha salvaje
Me verás caer
Entre vuelos fugaces
Buenos Aires se ve tan susceptible
Ese destino de furia es
Lo que en sus caras persiste

Me dejarás dormir al amanecer
Entre tus piernas
Entre tus piernas
Sabrás ocultarme bien y desaparecer
Entre la niebla
Entre la niebla
Un hombre alado prefiere la noche

Me verás volver
Me verás volver
A la ciudad de la furia",0.5090786218643188,0.03324951231479645,0.07395776361227036,0.0676487535238266,0.21585538983345032,0.052767589688301086,0.04744235798716545,2,1,126.51,0.8,0.72
Soda Stereo,Persiana Americana,"Yo te prefiero
fuera de foco
inalcanzable hey!

Yo te prefiero
irreversible
casi intocable hey!

Tus ropas caen lentamente
soy un espia, un espectador
y en el ventilador desgarrandote,
sé que te excita pensar hasta donde llegaré

Es difícil de creer
creo que nunca lo podré saber,
sólo así yo te veré
a través de mi persiana americana

Es una condena agradable
el instante previo oh!
es todo un desgaste,
una necesidad
más que un deseo

Estamos al borde de la corniza,
casi a punto de caer
no sientes miedo
sigues sonriendo,
sé que te excita pensar hasta donde llegaré

Es difícil de creer
creo que nunca lo podré saber
sólo así yo te veré
a través de mi persiana americana he! uhu!
yo te vere..

Tus ropas caen lentamente
soy un espia, un espectador
y en el ventilador desgarrandote
sé que te excita pensar hasta donde llegaré

Es difícil de creer,
creo que nunca lo podré saber
sólo así yo te veré
a través de mi persiana americana

Lo que pueda suceder
no gastes fuerzas para comprender
sólo así yo te veré
a través de mi persiana americana he!

Díficil, díficil de creer
creo que nunca lo podre saber
solo así yo te vere
a traves de mi persiana ohhh!

Solo asi yo te vere
A traves de mi persiana americana.",0.13540714979171753,0.6761809587478638,0.02120809815824032,0.05051520839333534,0.009449100121855736,0.010460303165018559,0.09677920490503311,4,0,101.21,0.92,0.55
Gustavo Cerati,Crimen,"La espera me agotó
no se nada de vos
dejaste tanto en mí
En llamas me acosté
y en un lento degradé
supe que te perdí
¿Qué otra cosa puedo hacer?
si no olvido, moriré
y otro crimen quedará
otro crimen quedará
sin resolver
Una rápida traición
y salimos del amor
tal vez me lo busqué.
Mi ego va a estallar
ahí donde no estás
oh... los celos otra vez
¿Qué otra cosa puedo hacer?
si no olvido moriré
y otro crimen quedará
otro crimen quedará
sin resolver.
No lo sé
cuanto falta no lo sé
si es muy tarde no lo sé
si no olvido, moriré
que otra cosa puedo hacer?
que otra cosa puedo hacer?
Ahora sé lo que es perder
Otro crimen quedará
otro crimen quedará
sin resolver",0.21312715113162994,0.013436470180749893,0.03864011541008949,0.11273075640201569,0.4704796075820923,0.063474640250206,0.08811133354902267,4,1,80.51,0.5,0.29
Gustavo Cerati,Puente,"Hoy te busqué
en la rima que duerme
con todas las palabras.
Si algo callé
es porque entendí todo
menos la distancia.
Desordené átomos tuyos
para hacerte aparecer.
Un día más, un día más...
Arriba el sol
abajo el reflejo
de como estalla mi alma.
Ya estás aquí
y el paso que dimos
es causa y es efecto.
Cruza el amor
yo cruzaré los dedos
y gracias por venir
gracias por venir.
Adorable puente
se ha creado entre los dos.
Cruza el amor
yo cruzaré los dedos
y gracias por venir
gracias por venir.
Adorable puente.
Cruza el amor
cruza el amor por el puente.
Usa el amor
usa el amor como un puente.",0.3163761496543884,0.02784297987818718,0.06758823990821838,0.0986342579126358,0.2724989950656891,0.19455426931381226,0.02250506542623043,10,1,76.34,0.47,0.21
Gustavo Cerati,Bocanada,"Cuando no hay más que decirnos
habla el humo, nada el humo
y rema en espiral.
Cuando no hay más que decirnos
se abren al aire vacíos
que dos no pueden respirar.
Para desvanecerse
alargando el después
trayectoria sin final.
Distante placer
de una mirada frente a otra
esfumándose...
Cuando no hay más que decirnos
me hago uno con el humo
serpenteando la razón.
De todo aquello decidido
se estira el tiempo y me olvido
me olvido, como vos.v Y en la esfera vagamos
indiferentes
por el espacio que dejé...
Para desvanecerse
alargando el después
una historia sin final.
Distante placer
de una mirada frente a otra
esfumándose...",0.4601680040359497,0.0159362331032753,0.05343533679842949,0.05692492797970772,0.22451798617839813,0.15686827898025513,0.0321493074297905,11,0,127.53,0.58,0.38
Gustavo Cerati,Adiós,"Suspiraban lo mismo los dos
y hoy son parte de una lluvia lejos
no te confundas no sirve el rencor
son espasmos después del adiós

Ponés canciones tristes para sentirte mejor
tu esencia es más visible,
Del mismo dolor
vendrá un nuevo amanecer.
uuuuh

Tal vez colmaban la necesidad
pero hay vacíos que no pueden llenar
no conocían la profundidad
hasta que un día no dio para más
Quedabas esperando ecos que no volverán
flotando entre rechazos
del mismo dolor
vendrá un nuevo amanecer.
uuuuh

Separarse de la especie
por algo superior
no es soberbia es amor
no es soberbia es amor

Poder decir adiós
es crecer
uuuuh",0.6866793036460876,0.014137081801891327,0.043203070759773254,0.05316682159900665,0.08404697477817535,0.07500012218952179,0.04376666992902756,2,1,94.12,0.6,0.28
Gustavo Cerati,Lago En El Cielo,"Un lago en el cielo
quiero ser suave
para evitar tu dureza
apago tu fuego
enciende mi agua
puede que no haya certezas
Vamos despacio
para encontrarnos
el tiempo es arena en mis manos
sé por tus marcas
cuanto has amado
más de lo que prometiste
Hoy te apuré
(estaba tan sensible)
son espejismos que aumentan la sed
si adelanté no me hagas caso
a veces no puedo con la soledad
Vamos despacio
para encontrarnos
el tiempo es arena en mis manos.
sé por tus marcas
cuanto has dejado
para olvidar lo que hiciste
sentir algo que nunca sentiste
Sos el paisaje más soñado
y sacudiste las más sólidas tristezas
y respondiste cada vez que te he llamado
Vamos despacio
para encontrarnos
el tiempo es arena en mis manos
un lago en el cielo
es mi regalo
para olvidar lo que hiciste
y sentir algo que nunca sentiste
hacerte sentir
algo que nunca sentiste",0.3609469532966614,0.05996132269501686,0.13597989082336426,0.2029087245464325,0.13112105429172516,0.032048698514699936,0.07703331857919693,7,1,128.01,0.83,0.57
Gustavo Cerati,Te Llevo Para Que Me Lleves,"Te conozco de otra vida,
hoy saldrás por la ventana
Como un puñal,
rasgando las tinieblas
si te llevo es para que me lleves, au oh
Sin hablar, solo roces
quiero ver tus ojos rojos
contare hasta tres
y llamare a tu puerta
yo te llevo para que me lleves, au oh
Con las aguas movedizas...
Yo te llevo para que me lleves
de una vida
a otra vida
de una vida
a otra vida
para que me lleves, au oh.",0.49749964475631714,0.08535119891166687,0.1166917160153389,0.06503690034151077,0.0790131539106369,0.028035294264554977,0.12837207317352295,11,0,130.15,0.72,0.45
Gustavo Cerati,Vivo,"Por aquello que encontré en tus ojos
por aquello que perdí en la lucha
conocer la otra mitad es poco
comprender que solo estar es más puro
Me pondré el uniforme de piel humana
no esperaba tanto resplandor
El fin de amar
sentirse más vivo
El fin del mal
sentirse igual vivo
Y como el fuego reflejado en el agua
dibujaba partículas de Dios
El fin de amar
sentirse más vivo
El fin del mal
sentirse igual vivo
Conocer la otra mitad es poco
comprender que solo estar es más puro",0.22172178328037262,0.05606367811560631,0.08148143440485,0.16886742413043976,0.2935766577720642,0.14440181851387024,0.03388720378279686,7,1,179.97,0.48,0.13
Héroes del Silencio,Entre Dos Tierras,"Te puedes vender
cualquier oferta es buena
si quieres poder

Y que fácil es
abrir tanto la boca para opinar
y si te piensas echar atrás
tienes muchas huellas que borrar.

Déjame, que yo no tengo la culpa
de verte caer, si yo no tengo
la culpa de verte caer.

Pierdes la fe, cualquier esperanza
es vana y no se que creer

Pero dígame que nadie te ha llamado
ya estas otra vez.

Déjame, que yo no tengo la culpa
de verte caer, si yo no tengo
la culpa de verte caer.

Entre dos tierras estás
y no dejas aire que respirar,
entre dos tierras estas
y no dejas aire que respirar.

Déjalo ya, no seas membrillo
y permite pasar, si no piensas echar
atrás, tienes mucho barro que cargar.

Déjame, que yo no tengo la culpa
de verte caer, si yo no tengo
la culpa de verte caer.

Entre dos tierras estás
y no dejas aire que respirar,
entre dos tierras estas
y no dejas aire que respirar.",0.3599737286567688,0.014423421584069729,0.05556326359510422,0.06460956484079361,0.30926162004470825,0.18806031346321106,0.008108106441795826,11,0,166.1,0.75,0.51
Héroes del Silencio,Maldito Duende,"He oído que la noche
es toda magia
y que un duende te invita a soñar

Y sé que últimamente
apenas he parado,
y tengo la impresión de divagar.

Amanece tan pronto
y yo estoy tan solo
y no me arrepiento de lo de ayer.

Sí, las estrellas te iluminan
y te sirven de guía
te sientes tan fuerte
que piensas
que nadie te puede tocar

Las distancias se hacen cortas
pasan rápidas las horas
y este cuarto no para de menguar

Y tantas cosas por decir
tanta charla por aquí
si fuera posible escapar de este lugar

Amanece tan pronto
y yo estoy tan solo
y no me arrepiento de lo de ayer.

Sí, las estrellas te iluminan
y te sirven de guía
te sientes tan fuerte
que piensas
que nadie te puede tocar.

Amanece tan pronto
y yo estoy tan solo
y no me arrepiento de lo de ayer.
Sí, las estrellas te iluminan
y te sirven de guía
te sientes tan fuerte
que piensas
que nadie te puede tocar.

Amanece tan pronto
y yo estoy tan solo
y no me arrepiento de lo de ayer.
Sí, las estrellas te iluminan
y te sirven de guía
te sientes tan fuerte
que piensas
que nadie te puede tocar.",0.5258036851882935,0.034789539873600006,0.06578778475522995,0.07730473577976227,0.1769743263721466,0.10114236176013947,0.018197590485215187,4,0,125.8,0.85,0.35
Héroes del Silencio,Avalancha,"La locura nunca tuvo maestro
para los que vamos a bogar sin
rumbo perpetuo

En cualquier otra dirección
con tal de no domar
los caballos de la exaltación

La rutina hace sombra a las pupilas,
que se cierran
a los disfrutes que nos quedan

Avalancha...

Necesitamos el valioso tiempo
que abandonas sin saber
que cojones hacer con el

Nosotros somos la comida
y alguien esta efectivamente hambriento

No hay retorno a la conciencia
tras el desvarió del amor tempestuoso

Avalancha...

Aún nos quedan cosas por hacer,
si no das un paso te estancas
aun nos quedan cosas por decir
y no hablas...

La locura nunca tuvo maestro
para los que vamos a bogar sin
rumbo perpetuo

La muerte será un adorno
que pondré al regalo de mi vida

La luna ejerce extraños influjos
que se contradicen
y no hay quien descifre

Avalancha...",0.11919377744197845,0.01193096674978733,0.13510064780712128,0.04557247832417488,0.6452283263206482,0.021021012216806412,0.021952861919999123,9,1,149.46,0.84,0.45
Héroes del Silencio,La Chispa Adecuada,"Las palabras fueron avispas
y las calles como dunas
cuando aún te espero llegar
en un ataud guardo tu tacto y
una corona
con tu pelo enmarañado
queriendo encontrar un
arco-iris infinito
mis manos que aún son de hueso
y tu vientre sabe a pan
la catedral es tu cuerpo
eras verano y mil tormentas yo
el león
que sonríe a las paredes
que he vuelto a pintar del
mismo color

No sé distinguir entre besos y
raices
no sé distinguir lo complicado
de lo simple
y ahora estas en mi lista de
promesas a olvidar
todo arde si le aplicas la chispa
adecuada

El fuego que es a veces propio
la ceniza siempre ajena
blanca esperma resbalando por
la espina dorsal
ya somos más viejos y sinceros
y qué más da
si miramos la ""laguna""
como llaman a la eternidad
de la ausencia

No sé distinguir entre besos y
raices
no sé distinguir lo complicado
de lo simple
y ahora estás en mi lista de
promesas a olvidar
todo arde si le aplicas la chispa
adecuada",0.23705919086933136,0.020924217998981476,0.1771651804447174,0.19465547800064087,0.26892799139022827,0.07727496325969696,0.023992998525500298,2,0,113.27,0.4,0.24
Héroes del Silencio,La Carta,"No hace mucho que leí tu carta,
y, sin fuerzas para contestar,
mil pedazos al viento nos separan.
pondré casa en un país
lejano para olvidar
este miedo hacia ti, este miedo hacia ti.
Y no hace mucho que rompí
tu recuerdo pensando
acabar de una vez.
pero el tiempo y la distancia
no son todo para mí
siempre hay algo que me hace volver.
Siempre he escuchado, y ya no te creo
¿por qué no te entiendo?
¿por qué estás tan lejos?
siempre he escuchado, y ya no te creo
¿por qué no te entiendo?
¿por qué estás tan lejos?
Sé que siempre he sido así
y que no tengo remedio,
ni lo quiero tener.
pero ni el miedo ni tu cartas
lo son todo para mí
quizás otra vez te echaré la culpa a ti.
Siempre he escuchado, y ya no te creo
¿por qué no te entiendo?
¿por qué estás tan lejos?
siempre he escuchado, y ya no te creo
¿por qué no te entiendo?
¿por qué estás tan lejos?",0.4765830934047699,0.01656067743897438,0.03616935387253761,0.1474715918302536,0.15122373402118683,0.10002002865076065,0.07197153568267822,9,0,170.18,0.86,0.53
Héroes del Silencio,La Sirena Varada,"Y me he enredado siempre entre algas
maraña contra los dedos
cierras la madeja,
con el fastidio del destino

Y el mordisco lo dan otros
encías ensangrentadas
y miradas de criminales
a grandes rasgos podrías ser tu.

Echar el ancla a babor
y de un extremo la argolla,
y del otro tu corazón
mientras tanto, !Te sangra!

Y el mendigo siempre a tu lado,
tu compañero de viaje
cuando las estrellas te alcancen
tarde o temprano
también vendrás tú.

Y duerme un poco mas
los párpados no aguantan ya
luego están las decepciones
cuando el cierzo
no parece perdonar

Sirena vuelve al mar
varada por la realidad
sufrir de alucinaciones
cuando el tiempo no parece escuchar.

Dedicarte un sueño
cerrar los ojos
y sentir oscuridad inmensa
entregado a una luz

Como un laberinto de incertidumbre
esquivas la pesadilla
y sobrevolar el cansancio
y en un instante
en tierra otra vez

El miedo a traspasar la frontera
de los nombres,
como un extraño.

Dibuja la espiral de la derrota
y oscurece tantos halagos,
sol, en la memoria que se va

Y duerme un poco mas
los párpados no aguantan ya
luego están las decepciones
cuando el cierzo
no parece perdonar

Sirena vuelve al mar
varada por la realidad
sufrir de alucinaciones
cuando el tiempo no parece escuchar",0.1695341020822525,0.020773153752088547,0.045477576553821564,0.42328450083732605,0.24733491241931915,0.06252730637788773,0.031068405136466026,8,0,160.05,0.92,0.69
Héroes del Silencio,Mar Adentro,"Y por fin he encontrado el camino
que ha de guiar mis pasos,
y esta noche me espera el amor
en tus labios.

De cada mirada, por dios,
ardía el recuerdo en mi interior,
pero ya he desechado
por siempre la fruta podrida.

En la prisión del deseo estoy.
y aunque deba cavar en la tierra
la tumba que sé que me espera,
jamás me vio nadie llorar así.

Que termine un momento precioso
y le suceda la vulgaridad,
y nadar mar adentro
y no poder salir.

En la prisión del deseo estoy
junto a ti.

Y por fin he encontrado el camino
que ha de guiar mis pasos,
y esta noche me espera el amor
en tus labios.

De cada mirada, por dios,
ardía el recuerdo en mi interior,
y nadar mar adentro
y no querer salir.

En la prisión del deseo estoy.
en la prisión del deseo estoy
junto a ti.
en la prisión del deseo estoy
junto a ti.",0.22388623654842377,0.014575070701539516,0.027718454599380493,0.03704821690917015,0.05180026590824127,0.6336570978164673,0.011314677074551582,2,0,140.35,0.87,0.47
Héroes del Silencio,Iberia Sumergida,"Amanecí
con los puños bien cerrados
Y la rabia insolente
de mi juventud

La ingenuidad
nos absuelve de equivocarnos
que cada uno aporte
lo que sepa

Te hicieron pan
y ahí te consumimos
y la venganza es un trasto
tan inútil

Este es mi sitio
Y esta es mi espina
Iberia sumergida en sus
rumores clandestinos

Formulas preguntas
con semilla de respuesta
y conozco cuál es tu camino
de memoria

Descreo de la razón
de la mayoría
y sus abrazos propietarios
sin salida, salida

Ahora que padeces de insomnio
quisieras morir de siesta

Este es mi sitio
Y esta es mi espina
Iberia sumergida en sus
rumores clandestinos",0.18665321171283722,0.037019409239292145,0.12642261385917664,0.2366245537996292,0.31421709060668945,0.05281370133161545,0.04624944180250168,9,0,121.73,0.92,0.49
Caifanes,Afuera,"Muchos años uno cree
que el caer es levantarse
y de repente
ya no te paras

Que el amor es temporal
que todo te puede pasar
y de repente
estás muy sólo

Afuera
afuera tú no existes, sólo adentro
afuera
afuera no te cuido, sólo adentro
afuera
te desbarata el viento sin dudarlo
afuera
nadie es nada, sólo adentro

Siguen los años y uno está
creyendo que puede rezar
y de repente
ya te perdiste

Y uno cree que puede creer
y tener todo el poder
y de repente
no tienes nada

Afuera
afuera tú no existes, sólo adentro
afuera
afuera no te cuido, sólo adentro
afuera
te desbarata el viento sin dudarlo
afuera
nadie es nada, sólo adentro

Afuera
afuera tú no existes, sólo adentro
afuera
afuera no te cuido, sólo adentro
afuera
te desbarata el viento sin dudarlo
afuera
nadie es nada, sólo adentro",0.47357192635536194,0.04967318847775459,0.10048975050449371,0.09494124352931976,0.15431658923625946,0.08278188854455948,0.04422544315457344,6,0,126.04,0.55,0.7
Caifanes,Viento,"Préstame tu peine
y péiname el alma
desenrédame
fuera de este mundo

Di me que no
estoy sonándote
enséñame
de que estamos hechos.

Que quiero orbitar planetas
hasta ver uno vació
que quiero irme a vivir
pero que sea contigo.

Viento amárranos
tiempo detente muchos años
Viento amárranos
tiempo detente muchos años

Préstame tu peine
y péiname el alma
purifícame
no me abandones

Préstame tu sueño
y duérmeme
embrújame
volvámonos eternos.

Que quiero orbitar planetas
hasta ver uno vació
que quiero irme a vivir
pero que sea contigo.

Viento amárranos
tiempo detente muchos años
Viento amárranos
tiempo detente muchos años",0.46608442068099976,0.043695416301488876,0.06098640337586403,0.11003557592630386,0.18683475255966187,0.07463182508945465,0.05773163214325905,11,0,124.92,0.86,0.45
Caifanes,No Dejes Que...,Cuando veo a travez del vaso Veo a travez del tiempo Donde los sentidos se dislocan Donde los temores se evaporan Y aprovecho para desdoblarme Para salir del vaso Con las paredes sudo tu rastro Con la memoria busco tu rostro Y no se po rque No me importa saber por que No dejes que Nos coma el diablo amor Que se trague tu calor Que eructe mi dolor No dejes que Nos coma el diablo amor Que se trague tu calor Que eructe mi dolor Cuando veo a travez del humo Me voy volando y tu eres mi guia Entre los mundos nos haremos viejos Donde algun dia estaremos tranquilos Y no se por que No me importa saber por que No dejes que Nos coma el diablo amor Que se trague tu calor Que eructe mi dolor No dejes que Nos coma el diablo amor Que se trague tu calor Que eructe mi dolor,0.5928950905799866,0.028051240369677544,0.10045275837182999,0.04893104359507561,0.16087228059768677,0.011014205403625965,0.05778338760137558,2,1,134.03,0.92,0.75
Caifanes,La Célula Que Explota,"Hay veces que no tengo ganas de verte
hay veces que no quiero ni tocarte
hay veces que quisiera ahogarte en un grito
y olvidarme de esa imagen tuya
pero no me atrevo

Hay veces que no dejo de soñarte
de acariciarte hasta que ya no pueda
hay veces que quisiera morir contigo
y olvidarme de toda materia
pero no me atrevo

Hay veces que no se lo que me pasa
ya no puedo saber que es lo que pasa adentro
somos como gatos en celo
somos una célula que explota
y esa no la paras, no la paras
no, no",0.4973384737968445,0.06329730153083801,0.047086652368307114,0.12055003643035889,0.1499154418706894,0.0412662997841835,0.08054570108652115,2,1,123.22,0.48,0.28
Caifanes,Nubes,"Parecemos nubes
Que se las lleva el viento
Cuando hay huracanes
Cuando hay mal de amores
Parecemos presos
Y como presos pensamos
Escapar uno del otro
Y cometer la fuga

Vamos a dar una vuelta al cielo
Para ver lo que es eterno
Vamos a dar una vuelta al cielo
Para ver lo que es eterno

Pensarás que soy un perro
Que en el cerebro tengo moquillo
Que ladro y que no muerdo
Y que soy un mal agradecido

Tengo garras tengo dientes
Y defiendo lo que tengo
Ay amor ya no me tientes
Porque muerdo y ya no suelto

Vamos dar una vuelta al cielo para ver lo que es eterno
Vamos dar una vuelta al cielo para ver lo que es eterno
Que es eterno
Que no entiendes

Vamos a dar una vuelta al cielo
Para ver lo que es eterno
Y luego vienes a buscarme

Vamos a dar una vuelta al cielo para ver lo que es eterno
Vamos a dar una vuelta al cielo para ver lo que es eterno

Vamos a dar un vuelta al cielo para ver lo que es eterno
Vamos a dar una vuelta al cielo para ver lo que es eterno

Ahhh...",0.5940902829170227,0.08563016355037689,0.058119822293519974,0.02871614135801792,0.13722039759159088,0.026523808017373085,0.06969936192035675,9,1,142.08,0.85,0.87
Caifanes,Los Dioses Ocultos,"¿Por qué no puedo andar a gatas
como lo hacen los locos?
¿Por qué no puedo aullarlo todo
como lo hacen los lobos?

¿Por qué no puedo resignarme
y aguantarme hasta la risa?
¿Por qué uno quiere lanzarse desde lo alto
y al bajar buscar olvido?

¿Serán los dioses ocultos o serás tú?
será una decisión mortal
¿serán los dioses ocultos o serás tú?
Será una decisión mortal

¿Por qué no puedo desgarrarme la piel
hasta lograr un vacío?
¿Por qué uno se retuerce entre rincones
mirando al cielo en busca de alguien?

¿Serán los dioses ocultos o serás tú?
será una decisión mortal
¿serán los dioses ocultos o serás tú?
Será una decisión mortal
fatal",0.39956194162368774,0.008363356813788414,0.02980656363070011,0.10977087914943695,0.2855573296546936,0.08321010321378708,0.0837298333644867,7,1,127.56,0.71,0.37
Caifanes,Mátenme Porque Me Muero,"Cuando me muera y me tengan que enterrar
quiero que sea con una de tus fotografías
para que no me de miedo estar abajo
para que no se me olvide como es tu cara
para imaginar que estoy contigo
y sentirme un poquito vivo
matenme porque me muero
matenme porque no puedo
matenme porque me muero
matenme porque no puedo
esta enfermedad es incurable
esta enfermedad ni con un valium
Cuando me muera y me tengan que enterrar
quiero que sea con dulces y no con piedras
por si alguna vez me buscas
estare eternamente lejos
como para darte solo flores
te guardare mil estrellas
Matenme porque me muero
matenme porque no puedo
matenme porque me muero
matenme porque no puedo",0.24287301301956177,0.08128298074007034,0.09923401474952698,0.22746849060058594,0.24495261907577515,0.06598135828971863,0.03820761293172836,0,1,169.23,0.86,0.48
Caifanes,Ayer Me Dijo Un Ave,"Ayer me dijo un ave que volara
por donde no hay ardor
que lo sufrido no resucita en sueños
y en rezos nunca murió

Que saque el aire de mis ojos
que abrace al miedo con tu sueños
que sea un guerrero de sangre
para que nadie te haga daño

Ayer me dijo un ave que volara
hasta desintegrarme
que la distancia no es cansancio
es fuerza, eres tú

Que saque el aire de mis ojos
que abrace al miedo con tus sueños
que sea un guerrero de sangre
para que nadie te haga daño

Que saque el aire de mis ojos
que abrase al miedo con tus sueños
que sea un guerrero de sangre
para que nadie te haga daño

para que nadie te haga daño

para que nadie te haga daño

para que nadie te haga daño.",0.2691270709037781,0.04066122695803642,0.08226983994245529,0.18322059512138367,0.2926895320415497,0.09295521676540375,0.03907649964094162,1,0,123.88,0.19,0.18
Zoé,Azul,"Tú que manera de aferrarte tú
Tú que me órbitas como el Sol
Tú pegada a la pared

Tú que habitas en mi mente tú
Tú, en cada esquina, tú
Tú debajo del mantel

Estoy cayéndome a pedazos por tu ausencia
Y lo peor es que no quiero verte nunca
Estoy hundiéndome en el hábito de amarte
Y tú ya me olvidaste

Tú mirada en el retrovisor
Tú con el vestido azul
Tú llorando en el anden

Estoy cayéndome a pedazos por tu ausencia
Y lo peor es que no quiero verte nunca
Estoy hundiéndome en el hábito de amarte
Tú ya tienes a otro

Tienes a otro
Ya tienes a otro

Ya me olvidaste
Ya me olvidaste
Ya me olvidaste

Estoy cayéndome a pedazos por tu ausencia
Y lo peor es que no quiero verte nunca
Estoy hundiéndome en el hábito de amarte
Y tú ya me olvidaste

Ya me olvidaste
Ya tienes otro",0.36689069867134094,0.02478475496172905,0.047726213932037354,0.08256303519010544,0.3098755180835724,0.1365921050310135,0.03156773000955582,9,1,97.98,0.7,0.49
Zoé,Love,"En tu planeta me quede
fue por un tiempo
nunca fue mi plan
pero mi nave se averio
y ahora estoy
perdido a qui en mañanas con tres soles
y multiples visiones
montañas transparentes
anemonas de luz particulas de amor
y recuerdos de ti

love, love, love",0.2721163332462311,0.5549334287643433,0.08405707031488419,0.038731031119823456,0.01260833628475666,0.010949727147817612,0.026604052633047104,6,1,78.99,0.51,0.73
Zoé,Nada,"Transfusión de magia pura para el corazón
Rímel de miel pa' corregir la tristeza
Tatto mental para marcarse la imaginación
Tragos de luz para alegrarse la vida

Televisión para borrarse de la transmisión
Revolver sexual para la ruleta rusa
Y no sé tú, ni qué dirás,
pero no hay nada mucho que pensar
La oscuridad asecha incrédula
Nada que pueda perder,
nada que no pueda hacer
Algo que te alivie, algo que me cure
Nada que pueda temer, nada que no pueda ser
Algo que te alivie, algo que me cure

Transfusión de magia pura para el corazón
Rímel de miel pa' corregir la tristeza
Televisión para borrarse de la transmisión
Revolver sexual para la ruleta rusa

Y no sé tú, ni qué dirás,
pero no hay nada mucho que pensar
La obscuridad asecha incrédula

Nada que pueda temer,
nada que no pueda ser
Algo que te alivie algo que me cure
Nada que pueda perder,
nada que no pueda hacer
Algo que te alivie, algo que me cure

No hay nada que pueda perder,
que no pueda ser,
que no pueda amar,
que pueda soñar...",0.36452439427375793,0.08241181820631027,0.08410772681236267,0.1098610907793045,0.1493060290813446,0.1853538602590561,0.024435125291347504,2,0,133.55,0.78,0.46
Zoé,Arrullo De Estrellas,"En faro de tu amor, en el regazo de tu piel,
Me dejo llevar al sol.
Es que no hay nadie como tu,
Que me haga sentir sentir así,en un arrullo de estrellas

Te lo digo desde el alma y con el corazón abierto
En un palmo de luz, despojados del dolor
Nos volvemos a encontrar.

Al final del infinito, entre ríos purpura
A la fuente de sal.

En el faro de tu amor, en el regazo de tu piel
Me dejo llevar al sol
Al final del infinito, entre ríos purpura
Nos volvemos a encontrar.

Eres mi amor eterno
Mi ángel de la guarda,
Te lo digo desde al alma, con el corazón abierto.

Entre tus alas dormí
Y en tu mirada complacida crecí
Siempre confiaste en todo lo que soñé,
Me cuidaste y me guiaste hasta aquí.

Te lo digo desde el alma, con el corazón abierto
Eres mi amor amor eterno,
Mi ángel de la guarda.
Te lo digo desde el alma, con el corazón abierto
Eres mi amor amor eterno,
Mi ángel de la guarda.

Te lo dijo desde alma,
María llena eres de gracia ah ahhh ahhh.",0.52921462059021,0.0296085886657238,0.07169456034898758,0.050313882529735565,0.2119130939245224,0.0857163742184639,0.021538861095905304,5,1,81.5,0.76,0.38
Zoé,Vía Láctea,"llevo tu voz en mi voz, grabada con aerosol

tu beso fantasma pegado en mi labio inferior

y el mapa de tu desnudez

llevo el prisma de tus ojos en mi casco de astronauta

y la tímida aurora de tus células...

y todas las noches bajo la vía láctea

parecen eternas si tu no estás

y todas las noches desde mi ventana

conjuro tu nombre inmortal

y a veces llora mi piel cuando se empaña de anhelo

se infla mi mente con tantos recuerdos

que ya no me puedo dormir

y en la alfombra de tus sueños

soy el rayo vagabundo y desmaya y dolece

pero no se apaga

y todas las noches bajo la vía láctea

parecen eternas si tu no estás

y todas las noches desde mi ventana

conjuro tu nombre inmortal

llevo el prisma de tus ojos en mi casco de astronauta

y la tímida aurora de tus células

vía láctea, vía láctea, vía láctea si tu no estás

vía láctea, vía láctea, vía láctea si tu no estás

y se que te vuelvo a encontrar...",0.5019808411598206,0.06086440756917,0.061471547931432724,0.10857029259204865,0.1253543347120285,0.03163178265094757,0.11012676358222961,7,1,150.98,0.76,0.57
Little Jesus,La Magia,"Ese trabajo te va a matar,
No se como lo puedes aguantar.
Abre los ojos para verlo:
Crees que estás lejos pero sigues igual.

Corriendo a toda velocidad.
Se te va el tren y no va a regresar.
Eso te pasa cuando cambias,
Eso te pasa por hablar de más.

¿Y que más da, lo que sera?
¿Cuánto tiempo crees que durará?
Si no tenemos nada, siempre podemos aportar:
Yo las canciones, y tu la magia.

Y yo sé que no vas a regresar.
Pero nadie se tiene que enterar
De lo que pasa cuando faltas,
Y todo lo que falta por pasar.

Corriendo a toda velocidad.
Sin miedo pero con ansiedad.
Los días se pasan muy lento,
Las noches son nuestras especialidad.

¿Y que más da, lo que sera?
¿Cuánto tiempo crees que durará?
Si no tenemos nada, siempre podemos aportar:
Yo las canciones, y tu la magia.

Y yo sé que no vas a regresar.
Pero nadie se tiene que enterar
De lo que pasa cuando faltas,
Esto te pasa por hablar de más.

¿Y que más da, lo que sera?
¿Cuánto tiempo crees que durará?
Si no tenemos nada, siempre podemos aportar:
Yo las canciones, y tu la magia.

No, no puede ser. ¿Qué vas a hacer?
Te quiero volver a conocer.
Si no tenemos nada siempre podemos aparecer:
Yo las canciones y tu la magia.",0.5470483303070068,0.012447807006537914,0.023819701746106148,0.07920173555612564,0.14601697027683258,0.15663835406303406,0.034827135503292084,10,1,156.94,0.88,0.48
Little Jesus,TQM,"Búscame cuando tu estado de ánimo no esté muy bien
Llévame por todos lados y cuando estés mejor, olvídame
Dile a todas tus amigas. Escríbeles ""jajaja""
Ahora que estás muy arriba y no sabes si pronto vas a bajar
Tuve un mal presentimiento ayer
Las nubes bajaron a ver cómo mis manos temblaron
Y mis piernas no pudieron correr

Sólo te quiero para que me digas lo que ya sé de mí
Llevarte hasta la cima del universo y dejarte ahí
Sólo te quiero para que me quites el sueño
Y me prestes un par de secretos
Hasta que dejen de serlo, y sean la verdad
Perder el tiempo y no encontrarlo ni un momento
Porque el planeta va muy lento
Y a veces siento que me quiero bajar

Estoy tratando de ocultarlo; que no puedo controlarlo
Me controla a mí, no me deja ver lo simple que puede ser
Todo el tiempo estoy pensando en el peor de los casos
Y a veces no me puedo contener
Dime que debo hacer

Sólo te quiero para que me digas lo que ya sé de mí

Estoy tratando de ocultarlo; que no puedo controlarlo
Me controla a mi, no me deja ver lo simple que puede ser
Todo el tiempo estoy pensando en el peor de los casos
Y a veces no me puedo contener
Dime que debo hacer
¿Cuántos minutos de cada año tengo que disimularlo?
Me siento en otro planeta y no sé si voy a volver",0.33967772126197815,0.02136099338531494,0.03129918500781059,0.07380741834640503,0.36556118726730347,0.1310151368379593,0.037278447300195694,7,1,105.03,0.39,0.24
Little Jesus,Azul,"Dime, ¿qué va a ser de ti cuando seas grande?
¿Será muy tarde para invitarte a inventar algo nuevo?
Naves espaciales que nos vuelvan parte
De cosas que antes no imaginaste y que ahora son un juego

¿Quién más va a creer
Tus historias del mundo al revés?
Quiero convencer
Te dé lo que sé, uh

Tú y yo somos igual que otros normales
Llegamos tarde a todas partes, siempre tenemos miedo
Vamos a crecer y dejar de creer en lo que nunca vemos
Pero sabemos que existe si queremos

¿Quién más va a creer
Tus historias del mundo al revés?
Quiero convencer
Te dé lo que sé

¿Quién más va a entender
Tus historias del mundo al revés?
Quiero convencer-
Te dé lo que sé, uh

Uh, azul, azul, azul
Se siente, se siente, se siente, se siente todo
Uh, azul, azul, azul
Se siente, se siente, se siente, se siente todo

Uh, azul, azul, azul
Se siente, se siente, se siente, se siente todo
Uh, azul, azul, azul
Se siente, se siente, se siente, se siente todo",0.5476532578468323,0.011949877254664898,0.012385765090584755,0.050795115530490875,0.21299386024475098,0.10055217146873474,0.06367002427577972,7,1,147.01,0.65,0.53
Little Jesus,Fuera de Lugar,"Que noche tan rara, yo sé que lo puedes ver
La ciudad se siente como una tormenta a punto de caer
De Sonora a Colima, sintiéndome Ulises Lima
Llegué en el peor estado posible y no te pude ver

Pero tu, pesadilla de locos solitarios como yo
Quiero hacerte respirar
Y yo, solo quiero verte regresar

Era un tonto, cuando yo te conocí
Quería comerme el mundo y eso te incluía a ti
Era salvaje pero me quedé en el viaje
Quiero que tu sepas todo, todo lo que no puedo decir

Pero tu, pesadilla de locos solitarios como yo
Quiero hacerte respirar
Y yo, solo quiero verte regresar
Pero tu, pesadilla de locos solitarios como yo
Quiero hacerte respirar
Y yo, solo quiero verte regresar

Tu, pesadilla de locos solitarios como yo
Quiero hacerte respirar
Y yo, solo quiero verte regresar
Solo quiero verte regresar
Solo quiero verte regresar",0.1265622079372406,0.011274599470198154,0.19977928698062897,0.051917754113674164,0.530438244342804,0.06455166637897491,0.015476233325898647,2,1,171.04,0.53,0.64
Little Jesus,Cabras,"Esta es la última carta de amor que te escribo
O la primera, si tú quieres
Y más que carta, es un rezo
Para pedirte que te acuerdes
Que nosotras nos conocimos en cautiverio
Cuando dormíamos en el piso
Cuando nos entraba el frío a través de la reja
Y nunca abríamos la puerta

No es tu culpa querer tanto
Amar nunca será malo

Para que te acuerdes que nos conocimos cansadas
Con la espalda contracturada
Y tú ya habías aprendido a bajar las armas
Por venir de una ternura infinita
Y yo tenía la guerra incrustada
Por venir de una herida abismal

No es tu culpa, quererme tanto
Amar nunca será malo

Todas las cosas tienen su ritmo
Y nosotras estábamos aceleradas
Cuando me conociste ya tenía taquicardia
Y cuando te conocí
Tú ya te sentías absolutamente sola

No es nuestra culpa querernos tanto
Amar nunca será malo

Yo te conocí cuidando un pedazo de Luna enferma
Al que le hicimos un funeral en nuestro patio
Con una caja de zapatos llena de buganvilias
Cavamos con el respaldo de una silla
Y nos dimos cuenta de lo dura que es la tierra

No es tu culpa querer tanto
Amar nunca será malo

Por eso te escribo
Para recordarte que empezamos
Como dos cabras en medio del fuego
Que siempre fuimos con prisa
Porque eso pasa cuando estás dispuesta
A poner tu vida por lo que llamas casa
Y porque en esa casa nuestro cuerpo era tan fugaz
Que mañana podríamos ya no estar

No es nuestra culpa querernos tanto
Amar nunca será malo

Para recordarte que nos conocimos amenazadas de muerte
Y que en cualquier momento alguien podría entrar
Romper el candado
Molernos a palos
Pero teníamos fe

No es tu culpa querer tanto
Amar nunca será malo

Para decirte que creer duele
Que confiar envejece
Que te pone de rodillas
Que hace que tu cuerpo se ponga en el borde
Y se deje caer

No es tu culpa, quererme tanto
Amar nunca será malo

Nunca tuvimos una cita
Nos conocimos en fuga con el rostro cubierto
Y tú ya sabes de mí que soy una nube
Y yo ya sé de ti que eres un sauce
Que nunca será un buen momento para dejarnos
Porque las cosas que se rompen
Nunca vuelven a existir

No es nuestra culpa querernos tanto
Amar nunca será malo

Tú me enseñaste a no ser una escapista
A observar cómo los gatos viven su dolor
Y que del amor una no debe arrepentirse
Para decirte que pido por ti como pido por mí
Y no me arrepiento

No es nuestra culpa querernos tanto
Amarte nunca será malo

Vivo mi dolor como los gatos
Vivo esta enfermedad de no verte dormir y la entiendo
Para decirte que estoy preparando mi propio funeral
O el funeral de esta cosa rota
Que se estrelló en la carretera

No es nuestra culpa querernos tanto
Amarnos nunca será malo

Entierro otra caja de zapatos
Aunque me rompa los brazos por cavar
Porque yo no sé salir del amor entera
Sino quebrada
Termino como serpiente, lo que empecé como cabra",0.547967791557312,0.028120625764131546,0.06273960322141647,0.07371915876865387,0.19477055966854095,0.05163469538092613,0.041047584265470505,11,1,146.99,0.9,0.83
Little Jesus,Norte,"Cuando el norte se vuelve el sur
Todos vemos la misma luz
Nunca fuimos como nos pensaban
Caminamos sin cansarnos
Hasta que el calor te apaga

Ay, qué mal
Que tengas que dormir cuando el día acaba de empezar
No hay nada
Peor que ver la mañana obligando a la luna a escapar
Qué mal
Que tengas que dormir cuando el día acaba de empezar
No hay nada
Peor que ver tu mirada y no poder hablar

Las olas hacen de mi voz
Hasta cuando se apaga el sol
Quiero tus sonrisas en un frasco
Listas para usar cuando no quede
Nadie más que hacerlo

Ay, qué mal
Que tengas que dormir cuando el día acaba de empezar
No hay nada
Peor que ver la mañana obligando a la luna a escapar
Qué mal
Que tengas que dormir cuando el día acaba de empezar
No hay nada
Peor que ver tu mirada y no poder hablar

Ay, qué mal
Que tengas que dormir cuando el día acaba de empezar
No hay nada
Peor que ver la mañana obligando a la luna a escapar
Qué mal
Que tengas que dormir cuando el día acaba de empezar
No hay nada
Peor que ver tu mirada y no poder hablar

Cuando el norte se vuelve el sur
Cuando el norte se vuelve el sur
Cuando el norte se vuelve el sur
Cuando el norte se vuelve el sur
Cuando el norte se vuelve el sur
Cuando el norte se vuelve el sur",0.5006754994392395,0.03726194053888321,0.06798195093870163,0.0874379575252533,0.22995536029338837,0.04228442162275314,0.03440288081765175,9,1,117.04,0.5,0.52
Porter,Host of a Ghost,"I
insist
that you are in love my lover
you
passed out
and I didnt even noticed
I
think in position when I see your eyes
Froyd will be very,very,very

mad

So,so,so,so..
sorry youre gone
So,so,so,so...
deep in my mind

Lovely,
lovely time is nothing but
lovely
Lovely, lovely time is nothing while (lovely)
Lovely, lovely time is nothing but (lovely)

You're a host of a ghost
You're a host of a ghost
You're a host,
you're a host of a ghost
You're a host of a ghost,
of a ghost, of a ghost..

Lovely, lovely time is nothing but (lovely)
Lovely, lovely time is nothing but (lovely)...
(Lovely time..)

You're a host of a ghost...",0.062492094933986664,0.01629657670855522,0.8167799711227417,0.004795876331627369,0.007109669037163258,0.003081126604229212,0.08944467455148697,1,1,142.03,0.74,0.38
Porter,Espiral,"Estoy callendo por un espiral
y ahora si ya te mande a clonar

Un grupo de doctores
en Tijuana dijo ven yo te puedo ayudar

Oh oh oh oh oh ...

Perdón que ya no aguante tu partida
pero es la perra soledad
sé bien que no pedi permiso pero sé muy bien
que tu lo harias también

Empiezo a pensar
y empiezo a pensar
que ya no hay más

Sin ti ya no hay más
sin ti ya noy hay más
sin ti ya no hay más
sin ti ya no más

Y estoy callendo por un espiral
y a ahora si ya te mande a clonar

Un grupo de doctores
en Tijuana dijo ven yo te puedo ayudar

Oh oh oh oh oh oh ...

Y empiezo a pensar
y empiezo a pensar
que ya no hay más
que ya no hay más

Sin ti ya no hay más
sin ti ya noy hay más
sin ti ya no hay más
sin ti ya no más

No lo hay

Que empiece el proceso de
der normal

Hay hay hay hay hay ...

Creo que ahora si me estoy volviendo loco loco casi loco
Creo que ahora si me estoy volviendo loco loco loco
Creo que ahora si me estoy volviendo loco loco

La hora de la dicción",0.5182156562805176,0.020916201174259186,0.10268564522266388,0.042383503168821335,0.20657692849636078,0.03109186328947544,0.07813024520874023,6,1,134.97,0.68,0.13
Porter,Pájaros,"Me queda poco para consentirte
Para arreglarme el alma
Para poder soltar
Y que el viento se lleva todo
Que ya no existes mas
Se está apagando tu mirada

Y que el tiempo cura todo
No es cierto
Y que la luna es de queso
No es cierto

Me parece escuchar tu voz en mi corral
No quiero estar vivo, tampoco muerto
(¡Muerto! ¡Muerto!)
Estando frente a ti no pude reaccionar
Te fuiste borrando como un recuerdo
(¡Lento! ¡Lento!)

Dame una senal, tan solo una razon
Para arreglarme el alma
Para poder sanar
Porque siento que no es cierto
Que tú ya no existes mas
Se está secando mi mirada
Quiero poder soltar

El tiempo cura todo
No es cierto
Y que la luna es de queso
No es cierto

Me parece escuchar tu voz en mi corral
No quiero estar vivo, tampoco muerto
(¡Muerto! ¡Muerto!)
Estando frente a ti no pude reaccionar
Te fuiste borrando como un recuerdo
(¡Lento! ¡Lento!)

(¡Muerto! ¡Muerto!)
(¡Lento! ¡Lento!)
(¡Muerto! ¡Muerto!)
(¡Lento! ¡Lento!)",0.22121703624725342,0.11060792207717896,0.04785609617829323,0.27782633900642395,0.1876499503850937,0.08389229327440262,0.07095024734735489,11,1,123.0,0.78,0.53
Porter,Daphne,"So blue
and violently calmed
I drowned
but yet i feel so fine
and some how.....
don´t know why
i love it down here
(EHH)
sale el sol
y aunque ahogado veo el resplandor
(EHH)
ya me fui
mas sigo en el fondo
so blue
and violently calmed
I drowned
but yet i feel so fine
and some how.....
don´t know why
i love it down here
(EHH)
sale el sol
y aunque ahogado veo el resplandor
(EHH)
ya me fui
mas sigo en el fondo
I thought you did
but you don´t know me.....
(EHH)
sale el sol
y aunque ahogado veo el resplandor
(EHH)
ya me fui
mas sigo en el fondo
I thought you did
but you don´t know me.....",0.042679622769355774,0.06976108253002167,0.3177854120731354,0.0644470751285553,0.397320032119751,0.0031911281403154135,0.10481562465429306,0,1,130.17,0.48,0.04
Porter,Rincón Yucateco,"¡¿Qué más?!
Me pides amar!
Que de rodillas!
Llegue a la villa!

Memorizar!
Para no pensar!
Quema la villa!
Quema la herida!
(Vuela, vuela)

Camelia se perdió!
Buscando en las malaguas
Tan dulce la ilusión
De alguna vez tocarlas

Ay! Se paró su corazón!
Se ha fundido con las piedras
Del color de un caracol
Se confunde con la arena
Ay! También me perdí yo
Con el brillo de las perlas!
Tan bonito es su color
Que se matan por tenerlas

Camelia vuelves al telón
De la tristreza [?] que de mi no cesa

Ay! Se paró su corazón
Se ha fundido con las piedras
Del color de un caracol
Se confunde con la arena
Ay! También me perdí yo
Con el brillo de las perlas
Tan bonito es su color
Que se matan por tenerlas

Camelia se perdió
Se ha fundido con las perlas
Se paro su corazón
Se confunde con la arena",0.13707125186920166,0.10076837986707687,0.0327189639210701,0.467866986989975,0.0976637452840805,0.06218336895108223,0.10172729939222336,4,0,139.82,0.63,0.28
Él Mató a un Policía Motorizado,El Tesoro,"Ah, paso todo el día pensando en vos
Ah, ¿qué hay de malo en todo esto?
Ah, paso todo el día pensando en vos
Ah, vos pensás que pierdo el tiempo

Perdón si estoy de nuevo acá
Pensé que habías preguntado por mí
Me gusta estar de nuevo acá
Aunque no hayas preguntado por mí
Voy a quedarme un poco acá
Cuidarte siempre a vos en la derrota
Hasta el final, del final

Ah, todo lo que hago es para vos
Ah, el tesoro se esta hundiendo
Ah, todo lo que hago es para vos
Ah, vos pensás que pierdo el tiempo

Perdón si estoy de nuevo acá
Pensé que habías preguntado por mí
Me gusta estar de nuevo acá
Aunque no hayas preguntado por mí
Voy a quedarme un poco acá
Cuidarte siempre a vos en la derrota
Hasta el final, del final

Es la depresión sin épica
La depresión sin épica",0.4410771429538727,0.0420185923576355,0.030537737533450127,0.08371268212795258,0.2134919911623001,0.10674233734607697,0.08241946995258331,1,0,112.87,0.75,0.57
Él Mató a un Policía Motorizado,La noche eterna,"Hoy, voy a salir a buscar todo lo que quiero
Voy a derrumbar, mi casa y empezar de nuevo
Todos se escondieron ya, bajo la noche eterna
Sé que el cosmos cuida a todos por igual

Dame algo ésta noche, esta noche es especial
Voy a recorrer tu casa en la oscuridad
Dame algo ésta noche, esta noche es especial
Tan brillante como el oro, en la oscuridad

Hoy, voy a salir a robar todo lo que quiero
Voy a derrumbar, mi casa y empezar de nuevo
Todos se escondieron ya, bajo la noche eterna
Sé que el cosmos cuida a todos por igual

Dame algo esta noche, esta noche es especial
Voy a recorrer tu casa en la oscuridad
Dame algo esta noche, esta noche es especial
Tan brillante como el oro en la oscuridad

Esta vez voy a ser lo que yo quiero ser
Esta vez voy a ser lo inesperado a ser

Dame algo esta noche, esta noche es especial
Voy a recorrer tu casa en la oscuridad
Dame algo esta noche, esta noche es especial
Tan brillante como el oro en la oscuridad",0.5469368100166321,0.11220745742321014,0.047725580632686615,0.05339525640010834,0.1680196225643158,0.04107236862182617,0.030642898753285408,4,1,104.99,0.49,0.3
Vetusta Morla,Copenhague,"El corria nunca le enseñaron a andar se fue,
tras luces palidas
Ella huia de espejismos y horas de mar
Aeropouertos unos vienen otros
se van igual que Alicias en ciudad
El valor para marcharse el miedo a llegar

Llueve en el canal la corriente
enseña el camino hacia el mar
Todos duermen ya
Dejarse llevar suena demasiado bien
Jugar al azar
Nunca saber donde puedes terminar o empezar

Un instante mientaras los turistas se van
Un tren de madrugada consiguio
trazar la frontera entre siempre o jamas

Llueve en el canal la corriente
enseña el camino hacia el mar
Todos duermen ya
Dejarse llevar suena demasido bien
Jugar al azar
Nunca saber donde puedes terminar o empezar
o empezar

Ella duerme tras el vendabal
se quito la ropa sueña con despertar
en otro tiempo y en otra ciudad
Dejarse llevar
Suena demasiado bien
Jugar al azar nunca saber
donde puedes terminar o empezar
terminar o empezar
terminar o empezar

(Gracias a Angela por esta letra)",0.515468180179596,0.03154830262064934,0.04879346862435341,0.07433974742889404,0.26214486360549927,0.027236204594373703,0.040469296276569366,9,1,92.96,0.74,0.48
Vetusta Morla,Valiente,"Tras de mi una escena y diez mil frases que repetir
Ya ves lo que es no es
Yo no voy a contar lo mejor a ocultar lo peor
Me pongo el mejor chaquet
No digo lo que digo , hago lo que no hago
Al revés , al revés porque
Ser valiente no es solo cuestión de suerte
A veces no soy yo
Busco un disfraz mejor
Bailando hasta el apagón
¡Disculpad mi osadía!
Tu también tienes que ver que nunca tengo mi papel
Nube gris riega todo el jardín,todo el jardín , todas las flores que no probé
No olvido los sueños vuelvo a lo que no acabó
No perdí no perdí porque ser valiente no es solo cuestión de verte
A veces no soy yo
Busco un disfraz mejor
Bailando hasta el apagón
¡Disculpad mi osadía!
Pensad que ya no estoy
Que el eco no es mi voz
Mejor aplaude y vamonos
Que termine esta función
¡Deme la voz!
¡Apuntador, deme la voz!

(Thanks to Cris for these lyrics and to Ilaria for these corrctions)",0.21596990525722504,0.12239424884319305,0.051152199506759644,0.24461980164051056,0.2074611634016037,0.06361865252256393,0.09478401392698288,4,0,140.02,0.9,0.57
Vetusta Morla,Sálvese Quien Pueda,"Puedo volver, callar, forzar la realidad.
Puedo doler, arrasar, sentir que no doy más.
Puedo escurrir, pasar, fingir que me da igual.
Puedo incidir, escapar, partirme y negociar la otra mitad
Puedo romper, olvidar, comerme la ansiedad.
Puedo salir, girar, ser fácil de engañar.
Puedo joder, encantar, llamarte sin hablar.
Puedo vencer, palmar, saber que sin vosotros duele más.
Puede ser que mañana esconda mi voz por hacerlo a mi manera.
¡Hay tanto idiota ahí fuera!
Puede ser que haga de la rabia mi flor y con ella mi bandera.
¡Sálvese quien pueda!
Puedo torcer, lanzar, perderme en la obviedad.
Puedo servir, cansar, saber que sin vosotros duele más.
Puede ser que mañana esconda mi voz por hacerlo a mi manera.
¡Hay tanto idiota ahí fuera!
Puede ser que haga de la rabia mi flor y con ella mi bandera.
¡Sálvese quien pueda!

(Gracias a Petalo_marchito por esta letra)",0.08443743735551834,0.016515512019395828,0.026723571121692657,0.58074951171875,0.10237197577953339,0.18597394227981567,0.0032280911691486835,6,0,132.05,0.87,0.34
Vetusta Morla,Maldita Dulzura,"hablemos de ruina y espina
hablemos de polvo y herida
de mi miedo a las alturas
lo que quieras pero hablemos

de todo menos del tiempo
que se escurre entre los dedos

hablemos para no oirnos
bebamos para no vernos
hablando pasan los dias
que nos quedan para irnos
yo al bucle de tu olvido
tu al redil de mis instintos

maldita dulzura la tuya
maldita dulzura la tuya
maldita dulzura la tuya

me hablas de ruina y espina
te clavas el polvo en la herida
me culpas de las alturas
que ves desde tus zapatos

no quieres hablar del tiempo
aunque este de nuestro lado
y hablas para no oirme
y bebes para no verme
yo callo y rio y bebo
no doy tregua ni consuelo
y no es por maldad lo juro
es que me divierte el juego

maldita dulzura la mia
maldita dulzura la mia
maldita dulzura la mia

maldita dulzura la nuestra",0.4588213562965393,0.06180494651198387,0.1342538595199585,0.15171082317829132,0.10834068059921265,0.028503553941845894,0.05656467378139496,4,0,182.89,0.51,0.47
Vetusta Morla,La marea,"La marea me dejó arenas de plata, que pondré en el reloj, el tiempo que no pasa.

La marea me dejó islas inundadas, donde atrapar con mi red una historia de piratas.

La marea me dejó la piel cuarteada, la miel en los labios, las piernas enterradas (bis)

La marea me dejó aromas de barro, algas tejidas en forma de desengaño.

La marea me dejó unas conchas sin nombre, con que un niño hizo un collar de un alfabeto que no entiende el hombre.

La marea me dejó la piel cuarteada, la miel en los labios, las piernas enterradas (bis)

La marea me dejó cangrejos salados, burbujas de hielo y un libro en blanco.

La marea me dejó los versos borrados, la tinta, un borrón, un papel mojado.

La marea me dejó la piel cuarteada, la miel en los labios, las piernas enterradas (bis)

(Thanks to Cris for these lyrics)",0.797743558883667,0.03244509547948837,0.019985131919384003,0.03440919518470764,0.04380888491868973,0.05016631260514259,0.021441875025629997,2,0,79.92,0.36,0.21
Vetusta Morla,Al respirar,"He dejado en el sillín las pinturas y una historia en blanco.
No hay principio ni final, sílo lo que quieras ir contando.

La burbuja en que crecí nos vendií comodidad y un nudo entre las manos.
Yo escogí la ambigíedad, el fantasma lo real, todo en el mismo barco, no sí si equivocado...

Y al respirar propongo ser quien ponga el aire, que al inhalar, me traiga el mundo de esta parte.

He dejado en el sillín las pinturas y una historia en blanco.
Yo me marcho a otro lugar, puede que el viaje sea largo.
Yo escogí la ambigíedad, el fantasma lo real, todo en el mismo barco, no sí si equivocado... ooh aaah

Y al respirar propongo ser quien ponga el aire, que al inhalar, me traiga el mundo de esta parte.

Al respirar, si no respiro es por no ahogarme.
Si huele mal, tal vez sea lo mejor marcharse...

Na na na na aaaah

Intenta no respirar...
Intenta no respirar...
Intenta no respirar...
Intenta no respirar...

aaaaah...

(Thanks to Cris for these lyrics)",0.5000236630439758,0.01963120512664318,0.06856156885623932,0.034461937844753265,0.22504378855228424,0.10840235650539398,0.04387548938393593,7,0,82.15,0.5,0.14
Vetusta Morla,Un día en el mundo,"Por el día nos encierran en sus jaulas de cemento y aprendemos del leín.

Por las noches atrapamos corazones axfixiados y disparos en su honor...

Mírame, soy feliz, tu juego me ha dejado así.
Consumir, producir, la sangre cubre mi nariz.
No sí dínde quedí el rumor que nos vio nacer. Pagí la jaula al domador.

Dilatamos las pupilas en encuentros con sirenas con las piernas de neín, y blasfemamos por dios, prometemos por vos, machacamos nuestros cuerpos prietos por un sueío de cartín.

Mírame, soy feliz, tu juego me ha dejado así.
Disfrazar, seducir, ponerme guapo para ti.
No sí dínde quedí el rumor que nos vio nacer, pagí la jaula al domador.

Mírame, soy feliz...
Mírame, tu juego me ha dejado así...
Mírame...
íQuí hago aquí?
Mírame...
Tu juego me ha dejado así.

No sí quí fue de aquel rumor que nos vio crecer, siendo la carne del leín.

Mírame, soy feliz, tu juego me ha dejado así.
Engaíar, seducir, ponerme guapo para ti.
No sí dínde quedí el rumor...
Pagí la jaula al domador.

Mírame, soy feliz, mírame, tu juego me ha dejado así

(Thanks to Cris for these lyrics)",0.5572441816329956,0.009737222455441952,0.01717902347445488,0.209115669131279,0.03286184370517731,0.15998566150665283,0.013876335695385933,2,1,92.02,0.86,0.34
Vetusta Morla,Los Días Raros,"Ábrelo, ábrelo despacio.
Di, ¿qué ves?. Dime, ¿qué ves? .. ¿si hay algo?;
un manantial breve y fugaz entre las manos.

Toca afinar, definir de un trazo ..
Sintonizar, reagrupar pedazos ..
en mi colección de medallas y de arañazos.

Ya está aquí ..
¿Quién lo vio bailar como un lazo en un ventilador ..?
¿Quién iba a decir que sin carbón no hay reyes magos ..?

Aún quedan vicios por perfeccionar en los días raros,
los destaparemos en la intimidad con la punta del zapato.

Ya está aquí ..
¿Quién lo vio bailar como un lazo en un ventilador ..?
¿Quién iba a decir que sin borrón no hay trato ..?

El futuro se vistió con el traje nuevo del emperador.
¿Quién iba a decir que sin carbón no hay reyes magos ..?

Nos quedan muchos más regalos por abrir,
monedas que al girar .. descubran un perfil.
Ya empieza el celofán .. y acaba en eco!!!",0.5108501315116882,0.012867576442658901,0.024984506890177727,0.0665462464094162,0.10740101337432861,0.06276920437812805,0.21458125114440918,4,1,90.11,0.44,0.05
Love of Lesbian,Club de fans de John Boy,"Todos los raros fuimos al concierto del gran telépata de Dublín
Media hora antes invadimos el metro, yo iba obligado y tu en éxtasis
Y tanto os daba ocho como ochenta a los fanáticos de John Boy
Frente al estadio ya cantabais sus temas, primeras filas vuestra obsesión

Decíais que John Boy era boreal, algo ambiguo y de infancia gris
Sinceramente yo lo detestaba hasta morir
La luz se desmayó, ""¿con cual van a empezar?""
A ti te daba igual, dijiste: ""acertará""

Oh, oh, oh!

Como es posible que haya estado en tus infiernos
Es imposible, no, misterio, y quien tuviera su don
Sería posible conocerte más por dentro
No lo conseguiré, saber más de ti

Yo no soy fan, otro fan de John Boy
Odio a John Boy, tu odiarás a John Boy

De aquellas masas era el gran insecto, ""tiene poderes"" llegaste a decir
Creo que lleva media vida huyendo, quizás le pasa lo mismo que a mi
Había expandido su emisión global desde Lima hasta Reikiavik
Y sin embargo a quien tenía cerca no podía transmitir

Mirada universal de alcance personal
Me hipnotizó por fin con su verso letal

Oh, oh, oh!

Como es posible que haya estado en sus infiernos
Es imposible, no, misterio, y quien tuviera su don
Sería posible conocerte más por dentro
No lo conseguiré, nunca sabré

Si yo no tengo su don
Si yo no tengo su don

Y ahora ya soy, y ahora ya, ya lo soy
Y ahora ya soy, otro fan de John Boy
Y ahora ya soy, y ahora ya, ya lo soy
Y ahora ya soy, otro fan de John Boy",0.478823184967041,0.03248950466513634,0.04550151899456978,0.059413790702819824,0.21162229776382446,0.0475626103579998,0.12458709627389908,11,0,132.04,0.82,0.78
Love of Lesbian,Lucha de Gigantes,"Lucha de gigantes
Convierte
El aire en gas natural
Un duelo salvaje advierte
Lo cerca que ando de entrar
En un mundo descomunal
Siento mi fragilidad.

Vaya pesadilla
Corriendo
Con una bestia detras
Dime que es mentira todo
Un sueño tonto y no más
Me da miedo la enormidad
Donde nadie oye mi voz.

Deja de engañar
No quieras ocultar
Que has pasado sin tropezar, no
Monstruo de papel
No sé contra quien voy
¿O es que acaso hay alguien mas aquí?

Creo en los fantasmas terribles
De algun extraño lugar
Y en mis tonterías para
Hacer tu risa estallar
En un mundo descomunal
Siento tu fragilidad

Deja de engañar
No quieras ocultar
Que has pasado sin tropezar
Monstruo de papel
No sé contra quien voy
¿O es que acaso hay alguien más aquí?

Deja que pasemos sin miedo.",0.5232467651367188,0.02905644290149212,0.04443671926856041,0.08910681307315826,0.1673930138349533,0.10043178498744965,0.046328525990247726,4,0,108.13,0.48,0.36
Love of Lesbian,Incendios de nieve,"Ya ves, soy un loco y son más de las tres,
ya sé que está mal romper ventanas de un bloque
para encontrarte y decirte ""no habrá más reproches"".

Intento mostrarte que lo mío es real,
quise alquilar un cantante de peso
y, la verdad, me asusté al leer esos precios.

No serás capaz de odiarme,
tan sólo quería ilustrar
que quiero arriesgarme a conocerte
porque el miedo al fin cayó, al fin cedió.

Tú mira hacia abajo, llevo una banda especial,
doscientos sonámbulos que silban de miedo,
flautistas morenos y seis timbaleros, dos mancos
y espectros de noche que encontré en la ciudad,
como este anormal con un didgeridoo negro,
mal ventilado y peor de los nervios que yo.

No serás capaz de odiarme,
si lo he empeorado aún más
que bajen tus labios y me callen,
sino empezaremos a silbar.

Por si alguien aún duerme,
incendios de nieve y calor, calor,
a veces te pasas, incendios de nieve y calor, calor.

Y al parecer nos sienta bien pelear,
justo al contrario, fortalece más.
Supera esto, no serás capaz,
supera esto, no serás capaz,
no ...",0.674959123134613,0.015741698443889618,0.03924744948744774,0.06392266601324081,0.09206721931695938,0.08425324410200119,0.02980859950184822,7,1,130.07,0.56,0.28
Love of Lesbian,Maniobras de escapismo,"Ya no vale echarse atrás,
vamos a ultimar el plan de escapismo,
lo has prometido.

Si día a día hemos ido a peor,
si nunca caes de pie, ¿quién mueve los hilos?,
corta el ciclo.

Noche maga, ¿adónde fuiste?
De nada sirve ir a más velocidad
si los recuerdos te encadenan.
Y encerrado entre ti mismo,
maniobras de escapismo
se convierten en refugios o salidas
por donde escapar.

Por las ventanas sé que escaparán,
van a ser un millón, un millón,
saldrán por las calles
a asustarles.
Creo que tiemblas como un flan,
prometiste iniciar conmigo el viaje,
no me plantes.

Noche maga, ¿adónde fuiste?
De nada sirve ir a más velocidad
si los recuerdos te encadenan.
Y encerrado entre ti mismo
maniobras de escapismo ...
me diluirán.",0.5931249260902405,0.011591162532567978,0.028955090790987015,0.07666032016277313,0.1049678698182106,0.12691070139408112,0.05778990685939789,0,1,144.99,0.77,0.62
Love of Lesbian,1999,"Hasta aquí llegó el ritual
de enfados y canibalismo estúpido.
Son demasiadas horas en vela
y nada que decir.

Descansamos nuestra espalda
en las persianas bien cerradas,
tú y yo anémicos
y a cada parpadeo calmado
intentamos dormir.

Terapias mal llevadas sin nadie
que mediara por dos histéricos,
mis gritos envasados al vacío
reventaron al fin.

Y ahora congelo cada instante
sabiendo de antemano
que son los últimos
la noche en que el noventa y nueve
llegó hasta abril.

Ya no hay ganas de seguir el show,
ni de continuar fingiendo,
sólo quiero ser espectador,
relax, entertainment.

Me pregunto quién pensó el guión,
debe estar bastante enfermo,
fue el estreno de un gran director,
le caerán mil premios.

Y al subir al taxi
mis palabras son vapor de cristal
y me dejo el alma
cuando escribo en la ventana:
""que sea cierto el jamás"".
¡Oh, cállate!

Y ahora relájate,
ella lo lleva bien,
está aliviada, ¿ves?,
todo ha acabado bien.

Te dice: fíjate,
mira mis manos, ¿ves?,
no pesan nada, ¿ves?,
están flotando ¿ves?.

Putas ganas de seguir el show
ni de continuar mintiendo
y en un travelling algo veloz
sale un ""fin"" en negro.

Me pregunto quién pensó el guión,
debe estar bastante enfermo,
fue el estreno de un gran director,
le caerán mil premios.

Y a medias del viaje,
callo a gritos
que no quieras bajar.

Y pierdo la conciencia
cuando escucho como dices:
""que sea cierto el jamás"".
¡Oh, muérete!",0.5497669577598572,0.05426878109574318,0.03346753120422363,0.10985646396875381,0.11901473253965378,0.086795374751091,0.0468301884829998,0,1,160.07,0.56,0.35
SILVIO RODRÍGUEZ,La Maza,"Si no creyera en la locura
de la garganta del sinsonte
si no creyera que en el monte
se esconde el trino y la pavura.
Si no creyera en la balanza
en la razón del equilibrio
si no creyera en el delirio
si no creyera en la esperanza.
Si no creyera en lo que agencio
si no creyera en mi camino
si no creyera en mi sonido
si no creyera en mi silencio.

que cosa fuera
que cosa fuera la maza sin cantera
un amasijo hecho de cuerdas y tendones
un revoltijo de carne con madera
un instrumento sin mejores resplandores
que lucecitas montadas para escena
que cosa fuera -corazon- que cosa fuera
que cosa fuera la maza sin cantera
un testaferro del traidor de los aplausos
un servidor de pasado en copa nueva
un eternizador de dioses del ocaso
jubilo hervido con trapo y lentejuela
que cosa fuera -corazon- que cosa fuera
que cosa fuera la maza sin cantera
que cosa fuera -corazon- que cosa fuera
que cosa fuera la maza sin cantera.
Si no creyera en lo mas duro
si no creyera en el deseo
si no creyera en lo que creo
si no ceyera en algo puro.
Si no creyera en cada herida
si no creyera en la que ronde
si no creyera en lo que esconde
hacerse hermano de la vida.
Si no creyera en quien me escucha
si no creeyera en lo que duele
si no creyera en lo que queda
si no creyera en lo que lucha.
Que cosa fuera...",0.421404629945755,0.04639224335551262,0.07202577590942383,0.06674543023109436,0.2855481803417206,0.05322170630097389,0.05466212332248688,4,0,83.98,0.34,0.47
Jorge Drexler,Todo Se Transforma,"Tu beso se hizo calor,
luego el calor, movimiento,
luego gota de sudor
que se hizo vapor, luego viento
que en un rincón de La Rioja
movió el aspa de un molino
mientras se pisaba el vino
que bebió tu boca roja.

Tu boca roja en la mía,
la copa que gira en mi mano,
y mientras el vino caía
supe que de algún lejano
rincón de otra galaxia,
el amor que me darías,
transformado, volvería
un día a darte las gracias.

Cada uno da lo que recibe
y luego recibe lo que da,
nada es más simple,
no hay otra norma:
nada se pierde,
todo se transforma.

El vino que pagué yo,
con aquel euro italiano
que había estado en un vagón
antes de estar en mi mano,
y antes de eso en Torino,
y antes de Torino, en Prato,
donde hicieron mi zapato
sobre el que caería el vino.

Zapato que en unas horas
buscaré bajo tu cama
con las luces de la aurora,
junto a tus sandalias planas
que compraste aquella vez
en Salvador de Bahía,
donde a otro diste el amor
que hoy yo te devolvería......

Cada uno da lo que recibe
y luego recibe lo que da,
nada es más simple,
no hay otra norma:
nada se pierde,
todo se transforma.",0.5360339879989624,0.05122581869363785,0.02966446988284588,0.08496024459600449,0.16008198261260986,0.07489371299743652,0.06313979625701904,9,1,100.02,0.49,0.68
Jorge Drexler,Tocarte,"Valiente o gallina
La bolsa o la vida
Picar medicina
Chupar golosina
Perder la partida
Beber tu saliva
Jugarme la vida
Buscarme la ruina

Tocarte
Tocarte
Tocarte
Tocarte
Tocarte
Tocarte
Tocarte
Tocarte (¡Uh!)

Deliciosa
Tango y bossa
Peligrosa
Caprichosa
Vuelta y vuelta
Vino y rosas
Sudorosa
Ma', hehe (¡Uh!)

Quiero lamer la sal que traes de la playa (Agua; eso es)
Pedir asilo debajo de tu toalla

Tocarte
Tocarte
Tocarte
Tocarte
Tocarte
Tocarte
Tocarte
Tocarte

Quiero que el barrio entero sepa de nuestra obsesión
Y presumir de ti besándonos en el balcón
Idolatrarte, hasta que te hartes
Y entrar contigo en brazos en la suite del Sheraton
Quiero que el barrio entero sepa de nuestra obsesión
Y presumir de ti besándonos en el balcón
Idolatrarte, hasta que te hartes
Y entrar contigo en brazos en la suite del Sheraton

Valiente o gallina
La bolsa o la vida
Picar medicina
Chupar golosina
Perder la partida
Beber tu saliva
Jugarme la vida
Buscarme la ruina

Tocarte
Tocarte
Tocarte
Tocarte
Tocarte
Tocarte
Tocarte
Tocarte (Vámonos, Víctor)",0.33542242646217346,0.03443078324198723,0.04342031106352806,0.11081546545028687,0.23820436000823975,0.15330961346626282,0.0843970775604248,6,0,133.93,0.5,0.81
Jorge Drexler,Al otro lado del Río,"Clavo mi remo en el agua.

Llevo tu remo en el mio.

Creo que he visto una luz

al otro lado del rio.

El dia le ira pudriendo

poco a poco al frio.

Creo que he visto una luz

al otro lado del rio.

Sobre todo creo que

no todo esta perdido.

Tanta lagrima, tanta lagrima,

y yo soy un vaso vacio.

Oigo una voz que me llama,

casi un suspiro:

Rema. Rema. Rema.

Rema. Rema. Rema.

En esta horilla del mundo,

lo que no es presa es baldido

Creo que he visto una luz

al otro lado del rio.

Yo muy serio voy remando.

Muy a dentro sonrio.

Creo que he visto una luz

al otro lado del rio.

Sobre todo creo que no todo esta perdido.

Tanta lagrima. Tanta lagrima.

Y yo soy un vaso vacio.

Oigo una voz que me llama,

casi un suspiro:

Rema. Rema. Rema.

Rema. Rema. Rema.

Clavo mi remo en el agua.

Llevo tu remo en el mio.

Creo que he visto una luz

al otro lado del rio.",0.6055436134338379,0.013166445307433605,0.04636559635400772,0.06670674681663513,0.10552307218313217,0.14115183055400848,0.02154270000755787,7,1,92.95,0.31,0.62
Jorge Drexler,Me Haces Bien,"Para contarte, canto
quiero que sepas
cuánto me haces bien
me haces bien
me haces bien
Te quiero de mil modos
te quiero sobre todo
me haces bien
me haces bien
me haces bien
Basta ver el reflejo de tus ojos en los míos
como se lleva el frío
para entender
que el corazón no miente
que afortunadamente
me haces bien
me haces bien
me haces bien",0.4171622395515442,0.04278019443154335,0.11102380603551865,0.10499460995197296,0.22610872983932495,0.055302198976278305,0.04262833669781685,9,1,149.6,0.61,0.58
Jorge Drexler,Guitarra y Vos,"Que viva la ciencia,
Que viva la poesia!
Que viva siento mi lengua
Cuando tu lengua está sobre la lengua mía!
El agua esta en el barro,
El barro en el ladrillo,
El ladrillo está en la pared
Y en la pared tu fotografia.

Es cierto que no hay arte sin emoción,
Y que no hay precisión sin artesania.
Como tampoco hay guitarras sin tecnología.
Tecnología del nylon para las primas,
Tecnología del metal para el clavijero.
La prensa, la gubia y el barniz:
Las herramientas de un carpintero.

El cantautor y su computadora,
El pastor y su afeitadora,
El despertador que ya está anunciando la aurora,
Y en el telescopio se demora la última estrella.
La maquina la hace el hombre...
Y es lo que el hombre hace con ella.

El arado, la rueda, el molino,
La mesa en que apoyo el vaso de vino,
Las curvas de la montaña rusa,
La semicorchea y hasta la semifusa,
El té, los ordenadores y los espejos,
Los lentes para ver de cerca y de lejos,
La cucha del perro, la mantequilla,
La yerba, el mate y la bombilla.

Estás conmigo,
Estamos cantando a la sombra de nuestra parra.
Una canción que dice que uno sólo conserva lo que no amarra.
Y sin tenerte, te tengo a vos y tengo a mi guitarra.

Hay tantas cosas
Yo sólo preciso dos:
Mi guitarra y vos
Mi guitarra y vos.

Hay cines,
Hay trenes,
Hay cacerolas,
Hay fórmulas hasta para describir la espiral de una caracola,
Hay más: hay tráfico,
Créditos,
Cláusulas,
Salas vip,
Hay cápsulas hipnóticas y tomografias computarizadas,
Hay condiciones para la constitución de una sociedad limitada,
Hay biberones y hay obúses,
Hay tabúes,
Hay besos,
Hay hambre y hay sobrepeso,
Hay curas de sueño y tisanas,
Hay drogas de diseño y perros adictos a las drogas en las aduanas.

Hay manos capaces de fabricar herramientas
Con las que se hacen máquinas para hacer ordenadores
Que a su vez diseñan máquinas que hacen herramientas
Para que las use la mano.

Hay escritas infinitas palabras:
Zen, gol, bang, rap, Dios, fin...

Hay tantas cosas
Yo sólo preciso dos:
Mi guitarra y vos
Mi guitarra y vos.",0.4696556627750397,0.053130559623241425,0.03164397180080414,0.20215633511543274,0.1097903624176979,0.0870487317442894,0.046574439853429794,2,1,71.0,0.55,0.64
Jorge Drexler,La trama y el desenlace,"Camino por Madrid en tu compañía,
mi mano en tu cintura copiando a tu mano en la cintura mia.
A paso lento, como bostezando,
como quien besa al barrio el hilo pisando,
como quien sabe que cuenta con la tarde entera
sin nada más que hacer que acariciar aceras.
Y sin planearlo tu acaso como que sin querer lo bailo azul
te vi cambiar tu paso hasta ponerlo en fase,
en la misma fase que mi propio paso.

Ir y venir, seguir y guiar, dar y tener, entrar y salir de fase,
amar la trama más que el desenlace,
amar la trama más que el desenlace.

Fue un salto ínfimo, disimulado,
un mínimo cambio de ritmo apenas,
paso cambiado y dos cuerdas que resuenan como un mismo número en distintos lados,
o el paso exacto de los soldados,
como dos focos intermitentes,
súbitamente así sincronizados.
Dos paseantes distraídos
han conseguido que el reloj de arena
de la pena pare, que se despedace
y así seguir el rumbo que el viento trace.

Ir y venir, seguir y guiar, dar y tener, entrar y salir de fase,
amar la trama más que el desenlace,
amar la trama más que el desenlace,
amar la trama más que el desenlace.
Por ahí como en un film de Eric Rommer,
sin esperar que algo pase,
amar la trama más que el desenlace,
amar la trama más que el desenlace.

Te vi cambiar tu paso, hasta ponerlo en fase,
en la misma fase que mi propio paso.
Amar la trama más que el desenlace,
amar la trama más que el desenlace,
amar la trama más que el desenlace,
camino por Madrid en tu compañía.

(Gracias a maria jose por esta letra)",0.4990595877170563,0.06454210728406906,0.07586544007062912,0.08727429807186127,0.20737433433532715,0.047510046511888504,0.018374159932136536,11,0,150.01,0.49,0.72
Jorge Drexler,La Edad Del Cielo,"No somos más
que una gota de luz,
una estrella fugaz,
una chispa, tan sólo,
en la edad del cielo.

No somos lo
que quisiéramos ser,
solo un breve latir
en un silencio antiguo
con la edad del cielo.

Calma,
todo está en calma,
deja que el beso dure,
deja que el tiempo cure,
deja que el alma
tenga la misma edad
que la edad del cielo.

No somos más
que un puñado de mar,
una broma de Dios,
un capricho del Sol
del jardín del cielo.

No damos pie
entre tanto tic tac,
entre tanto Big Bang,
sólo un grano de sal
en el mar del cielo.

(ESTRIBILLO)",0.7964668869972229,0.02032538317143917,0.033463116735219955,0.03593958169221878,0.03899035230278969,0.04760507121682167,0.027209604158997536,7,1,147.45,0.26,0.28
Jorge Drexler,Inoportuna,"Quien no lo sepa ya
lo aprenderá de prisa:
la vida no para,
no espera, no avisa.
Tantos planes, tantos planes
vueltos espuma
tu, por ejemplo,
tan a tiempo
y tan
inoportuna...inoportuna

Eran más bien los días
de arriar las velas.
Toda señal a mi alrededor
decía: cautela.
Cuánta estrategia incumplida
aquella noche sin luna
tu, por ejemplo,
tan bienvenida
y tan
inoportuna...inoportuna

¿Quien sabe cuándo,
cuándo es el momento de decir: ahora?
Si todo alrededor te está gritando:
¡Sin demora, sin demora!

Quien no lo sepa ya
lo aprenderá de prisa:
la vida no para,
no espera, no avisa.
Tantos planes, tantos planes
vueltos espuma
tu, por ejemplo,
tan a tiempo
y tan
inoportuna...inoportuna",0.29264286160469055,0.024942131713032722,0.046622637659311295,0.2381904572248459,0.23452015221118927,0.09049896895885468,0.07258278876543045,7,1,78.01,0.42,0.51
Natalia Lafourcade,Hasta la Raíz,"Sigo cruzando ríos, andando selvas, amando el Sol
Cada día, sigo sacando espinas de lo profundo del corazón
En la noche, sigo encendiendo sueños
Para limpiar, con el humo sagrado, cada recuerdo

Cuando escriba tu nombre en la arena blanca con fondo azul
Cuando mire al cielo, en la forma cruel de una nube gris, aparezcas tú
Una tarde, suba una alta loma, mire el pasado
Sabrás que no te he olvidado

Yo te llevo dentro, hasta la raíz
Y por más que crezca, vas a estar aquí
Aunque yo me oculte tras la montaña
Y encuentre un campo lleno de caña
No habrá manera, mi rayo de Luna
Que tú te vayas

Ouh, oh, uh, oh
Oh, uh, oh, oh
Ouh, oh, uh, oh
Oh, uh, oh, oh

Pienso que cada instante sobrevivido al caminar
Y cada segundo de incertidumbre
Cada momento de no saber
Son la clave exacta de ese tejido
Que ando cargando bajo la piel
Así, te protejo
Aquí, sigues dentro

Yo te llevo dentro, hasta la raíz
Y por más que crezca, vas a estar aquí
Aunque yo me oculte tras la montaña
Y encuentre un campo lleno de caña
No habrá manera, mi rayo de Luna
Que tú te vayas, que tú te vayas

Yo te llevo dentro, hasta la raíz
Y por más que crezca, vas a estar aquí
Aunque yo me oculte tras la montaña
Y encuentre un campo lleno de caña
No habrá manera, mi rayo de Luna
Que tú te vayas, que tú te vayas

Ouh, oh, uh, oh (oh, uh, oh)
Oh, uh, oh (oh, uh, oh)
Ouh, oh, uh, oh (oh, uh, oh)
Oh, uh, oh (oh, uh, oh)

Ouh, oh, uh, oh (oh, uh, oh)
Oh, uh, oh (oh, uh, oh)
Ouh, oh, uh, oh (oh, uh, oh)
Oh, uh, oh (oh, uh, oh)

Yo te llevo dentro, hasta la raíz
Y por más que crezca, vas a estar aquí
Aunque yo me oculte tras la montaña
Y encuentre un campo lleno de caña
No habrá manera, mi rayo de Luna
Que tú te vayas",0.12596900761127472,0.009062548168003559,0.06075812876224518,0.13217848539352417,0.5662367939949036,0.08024508506059647,0.025549927726387978,3,1,153.02,0.68,0.56
Natalia Lafourcade,Nunca es suficiente,"Nunca es suficiente para mí
Porque siempre quiero más de ti
Yo quisiera hacerte más feliz
Hoy, mañana, siempre, hasta el fin

Mi corazón estalla por tu amor
Y tú, ¿qué crees? ¿Que esto es muy normal?
Acostumbrado estás tanto al amor
Que no lo ves, yo nunca he estado así

Si de casualidad
Me ves llorando un poco
Es porque yo te quiero a ti

Y tú te vas, jugando a enamorar
Todas las ilusiones vagabundas que se dejan alcanzar
Y no verás que lo que yo te ofrezco
Es algo incondicional

Y tú te vas, jugando a enamorar
Te enredas por las noches
Entre historias que nunca tienen final
Te perderás dentro de mis recuerdos
Por haberme hecho llorar

Nunca es suficiente para mí
Porque siempre quiero más de ti
No ha cambiado nada mi sentir
Aunque me haces mal, te quiero aquí

Mi corazón estalla de dolor
¿Cómo evitar que se fracture en mil?
Acostumbrado estás tanto al amor
Que no lo ves, yo nunca he estado así

Si de casualidad
Me ves llorando un poco
Es porque yo te quiero a ti

Y tú te vas, jugando a enamorar
Todas las ilusiones vagabundas que se dejan alcanzar
Y no verás que lo que yo te ofrezco
Es algo incondicional, incondicional

Y tú te vas, jugando a enamorar
Te enredas por las noches
Entre historias que nunca tienen final
Te perderás dentro de mis recuerdos
Por haberme hecho llorar

Te perderás dentro de mis recuerdos
Por haberme hecho llorar
Te perderás dentro de mis recuerdos
Por haberme hecho llorar",0.4883405864238739,0.011176110245287418,0.021197905763983727,0.07804209738969803,0.21952995657920837,0.08656847476959229,0.09514490514993668,2,0,94.0,0.52,0.78
Natalia Lafourcade,Soledad y el Mar,"En el canto de las olas
Encontré un rumor de luz
Por un canto de gaviotas
Supe que allí estabas tú

Despidiendo últimamente todo lo que sucedió
Hoy saludo a mi presente y gusto de este dulce adiós

Voy a navegar en tu puerto azul
Quisiera saber de dónde vienes tú
Vamos a dejar que el tiempo pare
Ver nuestros recuerdos en los mares
Y esta soledad tan profunda

Que en el canto de las olas me quisiera sumergir

Embriagándome en su aroma algo nuevo descubrí

Voy a navegar en tu puerto azul
Quisiera saber de dónde vienes tú
Vamos a dejar que el tiempo pare
Ver nuestros recuerdos en los mares
Y esta soledad tan profunda

Que me cante el mar
Un bolero de soledad
Que me cante el mar
Que ando sola con soledad

Que me cante el mar
Un bolero de soledad
Que me cante el mar
Que ando sola con soledad

Soledad y el mar",0.443545937538147,0.04123770073056221,0.03520236536860466,0.1388455629348755,0.17736569046974182,0.11262861639261246,0.051174163818359375,1,0,92.93,0.18,0.62
Natalia Lafourcade,Lo Que Construimos,"Esta historia terminó, no existe
Lo que un día construimos se ha esfumado
Pareciera que es más fácil dejarnos
Pero eres un fantasma conmigo caminando

No creas que no valió la pena
No creas que no eres importante
Al contrario, yo te amé con toda el alma

No creas que no valió la pena
No creas que lo perdimos esto
Que nos duele, aunque nos duele, es solo nuestro

Lo que construimos se acabó
Lo que construimos se acabó
Fue solo nuestro
Fue solo nuestro

Lo que construimos se acabó
Lo que construimos se acabó
Se lo lleva el viento
Se lo lleva el viento

Esta historia terminó, no existe
Lo que un día construimos se ha esfumado
Pareciera que es más fácil dejarnos
Pero eres un fantasma conmigo caminando

Yo no aprendí a soltar amores
Yo no aprendí a dejarte ir
Eras una apuesta de largo plazo
Lo que construimos
Lo que construimos

Lo que construimos se acabó
Lo que construimos se acabó
Fue solo nuestro
Fue solo nuestro

Lo que construimos se acabó
Lo que construimos se acabó
Se lo lleva el viento
Se lo lleva el viento

Lo que construimos se acabó
Lo que construimos se acabó
Fue solo nuestro
Fue solo nuestro

Lo que construimos se acabó
Lo que construimos se acabó
Se lo lleva el viento
Se lo lleva el viento",0.5169863700866699,0.03379519283771515,0.06924504786729813,0.0934828594326973,0.18064053356647491,0.07028909772634506,0.03556089848279953,0,1,127.96,0.31,0.5
Natalia Lafourcade,El lugar correcto,"Perdona, que me tuve que ausentar por un momento
Tenía una cita que atender conmigo misma
Había olvidado cómo ver en un espejo
En mi rostro, en mis ojos, lo que habita en mi universo

Perdona si lloré, lloré, lloré mientras bailaba
Tenía dolores viejos que atender de aquel pasado
Entonces regresé a ese silencio necesario
Para escuchar el corazón hablar de la verdad
De la verdad que son esos atardeceres
De la verdad que brilla en el tiempo presente
De la verdad que hay en aquellas simples cosas, como respirar

Perdona, que me tuve que ausentar por un momento
Había una flor secándose dentro de casa
Tenía olvidado cómo hacerle compañía a la soledad de mi viejo jardín de Veracruz

Perdona si lloré, lloré, lloré mientras bailaba
Tenía dolores viejos que atender de aquel pasado
Entonces regresé a ese silencio necesario
Para escuchar el corazón hablar de la verdad

Y el lugar correcto es el ahora para caminar
Y el lugar correcto es el ahora, no hace falta más

Y el lugar correcto es el ahora para caminar
Y el lugar correcto es el ahora, no hace falta más

[Adán Jodorowsky]
Le lieu parfait est maintenant pour se prommener
Le lieu parfait est maintenant, on n'a plus besoin de rien
On n'a plus besoin de rien",0.3133868873119354,0.018505802378058434,0.055159710347652435,0.07739152014255524,0.4537663459777832,0.051675017923116684,0.03011471964418888,7,1,91.62,0.45,0.61
Natalia Lafourcade,Tú Sí Sabes Quererme,"Ha pasado tanto tiempo
Finalmente descubrí tus besos
Me enredaste en tu mirada
Me abrazaste con todos mis defectos

Tú, sí, sabes quererme, tú, sí, sabes adorarme
Mi amor no te vayas, quédate por siempre
Para siempre, para siempre amarte

Corazón, tú, sí, sabes quererme como a mí me gusta
Soy la flor encendida que da color al jardín de tu vida
Corazón, tú, sí, sabes quererme como a mí me gusta
Por favor no me dejes, que soy valiente en corresponderte

Te voy a querer
(Morena) sin miedo
Te voy a querer

(A quererte sin penas)
Te voy a querer
(Morena) sin miedo
Te voy a querer
(A quererte sin penas)

Ha pasado tanto tiempo
Finalmente sé que estoy dispuesta
Es tan difícil encontrar un amor
Que aquí me quedo con heridas bien abiertas

Ya no me importa lo que piensan los demás
Aquí me quedo para ser testigo siempre de la vida
Aquí por siempre, para siempre
Para siempre amarnos

Corazón, tú, sí, sabes quererme como a mí me gusta
Soy la flor encendida que da color al jardín de tu vida
Corazón, tú, sí, sabes quererme como a mí me gusta
Por favor no me dejes, que soy valiente en corresponderte

Corazón, tú, sí, sabes quererme como a mí me gusta
Soy la flor encendida que da color al jardín de tu vida
Corazón, tú, sí, sabes quererme como a mí me gusta
Por favor no me dejes, que soy valiente en corresponderte

El amor perfecto comienza por mí misma
Si yo no me conozco, ¿cómo saber quién me estima?
Al verme al espejo para mí no quedan dudas
El corazón se excita porque sabe lo que busca

El amor que merezco existe, lo estoy viviendo
Cuando lo comparto, crece con el universo
Si toma rostro y nombre, decidimos estar cerca
Es un acuerdo muto donde sobran las cadenas

Pa' pasar penas, mejor estar solita
Amor verdadero es lo que el alma necesita
Un amor que escucha y te acompaña por la vida
Que trae la paz y te llena de sonrisas

Entre tanto odio que en el mundo habita
Amar sin miedo, sin poseer y sin heridas
Es nuestro deseo, pero no será utopía
Merecemos un buen mundo y que el amor sea la guía

Hay tanto odio que en el mundo habita
(Quererme como a mí me gusta)
Tenerte contenta de noche y de día
(Quererme como a mí me gusta)
Amor verdadero, lo que el alma necesita
(Quererme como a mí me gusta)
Saber que soy tuyo y tú toda mía
(Quererme como a mí me gusta)

Mare, Rubén
Morena
¡Dígalo!
A quererte sin pena (quererme como a mí me gusta)
¿Y cómo no? Pa’ pasar pena, mejor estar solita
(Quererme como a mí me gusta)
Alma con alma, como tú lo querías
(Quererme como a mí me gusta)
Merecemos en la vida que el amor sea la guía

Quererme como a mí me gusta",0.5288814902305603,0.06623851507902145,0.04006044939160347,0.09009066969156265,0.05178690329194069,0.18664047122001648,0.036301568150520325,1,0,170.06,0.46,0.79
Kevin Kaarl,Colapso,"Hoy creí que ya volvió
Que todo iba ya mejor
Pero fue un sueño nada más
Y yo ya pido una señal
Dios dame fuerza que ya me voy a rendir
Dios dame fuerza que siento que yo ya perdí
Y no, no, no, no...
No se pa' donde voy
Sigo varado esperando a que ella diga algo
Y no, no, no, no...
Creo que yo ya, voy dudando
De si algún día ella me amo
Ya no pienses tanto
Claro que ella te amo
Sólo fue un colapso
Al rato volverá a brillar
Aunque tal vez ya no para ti...
Lo importante es ella sea feliz
¿Y que hay de mi?
Yo sigo aquí, yo también quiero ser feliz
Mira, mi amor, yo sigo aquí
Yo sigo estando para ti
Hoy sigo estando para ti
Hoy sigo estando para ti
Hoy sigo estando para ti
Hoy sigo estando para ti
Hoy sigo estando
Para ti",0.3968678414821625,0.04716385155916214,0.06616182625293732,0.10289817303419113,0.22218793630599976,0.09162336587905884,0.07309703528881073,7,1,75.0,0.22,0.15
Kevin Kaarl,Vámonos a Marte,"Desde el cielo todo es más bonito
Déjame llevarte a las estrellas otra vez
Como la noche de ayer

Vámonos a Marte, a donde nadie vaya a buscarte
Ni a ti ni a mí
Donde todo es más callado y solitario pa' los dos
Donde no hay nadie más que tú y yo

Dejemos la tierra llena de gente tan mierda que nos quiere aplastar
Vámonos de viaje a las estrellas y a Marte
A olvidar nuestros problemas tan punzantes
Contemplemos las constelaciones
Y todas nuestras visiones que nos quitan el vacío
Que sentimos en la tierra
Toma mi mano y vámonos de aquí
Ponte tu suéter gris y comencemos a huir

Vámonos a Marte a donde nadie vaya a buscarte
Ni a ti ni a mí
Donde todo es más callado y solitario pa' los dos
Donde no hay nadie mas que tú y yo",0.4230126738548279,0.03892645984888077,0.07399968057870865,0.06138882040977478,0.30677539110183716,0.04600709676742554,0.0498899407684803,0,1,69.75,0.16,0.25
Kevin Kaarl,San Lucas,"Dile ya a tus papás
Que no vas a regresar
Te vas con un loco que
No te para de amar

A vivir salvajes, libres
Libres allá en San Lucas
Tus ojos brillan más
Que la Luna, Sol y mar

Quiero desnudar tu alma
Y dedicarle una canción
Darle todo mi cariño
Y entregarle mi amor

Que bonito tu vestido blanco
Ella baila, que ella baila con el campo
Mira, mira, corazón, olvida el miedo que hay en ti
Es que deja de sufrir, todo aquello ya pasó

Grita y ponte ya a vivir
Que todo va a salir mejor
Si escapas de vivir allá
Llorando siempre en tu habitación

Dile ya a tus papás
Que no vas a regresar
Te vas con un loco que
No te para de amar

A vivir salvajes, libres
Libres allá en San Lucas
Tus ojos brillan más
Que la Luna, Sol y mar

Desnudar tu alma y dedicarle una canción
Desnudar tu alma y dedicarle una canción
Que toda tu mirada me demuestre tu amor
Desnudar tu alma y dedicarle una canción",0.5188977122306824,0.06290917843580246,0.05917150899767876,0.08162315934896469,0.19910617172718048,0.04695482552051544,0.031337495893239975,7,1,91.51,0.36,0.27
Kevin Kaarl,Amor Viejo,"No quiero que nos veamos por última vez
Quiero que esto sea para siempre
No me abandones tú también
No seas tan falsa como las demás
Que tu amor sea verdadero y no de papel

Quiero que me hables con la verdad
Que cuando haya un problema me lo digas
No quiero que nos dejemos de hablar
¿No ves que tengo miedo que todo mi pasado vuelva a volar?
Que me vuelvan solo a ilusionar

Entregar todo de mí a una pared
Que me vuelvan a mandar a la verga
No me digas que aún no has superado a tu ex
No me digas que no tienes tiempo pa'mí
O no me dejes solo de hablar
Dime qué es lo que quieres tú

Quiero que me hables con la verdad
Que cuando haya un problema me lo digas
No quiero que nos dejemos de hablar
¿No ves que tengo miedo que todo mi pasado vuelva a volar?
Que me vuelvan solo a ilusionar",0.26310163736343384,0.015978392213582993,0.045198071748018265,0.16811546683311462,0.325899600982666,0.10747220367193222,0.07423471659421921,0,1,93.15,0.2,0.37
Kevin Kaarl,Abrazado a Ti,"La, la-la
La-la-la, la-la-la
La-la-la, la-la

Tus ojos, llenos de rencor
Labios que mienten más y más
Besos terminan en adiós, sí, sí

Me tengo que largar
No, no, no voy a regresar
No voy a regresar

La, la-la-la-la, la
La-la-la, la-la-la-la, la
La, la-la-la-la, la
La-la-la, la-la-la-la, la

Quisiera volver a atrás
Y otra vez bailar
Abrazado a ti
Abrazado a ti

Huir de esta ciudad
Y llorar de amor
Abrazado a ti
Abrazado a ti

Besarte y que, esta vez
No me digas que
Ya me puedo ir
La, la-la
Abrazado a ti
Abrazado a ti

La, la-la
La-la-la, la-la-la, la-la
La-la-la, la-la

Pero me voy
No quiero llorarte más
Ni averiguar
Si esta vez sí me vas a querer
No es así

No quiero llorarte más
Ya me cansé
No quiero llorarte más
La-la, la

La, la-la-la-la, la
La-la-la, la-la-la-la, la
La, la-la-la-la, la
La-la-la, la-la-la-la, la

Quisiera volver atrás
Y otra vez bailar
Abrazado a ti
Abrazado a ti

Huir de esta ciudad
Y llorar de amor
Abrazado a ti
Abrazado a ti

Abrazado a ti
Abrazado a ti
Abrazado a ti",0.5271508693695068,0.04749719053506851,0.07000963389873505,0.07218584418296814,0.1987314522266388,0.036256179213523865,0.048168767243623734,2,1,105.03,0.35,0.35
Kevin Kaarl,Si supieras,"Si supieras todo lo que pienso cuando despierto
No dudarías jamás, jamás de mi amor
Sentir tu respiración junto a la mía
Me hizo entender que no eres fría
Que eres mejor, mejor, mejor
Despertar es un alivio por ver que tú estás conmigo
Y que nos queremos los dos
Me sorprende que tú me quieras de verdad, honestamente
Que no eres de papel
Yo ya no tengo ninguna duda
Y me entrego a ti, a ti, a ti

Si supiera como yo te puedo llegar a ver
Nunca me diría que no
Pero ya diles adiós
Ya no queda más que tú, que tú y yo
Que tú, que tú, que tú y yo

Yo no te pienso fallar jamás
Y siento que tú tampoco lo harás
No puedo dejar de pensar en ti y nada más
En tus ojos miel
En tu forma de besar
En tu forma de querer
Pero

Si supieran como yo te puedo llegar a ver
Nunca me diría que no
Pero ya diles adiós
Ya no queda más que tú y yo",0.530396044254303,0.03733455389738083,0.049608323723077774,0.10073923319578171,0.1692516803741455,0.08773607760667801,0.024934083223342896,0,1,114.93,0.16,0.16
Kevin Kaarl,Es Que Yo Te Quiero A Ti,"Hoy yo me encuentro
Sentado en el centro de mi habitación
Pensando en qué hacer
Pensando en qué hacer

Como un cigarro
Cayendo en cenizas
Mi alma se muestra
Cayendo también
Expulsada de Edén

Me he encontrado viéndote a los ojos
Y abrazarte me calmó todo el miedo que hay en mí
Dime que estarás en cada noche y cada día de dolor
Es que yo te quiero a ti

Yo te cuidaré cuando estés triste o bien contenta, corazón
Es que yo te quiero a ti
Es que yo te quiero a ti

Como me mal viajo por acá
Pensando en mil cosas por pasar
Me consume la noche y la ansiedad
Pero siempre estás tú pa' calmar

Como un cigarro
Cayendo en cenizas
Mi alma se muestra
Cayendo también
Expulsada de Edén

Me he encontrado viéndote a los ojos
Y abrazarte me calmó todo el miedo que hay en mí
Dime que estarás en cada noche y cada día de dolor
Es que yo te quiero a ti

Ya no dejo que el miedo me gane
Porque no sirve ni madres
Ya que yo te quiero a ti

Es que yo te quiero a ti
Es que yo te quiero a ti
Es que yo te quiero a ti",0.3345882296562195,0.06256438791751862,0.09323238581418991,0.11076269298791885,0.2777402698993683,0.056330420076847076,0.06478157639503479,0,1,110.12,0.27,0.11
Kevin Kaarl,te quiero tanto,"Nunca digas que te vas sin querer regresar
Cuando, de ti, me enamoré
Cuando, cien años, ya te amé
Llévame siempre al recordar

Viéndote bailar en aquel cerro Coronel
Y ya, mil veces, te besé
Y, no lo niego, me clavé
Llévame siempre al recordar

Te he visto en frente, sonriente, valiente, te quiero tanto
Vestido blanco, en el medio tu alma, te quiero tanto
Me duele fuerte pensar que algún día te encuentre ausente
Me duele fuerte pensar que algún día te encuentre ausente

Te siento al cantar y al escuchar cualquier canción
Bonita que hable del amor, de lo que siento ayer y hoy
Siempre te llevo al despertar

Te vi a los ojos bien
Sentí cariño fiel
Si me rompiera aquí
Esperaría por ti

Te he visto en frente, sonriente, valiente, te quiero tanto
Vestido blanco, en el medio tu alma, te quiero tanto
Me duele fuerte pensar que algún día te encuentre ausente
Me duele fuerte pensar que algún día te encuentre ausente

Te vi a los ojos bien
Sentí cariño fiel
Si me rompiera aquí
Esperaría por ti",0.29695868492126465,0.03967907279729843,0.07652170956134796,0.08357040584087372,0.4165932238101959,0.056047506630420685,0.030629361048340797,0,1,93.05,0.33,0.1
Ed Maverick,Fuentes de Ortiz,"Ya dime si quieres estar conmigo o si mejor me voy
Tus besos dicen que tú sí me quieres pero tus palabras no
Y al chile, yo hasta moriría por ti pero dices que no
No eres directa, neta ya me estás cansando, sé concreta por favor

Y en la noche que las estrellas salen
Yo pienso en ti mi amor
¿Qué me hiciste? De mi cabeza no sales
Y no lo digo por mamón
Si me dices para ti qué soy
No dudaré en hacerte tan feliz
Eres especial para mí

Dime, ¿por qué me haces sufrir?
Yo te olvidaré desde las Fuentes de Ortiz

Soy inseguro cuando dices que me quieres porque creo que no
Como bebé caigo pero si redondito en tu trampa, amor
Ya dime si tú me quieres, por favor
Ya he sufrido y me he empedado tanto por tu amor

Y en la noche que las estrellas salen
Yo pienso en ti mi amor
¿Qué me hiciste? De mi cabeza no sales
Y no lo digo por mamón
Si me dices para ti qué soy
No dudaré en hacerte tan feliz
Eres especial para mí
Dime, ¿por qué me haces sufrir?

Yo te olvidaré desde las Fuentes de Ortiz",0.4441256523132324,0.015119010582566261,0.03688210994005203,0.10544650256633759,0.21935370564460754,0.09600973129272461,0.0830632820725441,1,1,104.95,0.16,0.19
Ed Maverick,Acurrucar,"¿Qué esperas de mí? Quiero ver qué piensas tú
Me dijiste ayer ""güey cero romántico""
Tienes que entender, no soy un güey básico
Aunque no te culpo, hay veces en que ni siquiera yo me entiendo
Quiero que sigamos aturrándonos la vida de recuerdos

U-u-u-u-uh
U-u-u-u-uh

Quiero que me digas que me quieres y que me vas a extrañar
'Mames, no me mires a los ojos que me vas a hacer llorar

Dime que esta no será la última vez que te voy a abrazar
Quisiera que todo fuera mentira y de chingazo despertar
Quisiera que todo fuera mentira y de chingazo despertar

Un día más, una vez más en tus brazos yo me quiero acurrucar
Un día más, una vez más en tus brazos yo me quiero acurrucar
Un día más, una vez más en tus brazos yo me quiero acurrucar
Un día más, una vez más en tus brazos yo me quiero acurrucar",0.5534495711326599,0.020719392225146294,0.02346552535891533,0.08524027466773987,0.14125190675258636,0.07380939275026321,0.10206395387649536,8,1,99.1,0.22,0.24
Ed Maverick,ropa de bazar,"Vámonos de aquí
Acompáñame
Yo te cuidaré
Como en las pedas y todo lo demás

Corre y no vuelvas
Si quieres, te ayudo a escapar
Corre, te sigo
Vámonos a cualquier lugar

Vámonos de viaje y no volver
Llegar a un hotel a coger
No importa, vamos a estar bien

Vamos a dejar nuestra ciudad
Comprarnos ropa de bazar
No importa todo lo demás

Ay, wey, qué felicidad de verte
Y luego tus labios besar
Ay, wey, qué felicidad de verte
Y luego tus pecas contar

Ay, que me pongo a pensar
Que por fin tamos solos
Tú y yo ya, a huevo

Ay, wey, qué felicidad de verte
Manejar el carro de tu papá",0.6002182960510254,0.03477539122104645,0.039921835064888,0.0616222508251667,0.162928968667984,0.06329167634248734,0.03724150359630585,0,0,92.66,0.2,0.14
Ed Maverick,Del río,"Dime
¿Por qué te vas?

Y en mi lado algo se puede interrumpir
Cuando apenas va a empezar
Por esta rola hasta la madre me partí
Espero la puedas escuchar

No hay nada que me ponga más feliz
Que tu boca empezar a hablar
Nadie nos podrá alejar ni a ti, ni a mí

Cuánto tiempo
Soñé a verte cara a cara
Cuánto tiempo tuvimos que ver pasar
Pa' que esto al final pasara

Y esa noche
En el techo de esa casa
Tomando y riendo bajo las estrellas
Lo que se nos antojara

Viéndome en tus ojos
Y sabiendo que te ibas a ir
Nadie nos podrá arruinar ni a ti, ni a mí

Yo sé que te tengo, pero no te tengo cerca de mí
Siento que algo falta y eso que me falta eres tú
Daría cualquier cosa por volver a verte sonreír
Pero aquí de frente y verte enfrente con tu cámara azul

Oh
Nadie nos podrá arruinar ni a ti, ni a mí",0.3477446138858795,0.023794129490852356,0.04356374964118004,0.15135709941387177,0.26049038767814636,0.1202642023563385,0.05278579518198967,3,1,105.59,0.61,0.16
Ed Maverick,"contenta,","Viéndome tan lejos de ti ya no sé qué hacer
Sonriendo y viéndote, hasta el cloro me sabe a miel
Y ya no sé, no sé por qué
Te sueño tanto tanto, ahora dormir se siente bien
Te pienso tanto tanto, que ya no sé si esté bien

Contento es que estoy por todo lo que ha pasado
Contento es que estoy con to' lo que me ha pasado

Y no ha de ser igual que todo lo que haces
No es conmigo ya, todo aquí sigue igual
Todo lo que aquí ves no lo has podido ver
Soy еl perro a tus pies, si quierеs ámame

Bueno, eran épocas distintas
Ella quería dejar su mundo por mí y las circunstancias me cegaron con cosas innecesarias
Porque, aunque mi mundo estaba cambiando por completo, yo sentía que se detenía
Y mientras ella esperaba por mí, yo en mi desesperación le di la espalda
Y según le prometí que la amaría en esta vida y en la siguiente
Y ahora, después de que el mundo se detuviera y nos encerráramos en nosotros mismos
Abro la puerta y veo un mundo distinto, un cielo distinto, una vida distinta
Como que ahora me arrepiento demasiado y en estos momentos lo dejaría todo para volar
Hasta donde ella está para amarla ahora, en la vida que sigue, porque la vida sigue y ya está",0.46605491638183594,0.03935447707772255,0.06218754127621651,0.06790117174386978,0.22907721996307373,0.112832210958004,0.022592460736632347,1,0,139.98,0.38,0.08
Ed Maverick,Quiero,"Quiero saber
Si tú eres para mí, soy para ti, o tú para mí
No sabes qué me haces sentir
Ya decidí, te quiero a ti, te quiero a ti, te quiero a ti

No importa que ese niño
Ya no quiera contigo
Si quieres, yo te sirvo
Como un hombro para llorar

No hay pedo, no me agüito
Tú sabes lo que pienso
No creo estar en la friendzone
Aunque a veces empiezo a dudar

Me arrepiento de ese beso que te di

Gracias por ser mi amiga
Te gusta, pero no le digas
O al menos
Eso me dijeron mis compillas

Ella sigue con ese wey clavada
Lo que tú hagas no sirve de nada
Me agarraron de bajada
Y me empiné el tequila

Qué pasaría si yo la besara
Tal vez me daría una cachetada
Me acerqué poco a poquito a ella
Al chile, se veía bien linda

Le dije: ¡Oye, bésame!
Me dijo: ¡Levántate!
Le dije: No estoy jugando
Y dijo: Yo tampoco

Dije: De seguro es puro pedo
Pero la neta no me importa un bledo
La tomé con mi mano derecha
Y luego sucedió la magia

Desde entonces soy feliz por ella
Porque no hay otra morra más bella
Y aunque ella sea la que no me pela
Lucharé por ella",0.31543728709220886,0.042355358600616455,0.04006350785493851,0.17071573436260223,0.31965717673301697,0.061667099595069885,0.05010378360748291,2,1,75.05,0.15,0.35
Ed Maverick,Wru -,"Sentado en la alfombra, basta con imaginar
¿Cómo estarás? Si me agüito, dejo de pensar
Pensar nunca es bueno, mames, deja de tomar
Como estaría chido verte con el mar atrás

Y quisiera un día verte enfrente de mí otra vez
Mi cuarto se ve vacío si no estás tú
Recuerdo tu carita hermosa y no sé qué hacer
Pero espero que, después de esto, te vaya bien

Y quisiera un día verte enfrente de mí otra vez
Mi cuarto se ve vacío si no estás tú
Recuerdo tu carita hermosa y no sé qué hacer
Pero espero que, después de esto, te vaya bien

¿Dónde estás?
¿Dónde estás?
¿Dónde estás?
Ay, ay, ay, ay, ¿dónde estás?

¿Dónde estás?
¿Dónde estás?
¿Dónde estás?
Ay, ay, ay, ay, ¿dónde estás?

Uh (¿dónde estás?)
Uh (¿dónde estás?)
Uh (¿dónde estás?, ¿dónde estás?, ¿dónde estás?)
Uh (¿dónde estás?, ¿dónde estás?, ¿dónde estás?)

Y quisiera un día verte enfrente de mí otra vez
Mi cuarto se ve vacío si no estás tú
Recuerdo tu carita hermosa y no sé qué hacer
Pero espero que, después de esto, te vaya bien",0.45502060651779175,0.011661083437502384,0.019444989040493965,0.08583666384220123,0.2797779142856598,0.0702708512544632,0.077987901866436,4,1,123.94,0.23,0.13
Carla Morrison,Disfruto,"Me complace amarte
Disfruto acariciarte
Y ponerte a dormir

Es escalofriante
Tenerte de frente
Hacerte sonreír

Daría cualquier cosa
Por tan primorosa
Por estar siempre aquí

Y, entre todas esas cosas
Déjame quererte
Entrégate a mí

No te fallaré
Contigo, yo quiero envejecer

Quiero darte un beso
Perder contigo mi tiempo
Guardar tus secretos
Cuidar tus momentos

Abrazarte
Esperarte, adorarte
Tenerte paciencia
Tu locura es mi ciencia

Ah, ah, ah, ah
Oh, oh, oh, oh
Oh, oh, oh, oh
Oh, oh, oh, oh
Uh, uh, uh, uh
Uh, uh, uh, uh
Oh, oh, oh, oh
Oh, oh, oh, oh

Disfruto mirarte
Cada movimiento
Un vicio que tengo

Un gusto valorarte
Nunca olvidarte
Entregarte mis tiempos

No te fallaré
Contigo, yo quiero envejecer

Quiero darte un beso
Perder contigo mi tiempo
Guardar tus secretos
Cuidar tus momentos

Abrazarte
Esperarte, adorarte
Tenerte paciencia
Tu locura es mi ciencia

Quiero darte un beso
Perder contigo mi tiempo
Guardar tus secretos
Cuidar tus momentos

Abrazarte
Esperarte, adorarte
Tenerte paciencia
Tu locura es mi ciencia

Ah, ah, ah, ah
Oh, oh, oh, oh
Oh, oh, oh, oh
Oh, oh, oh, oh
Uh, uh, uh, uh
Uh, uh, uh, uh
Oh, oh, oh, oh
Oh, oh, oh, oh",0.1769755780696869,0.008920693770051003,0.05877908319234848,0.026211148127913475,0.6800423264503479,0.031413350254297256,0.017657805234193802,1,0,91.05,0.13,0.12
Carla Morrison,Eres Tú,"Hoy, desperté con ganas de besarte
Tengo una sed de acariciarte
Enredarme a ti, y no soltarte
Eres tan embriagante, eres tú, eres tú

Quiero contemplarte sin contar el tiempo
Dibujarte con mis puros recuerdos
En mi mente, marcarme tus labios, tus besos
Estar aquí otro momento
Eres tú-juh-jah-juh
Eres tú-juh-jah-no
Eres tú-juh-jah-joh, oh

Me encanta verte, tenerte, abrazarte
Cuando estoy a un lado de ti
Todo lo bueno de mí, florece, eres tú
Ese imán de una preciosa energía

Es tu alma que envía señales a mi cuerpo
Porque este sigue pidiendo ese aroma de ti
Que me invita al acecho
Eres tú-juh-jah-juh
Eres tú-juh-jah-juh
Eres tú-juh-jah-joh, oh

Tenemos planes diferentes
Pero tú siempre en mi mente
Pues mis venas tan sutilmente
Disfrutan tanto quererte
Eres tú, eres tú-juh, ah-uh, juh-uh
Eres tú-juh-jah-juh
Eres tú-jah-no-no
Eres tú-jah-no-no, oh
Jah, jah, jah, no, no",0.4453836977481842,0.01934369094669819,0.04705491662025452,0.08447367697954178,0.3057120144367218,0.07520919293165207,0.022822778671979904,2,1,188.16,0.31,0.48
Carla Morrison,Hasta la Piel,"No te quiero perder
Que la distancia se devore nuestra miel
Y perdamos la fe

No te quiero tener
Y cuando menos piense perderte otra vez
Me duele hasta la piel

Dentro de mi semillas tengo de ti
Y sin ti pueden querer morir

Quiero sentarme a llorar
Sacar de adentro mil cosas
Que te quiero decir
Me siento tan débil sin ti

Quiero guardarme a la moral
Darte unos besos que quizás
Tenga que robar de tu boca mía (mía, mía)

No te quiero perder
Que el amor se acabe
Y vuelvas a querer otro sabor a miel

No te quiero tener
Porque tanto te amo
Comienzo a conocer
La intensidad de mi ser

Dentro de mi semillas tengo de ti
Y sin ti pueden querer morir

Quiero sentarme a llorar
Sacar de adentro mil cosas
Que te quiero decir
Me siento tan débil sin ti

Quiero guardarme a la moral
Darte unos besos que quizás
Tenga que robar de tu boca mía (mía, mía)",0.2530975043773651,0.029773090034723282,0.09152093529701233,0.2100101113319397,0.30821892619132996,0.09158541262149811,0.015793917700648308,9,0,104.96,0.37,0.36
Carla Morrison,Te Regalo,"Déjame tomarte de la mano
Déjame mirarte a los ojos
Déjame a través de mi mirada
Darte todo mi esplendor

Déjame quedarme aquí
Déjame besarte ahí
Donde guardas tus secretos
Los más oscuros y los más bellos

Te regalo mis piernas
Recuesta tu cabeza en ellas
Te regalo mis fuerzas
Úsalas cada que no tengas

Te regalo las piezas
Que a mi alma conforman
Que nunca nada te haga falta a ti
Te voy a amar hasta morir
Te voy a amar hasta morir

Déjame jugar contigo
Déjame hacerte sonreír
Déjame darte de mi dulzura
Pa' que sientas lo que sentí

Déjame cuidarte
Déjame abrazarte
Déjame enseñarte todo lo que tengo
Pa' hacerte muy feliz

Te regalo mis piernas
Recuesta tu cabeza en ellas
Te regalo mis fuerzas
Úsalas cada que no tengas

Te regalo las piezas
Que a mi alma conforman
Que nunca nada te haga falta a ti
Te voy a amar hasta morir

Te regalo mis piernas
Recuesta tu cabeza en ellas
Te regalo mis fuerzas
Úsalas cada que no tengas

Te regalo las piezas
Que a mi alma conforman
Que nunca nada te haga falta a ti
Te voy a amar hasta morir
Te voy a amar hasta morir
Te voy a amar hasta morir",0.32994604110717773,0.045299798250198364,0.07324090600013733,0.08686678111553192,0.37153828144073486,0.04599495977163315,0.04711317643523216,2,1,120.98,0.12,0.32
Carla Morrison,Déjenme Llorar,"He estado recordando los momentos que te di
Cuántos tú me diste y porque ahora estoy aquí
Sentada en el suelo, pensando que te quiero
Que te quise tanto, y que tu amor me es necesario

Déjenme llorar
Quiero sacarlo de mi pecho
Con mi llanto apagar
Este fuego que arde adentro

Déjenme llorar
Quiero despedirme en silencio
Hacer mi mente razonar
Que para esto no hay remedio

Oh, oh, oh (déjenme llorar)
Oh-oh-oh, no
Oh-oh, oh (déjenme llorar)

Fueron tan bellos encuentros
Amarnos sin miedo
Eres tú la noche y yo tu sueño
Tú, mi cuentacuentos

Te olvidaré, te lo juro, lo siento
Tu amor me hace daño
Y esto no puedes ya arreglarlo

Pero amor como el mío no hallarás por ahí
Porque este amor apuesta hasta por mí

Déjenme llorar
Quiero sacarlo de mi pecho
Con mi llanto apagar
Este fuego que arde adentro

Déjenme llorar
Quiero despedirme en silencio
Hacer mi mente razonar
Que para esto no hay remedio

Déjenme llorar
Quiero sacarlo de mi pecho
Con mi llanto apagar
Este fuego que arde adentro

Déjenme llorar
Quiero despedirme en silencio
Hacer mi mente razonar
Que para esto no hay remedio

Déjenme llorar
Déjenme llorar",0.18171745538711548,0.013653550297021866,0.0860072448849678,0.029751600697636604,0.5770285725593567,0.02513258345425129,0.08670896291732788,10,0,93.99,0.31,0.08
Carla Morrison,Me Encanta,"Me encanta el sabor de tus besos
Me asusta el sentir que te quiero
Quiero controlar mis deseos
Pero tu aroma incita mis besos

Y mi piel comienza a confundir
Lo que tus caricias quieren decir
Y a mi cuerpo en tu cuerpo
Esto no puede suceder

Respeto a alguien le debo tener
Son tus besos y mis besos

Voy a fugarme otra vez
No quiero herirme, no sé
Tengo miedo mucho miedo
Es importante lo es
Mi corazón ya no
Cree está seco ya muy seco

Tus preguntas alimentan mi ego
Y me siento importante de nuevo
Tengo rato mirándote de lejos
Me gusta los encuentros secretos

Y mi piel comienza a confundir lo que
Tus caricias quieren decir
Y a mi cuerpo en tu cuerpo
Esto no puede suceder

Respeto a alguien le debo tener
Son tus besos y mis besos

Voy a fugarme otra vez
No quiero herirme, no sé
Tengo miedo mucho miedo
Es importante lo es
Mi corazón ya no cree
Está seco ya, muy seco

Voy a fugarme otra vez
No quiero herirme, no sé
Tengo miedo mucho miedo
Es importante lo es
Mi corazón ya no cree
Está seco ya, muy seco",0.4140896797180176,0.059032514691352844,0.07043331861495972,0.12074712663888931,0.13590192794799805,0.15414319932460785,0.04565218463540077,2,0,67.41,0.41,0.34
Mon Laferte,Tu Falta De Querer,"Hoy volví a dormir en nuestra cama
Y todo sigue igual
El aire y nuestros gatos, nada cambiará
Difícil olvidarte estando aquí, oh, oh, oh

Te quiero ver
Aún te amo, y creo que hasta más que ayer
La hiedra venenosa no te deja ver
Me siento mutilada y tan pequeña, ah, ah, ah

Ven y cuéntame la verdad
Ten piedad
Y dime por qué, no, no-no, oh

¿Cómo fue que me dejaste de amar?
Yo aún podía soportar
Tu tanta falta de querer

Hace un mes solía escucharte
Y ser tu cómplice
Pensé que ya no había nadie más que tú
Yo fui tu amiga y fui tu compañera, ah, ah, ah

Ahora dormiré
Muy profundamente, para olvidar
Quisiera hasta la muerte, para no pensar
Me forro pa' quitarme esta amargura, ah, ah, ah

Ven y cuéntame la verdad
Ten piedad
Y dime por qué, no, no-no, oh

¿Cómo fue que me dejaste de amar?
Yo aún podía soportar
Tu tanta falta de querer

Ven y cuéntame la verdad
Ten piedad
Y dime por qué, no, no-no, oh

¿Cómo fue que me dejaste de amar?
Yo aún podía soportar
Tu tanta falta de querer",0.21703694760799408,0.015577317215502262,0.052718836814165115,0.05638902261853218,0.5193454027175903,0.07843534648418427,0.06049710884690285,10,1,129.88,0.66,0.56
Mon Laferte,Mi Buen Amor,"Mi Buen Amor
Pues la verdad no hay otra cosa
Que yo pueda hacer
Tu no cambiarás no me vas a convencer

De que ahora si
Todo va a estar bien...

¿Hasta cuándo?
Seguirás pensando
Que puedes jugar a pedir sin nada dar
Pues ahora no estaré esperando..

Mi Buen Amor
Si no quieres regresar
¿Por qué vuelves a buscarme una vez más?
No me pidas que te de una última noche

Mi Buen Amor
Parece fácil para ti
Alejarte para luego exigir
Que te quiera

Como si nada, nada, nada
Yo sintiera

Después de todo
Lo que tuve que pasar
Las terapias, los amores de mentira
Más mentiras

Y ahora quiere que sea tu amiga
Pues amigo
¿Dime cómo borro esto que siento?

Mi Buen Amor
Si no quieres regresar
¿Por qué vuelves a buscarme una vez más?
No me pidas que te de una última noche

Mi Buen Amor
Parece fácil para ti
Alejarte para luego exigir
Que te quiera

Como si nada, nada, nada
Yo sintiera

Mi Buen Amor...",0.323811411857605,0.02446570247411728,0.05065745487809181,0.1315663605928421,0.27670764923095703,0.11370009928941727,0.07909136265516281,7,1,177.52,0.54,0.47
Mon Laferte,Amárrame,"Ay, quiéreme de a poco
Pero que no me dé cuenta
Y que nadie sepa
Ven y cuídame
Pero que parezca que me estás haciendo daño
Amárrame

(Aquí vamos, mami)

Ay, finge que no te gustó
Dame una mirada
Y luego vuélvete lejana
Y sin querer
Búscame y déjame
Llámame, pero no me hables
Bésame y ahógame
Amárrame

Cúrame
Y enférmame de a poco
Poco a poco
Cúrame
Y transfórmame en un loco
Poco a poco
Amárrame

Ay, quiero ver tu perversión
Hasta dónde llegas
Hasta dónde me has llevado
Ignórame
Ven y pierde la razón
Quiero que me ruegues
Y me mires a los ojos

Dame la espalda
Desenfócame
Tómame del pelo y repíteme mi nombre
Y ámame, pero sin querer
Deja que te lleve, que, mañana, acaba todo
Amárrame

Cúrame
Y enférmame de a poco
Poco a poco
Cúrame
Y transfórmame en un loco
Poco a poco
Amárrame

Cúrame
(Que pierda la razón)
Y enférmame de a poco
Poco a poco
(Ay, todo loco, loquito)
Cúrame
(Ay, déjame)
Y transfórmame en un loco
Poco a poco
(Que me mires a los ojos)
Amárrame
(Oye)",0.4029580056667328,0.044470056891441345,0.05070999637246132,0.15606044232845306,0.184836745262146,0.09947305172681808,0.06149156764149666,5,0,180.05,0.67,0.78
Mon Laferte,Amor Completo,"No, no hay nada mejor
que probar un primer beso, y más de ti
veo tantos colores y todos mis sentidos
estallarán de tanto amarte.

¿Cómo se puede sentir
tantas cosas en tan poco tiempo, y no morir?
Tú puedes hacer un gran nido en mi universo.
Puedes hacer lo que quieras conmigo.

Yo siento que tú me queri'
como yo te quiero.
Acuéstate a mi lado,
esta noche te quiero vivir

Arrúllame, ahógame, aplástame
Desármame, cómeme, fúmame
Amor inquieto
Amor drogado
Amor completo

Oh,
cada vez que yo
te veo y te pienso,
siento que florezco.

Pero el estar tan lejos
No es fácil que no estés aquí
Aún así puedes hacer
Lo que quieras de mí

Yo siento que tú me queri'
como yo te quiero.
Acuéstate a mi lado,
esta noche te quiero vivir.

Arrúllame, ahógame, aplástame
Desármame, cómeme, fúmame
Amor inquieto
Amor drogado
Amor completo
Amor inquieto
Amor completo",0.5363349318504333,0.016953270882368088,0.03130029886960983,0.09926805645227432,0.1497243046760559,0.12781266868114471,0.03860650211572647,4,1,175.55,0.42,0.35
Mon Laferte,Si tú me quisieras,"Me despedi, pero te menti
No me queria alejar
Disimule, me aguante
Pero es que ya no puedo más
Quise borrarte, olvidarte
Pero te vuelvo a recordar

Todos los días salgo a caminar
Hago mil cosas pa' no pensar
Me lleno de adornos
Sufro de trastornos
Siempre te quiero llamar
No quiero nada, nada, nada
Y es que soy tan complicada

Ay, ay, ay de mi
De este amor que se metió y que se dispara
Se contagia y te reclama

Ay, ay, ay, de mi
De este amor que se me incrusta como bala
Que me ahorca y que me mata

Todo sería diferente si tú me quisieras

Debo frenar
Por que no puedo más
Me duele todo
Y es que me dijo el psiquiatra
Yo se que es mejor, que me olvide de tu cara
No quiero nada, nada, nada
Y es que soy tan obstinada

Ay, ay, ay de mi
De este amor que se metió y que se dispara
Se contagia y te reclama

Ay, ay, ay de mi
De este amor que se me incrusta como bala
Que me ahorca y que me mata

Todo sería diferente si tú me quisieras

Si tú me quisieras yo dejaba todo
Ya no iria a terapia
Se que te perdono
Con tú pelo negro tejería un cuento
Yo quiero vivir contigo este momento

Ay, ay, ay de mi
De este amor que se metió y que se dispara
Se contagia y te reclama

Ay, ay, ay de mi
De este amor que se me incrusta como bala
Que me ahorca y que me mata

Todo sería diferente si tú me quisieras",0.46893763542175293,0.05856221169233322,0.05279632285237312,0.10519362986087799,0.21114282310009003,0.07481982558965683,0.028547564521431923,5,1,209.8,0.75,0.62
Mon Laferte,Pa’ Dónde Se Fue,"Yo me acompañaba con las sombras
Esperando
Esperándote

Aveces yo jugaba con las olas
Les preguntaba
¿Pa' Dónde Se Fue?

Y mientras me bailaban las pestañas
Se me iban subiendo las arañas
Con el dedito tapaba el sol

Mientras se me ahogaba el corazón

Como primavera entre cortar
Yo me quedé
A la mitad

Hasta hoy me siento en soledad
Buscando en miles
Buscando en gente

Buscando en hombres
En tantos hombres
Tu humanidad

Tu paternidad

La vida aveces da aveces quita
Se vuelve infinita
Como la obscuridad

A ti te dio la oportunidad
De crecer margaritas
Y no de marchitarlas

Mientras se me cae la cortina
Yo trato de encajarte en mi vida
¿Que hice mal? ¿Porque yo te perdí?

Sabiendo que envejeces por ahí

Como primavera entre cortar
Yo me quedé
A la mitad

Hasta hoy me siento en soledad
Buscando en miles
Buscando en gente

Buscando en hombres
En tantos hombres
Tu humanidad

Tu paternidad

Te has puesto a pensar
Que vas a hacer
Cuando estés viejo

¿Quién te cuidará?

Como primavera entre cortar
Yo me quedé
A la mitad

Hasta hoy me siento en soledad
Buscando en miles
Buscando en gente

Buscando en hombres
En tantos hombres
Tu humanidad

Tu paternidad",0.34836187958717346,0.022642768919467926,0.046079304069280624,0.09136107563972473,0.2930361032485962,0.11593706905841827,0.0825817734003067,9,0,177.46,0.83,0.62
Mon Laferte,Antes De Ti,"Me puedes ver
En mis pupilas no se puede esconder
La soledad que han ido recogiendo
A tu mirada no le puedo mentir

Fui una mujer
Que caminaba entre la vida y la muerte
En el amor yo nunca tuve suerte

Antes de ti
agoté todas mis lagrimas
Después de tanto error
Me acostumbre al dolor

Antes de ti
Yo no conocía el amor
Estaba sola y triste como esta canción
Transitaba el lado obscuro de la luna

Antes de ti
Yo no conocía el amor
Por cada estrella una decepción
No había nada
Antes de ti, mi amor

Me puedes ver
Con claridad ahora soy transparente
Valió la pena todo, todo el conocerte
A olvidar contigo lo aprendí
Y fui dejando atrás
Toda la tempestad

Antes de ti
Yo no conocía el amor
Estaba sola y triste como esta canción
Transitaba el lado obscuro de la luna

Antes de ti
Yo no conocía el amor
Por cada estrella una decepción
No había nada
Antes de ti mi amor",0.4522460401058197,0.02501153200864792,0.11441481113433838,0.0598776750266552,0.25023841857910156,0.05310685187578201,0.04510464519262314,7,0,92.11,0.6,0.33
Mon Laferte,Flaco,"¿Quién te va a querer
Tanto, tanto como yo?
Me gusta despertar
Y verte dormido nada más

Pero estoy lejos y triste
Deseo abrazarte
Y enredarme en ti

Está lloviendo
Me acuerdo de esa vez
No puedo dormir
¿De qué me sirve este país
Si no puedo reír contigo?
No puedo hacer el amor contigo
Te extraño
Mi Flaco...

Llueve y llueve
En mi corazón
Todo este blanco me perturba
Y me priva de la razón

Llueve y llueve
Y te extraño más
Me duele tanto, tanto amarte
En la soledad

¿Y quién me va a querer
Tanto, tanto como tú?
¿Y quién me va a aguantar
Así con toda tu quietud?

Imagino tu pelo suelto
Te recuerdo sobre mi cuerpo
Te extraño
Mi Flaco...

Llueve y llueve
En mi corazón
Todo este blanco me perturba
Y me priva de la razón

Llueve y llueve
Y te extraño más
Me duele tanto, tanto amarte
En la soledad...

Llueve y llueve
En mi corazón
Como te extraño
Mi Flaco",0.33086875081062317,0.012352358549833298,0.035601746290922165,0.09935466200113297,0.36918872594833374,0.06903982907533646,0.08359388262033463,9,1,146.57,0.41,0.32
Lila Downs,La Cumbia Del Mole,"Cuentan que en Oaxaca se toma el mezcal con café.

Cuentan que en Oaxaca se toma el mezcal con café.

Dicen que la hierba le cura la mala fé.

Dicen que la hierba le cura la mala fé.

A mi me gusta el mole que Soledad me va a moler.

A mi me gusta el mole que Soledad me va a moler.

Mi querida Soledad,

Me va a guisar un molito.

Por el cielo de Montealban,

De noche sueño contigo.

Mi querida Soledad,

Me va a guisar un molito.

Por el cielo de Montealban,

De noche sueño contigo.

Se muele con cacahuate

Se muele también el pan

Se muele la almendra seca

Se muele el chile y

También la sal

Se muele ese chocolate

Se muele la canela

Se muele pimienta y clavo

Se muele la molendera

Cuentan que en Oaxaca con agua es el cohoclate

Cuentan que en Oaxaca con agua es el chocolate

Dicen que en la fiesta toritos de ha de quemar

Dicen que en la fiesta toritos de ha de quemar

Para el que haga su manda por la pasión de Soledad

Para el que haga su manda por la pasión de Soledad.

Mi querida Soledad,

Me va a guisar un molito.

Por el cielo de Montealban,

De noche sueño contigo.

Mi querida Soledad,

Me va a guisar un molito.

Por el cielo de Montealban,

De noche sueño contigo.",0.3107321560382843,0.02741033397614956,0.03746753931045532,0.16848179697990417,0.16389237344264984,0.28503045439720154,0.0069853514432907104,4,0,96.03,0.69,0.65
Lila Downs,La Llorona,"Todos me dicen el negro, Llorona
Negro pero cariá±oso.
Todos me dicen el negro, Llorona
Negro pero cariá±oso.
Yo soy como el chile verde, Llorona
Picante pero sabroso.
Yo soy como el chile verde, Llorona
Picante pero sabroso.

Ay de má­, Llorona Llorona,
Llorona, llévame al rá­o
Tá¡pame con tu rebozo, Llorona
Porque me muero de frió

Si porque te quiero quieres, Llorona
Quieres que te quieres má¡s
Si ya te he dado la vida, Llorona
Â¿Qué mas quieres?
Â¿Quieres má¡s?",0.7046917676925659,0.022489173337817192,0.016676194965839386,0.03496621549129486,0.06241609528660774,0.12268608808517456,0.036074452102184296,9,0,187.36,0.31,0.25
Lila Downs,Paloma Negra,"Ya me canso de llorar
Y no amanecer
Ya no se si maldecirte
O por ti rezar

Tengo miedo de buscarte
Y de encontrarte
Donde me aseguran tus amigos que te vas

Hay momentos en que quisiera
Mejor rajarte
Pa`rrancarme ya los clavos de mi pena
Pero mis ojos se mueren sin mirar tus ojos

Y mi cariño con la aurora te vuelve a esperar

Ya agarraste por tu cuenta
La parranda

Paloma negra
Paloma negra
Adonde, adonde andaras

Ya no juegues con mi honra
Parrandera
Si tus caricias deben ser mias
De nadie más

Y aunque te ame con locura
Ya no vuelvas

Paloma negra
Eres la reja de un penal
Quiero ser libre vivir mi vida
Con quien yo quiera
Dios dame fuerzas que estoy muriendo por irlo a buscar

Ya agarraste por tu cuenta
La parranda",0.4653864800930023,0.029655450955033302,0.07629863172769547,0.075897216796875,0.24669820070266724,0.025641271844506264,0.08042263984680176,2,1,110.62,0.36,0.34
Lila Downs,Naila,"En una noche de luna
Naila lloraba ante mi
Ella me hablaba con ternura
Puso en mis labios su dulzura
Yo le decia porque lloraba
Y ella me contesto asi
""Ya me embriague con otro hombre
Ya no soy Naila para ti
Ya me embriague con otro hombre
Ya no soy Naila para ti""
Naila, di porque me abandonas
Tonta, si bien sabes que te quiero
Vuelve a mi, ya no busques
Otros senderos
Te perdono, porque sin tu amor
Se me parte el corazón
Naila, di porque me abandonas
Tonta, si bien sabes que te quiero
Vuelve a mi, ya no busques
Otros senderos
Te perdono, porque sin tu amor
Se me parte el corazón",0.5401161313056946,0.022395828738808632,0.04964745417237282,0.057463388890028,0.20060214400291443,0.045145027339458466,0.08463002741336823,6,0,102.39,0.16,0.46
Lila Downs,Benediction and Dream,"Y ella es flama que se eleva

Y es un pájaro a volar

En la noche que se incendia,

Estrella de oscuridad

Que busca entre la tiniebla

La dulce hoguera de el beso

Que mal amor es sus labios

El infierno es este cielo",0.42686358094215393,0.021156147122383118,0.04494989290833473,0.08223970979452133,0.29237380623817444,0.08247300237417221,0.04994380846619606,0,1,84.15,0.1,0.04
Lila Downs,Agua De Rosas,"Flor del color de mis venas...

De una lluvia de cielo que muere en Cuchitán...

Eres

Vara de Romero

Madre del deseo

Que el río cantó

Eres

Suripanta del pueblo

La mujer que más quiero

Que me da de beber...

Agua de rosas

Dame de beber ahhh ahhh

Que esta tristeza

Acabe de una vez ahhh ahhh",0.31614789366722107,0.05636982619762421,0.14797870814800262,0.04264054074883461,0.10979137569665909,0.21039380133152008,0.11667795479297638,9,0,87.99,0.8,0.94
Lila Downs,La Cama De Piedra,"de piedra a de ser la cama
de piedra la cabecera
la mujer que a mi me quiera
me ha de querer de ha deberas hay hay hay.

corazon por que no amas
subi a la sala del crimen le pregunte
al presidente que si es delito quererte
que me sentencien a muerte hay hay hay
corazon porque no amas.

el dia que a mi me maten que sea
de cinco balazos y este cerquita de ti
para morir en tus brazos hay hay.
hay corazon, corazon porque no amas.

por caja tengo un zarape por cruz mis
dobles cananas y escriban sobre
mi tumba mi ultimo adios con mil balas
hay hay hay corazon por que no amas.
no amas no amas.

corazon por que no amas",0.371635377407074,0.03596265986561775,0.11707371473312378,0.17629343271255493,0.2074100822210312,0.04572223126888275,0.04590247571468353,7,1,117.27,0.25,0.38
Julieta Venegas,Me Voy,"Por que no supiste entender a mi corazon
Lo que habia en el por que no tuviste el valor de ver quien soy
Por que no escuchas lo que esta tan cerca de ti
Solo el ruido de afuera y yo
Estoy a un lado desaparezco para ti

No voy a llorar y decir
Que no merezco esto
Por que
Es probable que
Lo merezco, pero no lo quiero por eso me voy

Que lastima pero adios
Me despido de ti y me voy
Que lastima pero adios
Me despido de ti y me voy

Por que se que me espera algo mejor
Alguien que sepa darme amor
De ese que endulza la sal
Y hace que salga el sol
Yo pense que nunca me iria de ti
Que es amor del bueno de toda la vida
Pero hoy entendi que no hay suficiente para los dos

No voy a llorary decir
que no merezco esto
Porque
Es probable que
Lo merezco, pero no lo quiero por eso me voy

Que lastima pero adios
Me despido de ti y me voy
Que lastima pero adios
Me despido de ti y me voy

Que lastima pero adios
Me despido de ti y me voy
Que lastima pero adios
Me despido de ti y me voy

Que lastima pero adios
Me despido de ti y me voy
Que lastima pero adios
Me despido de ti y me voy",0.44399338960647583,0.057902999222278595,0.06319441646337509,0.055289920419454575,0.2853913903236389,0.04071526229381561,0.0535125695168972,2,1,107.87,0.59,0.63
Julieta Venegas,Limón y Sal,"Tengo que confesar que a veces
no me gusta tu forma de ser
luego te me desapareces y no entiendo muy bien por qué
no dices nada romántico cuando llega el atardecer te pones de un humor extraño con cada luna llena al mes.

Pero a a todo lo demás le gana lo bueno que me das sólo tenerte cerca siento que vuelvo a empezar.

Yo te quiero con limón y sal, yo te quiero tal y como estás,
no hace falta cambiarte nada,
yo te quiero si vienes o si vas,
si subes y bajas y
no estás seguro de lo que sientes.

Tengo que confesarte ahora
nunca creí en la felicidad
a veces algo se le parece, pero
es pura casualidad.

Luego me vengo a encontrar con tus ojos y me dan algo más
solo tenerte cerca siento
que vuelvo a empezar.

Yo te quiero con limón y sal, yo te quiero tal y como estás,
no hace falta cambiarte nada,
yo te quiero si vienes o si vas,
si subes y bajas y
no estás seguro de lo que sientes.

Solo tenerte cerca

siento que vuelvo a empezar...",0.5194087624549866,0.14325274527072906,0.04147140309214592,0.09897997975349426,0.038370415568351746,0.13085773587226868,0.02765892818570137,11,1,111.03,0.65,0.49
Julieta Venegas,Lento,"Si quieres un poco de mí,
me deberías esperar.
y caminar a paso lento,
muy lento
y poco a poco olvidar,
el tiempo y su velocidad
frenar el ritmo, ir muy lento, más lento.
Ser delicado y esperar,
dame tiempo para darte
todo lo que tengo...
Si quieres un poco de mí,
dame paciencia y verás
será mejor que andar corriendo,
levantar vuelo
y poco a poco olvidar,
el tiempo y su velocidad
frenar el ritmo, ir muy lento,
cada vez mñas lento.
Ser delicado y esperar,
dame tiempo para darte
todo lo que tengo...
Si me hablas de amor
si suavizas mi vida
no estaré mas tiempo
sin saber que siento
Ser delicado y esperar,
dame tiempo para darte
todo lo que tengo...",0.673128604888916,0.1450541615486145,0.036163609474897385,0.03366551920771599,0.021376710385084152,0.07062018662691116,0.01999124139547348,5,1,143.97,0.75,0.8
Julieta Venegas,Andar Conmigo,"Hay tanto que quiero contarte
hay tanto que quiero saber de ti
ya podemos empezar poco a poco
cuéntame, qué te trae por aquí
No te asustes de decirme la verdad
eso nunca puede estar así tan mal
yo también tengo secretos para darte
y que sepas que ya no me sirven más
Hay tantos caminos por andar...
dime si tu quiseras andar conmigo
cuéntame si quisieras andar conmigo
Estoy ansiosa por soltarlo todo
desde el principio hasta llegar al día de hoy
una historia tengo en mi para entregarte
una historia todavía sin final
Podríamos decirnos cualquier cosa
incluso darnos para siempre un siempre no
pero ahora frente a frente, aquí sentados
festejemos que la vida nos cruzó
Hay tantos caminos por andar...
dime si tu quiseras andar conmigo
cuéntame si quisieras andar conmigo",0.5878692269325256,0.040799424052238464,0.0654703825712204,0.09146280586719513,0.08660110831260681,0.05420021712779999,0.07359682023525238,0,1,116.99,0.59,0.91
Julieta Venegas,Eres para Mí,"Eres para mi
me lo ha dicho el viento
eres para mi
lo oigo todo el tiempo.

Eres para mi
me lo ha dicho el viento
eres para mi

La sombra que pasa
la luz que me abraza
tus ojos mirándome
la calle que canta su canto de diario
el mundo moviéndose.

Yo sé que tienes miedo
y no es un buen momento para ti
y para esto que nos viene sucediendo
pero...

Eres para mi
me lo ha dicho el viento
eres para mi
lo oigo todo el tiempo

Eres para mi
me lo ha dicho el viento
eres para mi

El espejo que da su reflejo en todo
lo pinta tal como es
mi cuerpo que no tiene peso
si escucho tu voz
llamándome.

Yo sé que tienes miedo y no es un buen momento para ti
y para esto que nos viene sucediendo...

Temes sentir más de la cuenta
el corazón es un músculo, si no late revienta
extraño, mirarte de lejos
de hacernos los tontos parecemos tan viejos
tiempo, ¿quieres más tiempo?
mírame la piel, ¿no ves acaso lo que siento?
tú eres para mi, yo soy para ti
el viento me lo dijo con un soplo suave, si...

Yo sé que tienes miedo y no es un buen momento para ti (para mi)
y para esto que nos viene sucediendo
pero...

Eres para mi
me lo ha dicho el viento
Eres para mi
Lo oigo todo el tiempo
Eres para mi
me lo ha dicho el viento
Eres para mi
Eres para mi

Eres para mi...

Eres para mi
Lo oigo todo el tiempo
Eres para mi
me lo ha dicho el viento

Lo oigo todo el tiempo
tal para cual como el mar y la sal
sigue mi cadencia
pierdo la paciencia, tú eres para mi
¿no te das cuenta?
tú eres para mi, yo soy para ti
el viento me lo dijo con un soplo suave, si...
tú eres para mi, yo soy para ti...",0.42384225130081177,0.05459947884082794,0.07257287949323654,0.11114411801099777,0.18273353576660156,0.0679999589920044,0.08710770308971405,6,0,96.99,0.69,0.9
Julieta Venegas,Eres para mí,"Eres para mi
me lo ha dicho el viento
eres para mi
lo oigo todo el tiempo.

Eres para mi
me lo ha dicho el viento
eres para mi

La sombra que pasa
la luz que me abraza
tus ojos mirándome
la calle que canta su canto de diario
el mundo moviéndose.

Yo sé que tienes miedo
y no es un buen momento para ti
y para esto que nos viene sucediendo
pero...

Eres para mi
me lo ha dicho el viento
eres para mi
lo oigo todo el tiempo

Eres para mi
me lo ha dicho el viento
eres para mi

El espejo que da su reflejo en todo
lo pinta tal como es
mi cuerpo que no tiene peso
si escucho tu voz
llamándome.

Yo sé que tienes miedo y no es un buen momento para ti
y para esto que nos viene sucediendo...

Temes sentir más de la cuenta
el corazón es un músculo, si no late revienta
extraño, mirarte de lejos
de hacernos los tontos parecemos tan viejos
tiempo, ¿quieres más tiempo?
mírame la piel, ¿no ves acaso lo que siento?
tú eres para mi, yo soy para ti
el viento me lo dijo con un soplo suave, si...

Yo sé que tienes miedo y no es un buen momento para ti (para mi)
y para esto que nos viene sucediendo
pero...

Eres para mi
me lo ha dicho el viento
Eres para mi
Lo oigo todo el tiempo
Eres para mi
me lo ha dicho el viento
Eres para mi
Eres para mi

Eres para mi...

Eres para mi
Lo oigo todo el tiempo
Eres para mi
me lo ha dicho el viento

Lo oigo todo el tiempo
tal para cual como el mar y la sal
sigue mi cadencia
pierdo la paciencia, tú eres para mi
¿no te das cuenta?
tú eres para mi, yo soy para ti
el viento me lo dijo con un soplo suave, si...
tú eres para mi, yo soy para ti...",0.42384225130081177,0.05459947884082794,0.07257287949323654,0.11114411801099777,0.18273353576660156,0.0679999589920044,0.08710770308971405,6,0,96.99,0.69,0.9
Julieta Venegas,Algo está cambiando,"Algo esta cambiando

Me hablas, preguntas,

si nos podemos ver después

razones me sobran

pero aunque quiera no lo sé

siempre hay algo más,

que a simple vista no se ve

será que hay algo más,

que a simple vista no?

Te asusta la idea

de lo que pueda suceder,

decirte quisiera

algo que te haga sentir bien,

pero es que hay algo más,

que a simple vista no se ve

será que hay algo más,

que a simple vista no se ve.

Pero siento que hay en mí

algo que esta cambiando

no se ve?

Pero siento que hay en mí

algo que esta cambiando

No pienses que olvido,

lo que me ha dado tu querer

lo llevo conmigo,

así me puedo sentir bien

pero es que hay algo más,

que a simple vista no se ve

será que hay algo más,

que a simple vista no se ve.

Pero siento que hay en mí

algo que esta cambiando

no se ve?

Pero siento que hay en mí

algo que esta cambiando

Que más quisiera yo,

que ser feliz y darte amor, amor

que más quisiera yo,

vivir feliz y darte amor, amor

Siempre hay algo más,

que a simple vista no se ve

pero siento que hay en mí

algo que esta cambiando

no se ve?

Pero siento que hay en mí

algo que esta cambiando",0.4548616111278534,0.02712477557361126,0.03871798515319824,0.11138436198234558,0.16651888191699982,0.12844306230545044,0.07294931262731552,4,0,87.01,0.6,0.37
Julieta Venegas,Canciones De Amor,"Tu me decias que nada te haría cambiar y yo te decía que cambiaste todo para mí, tu me decías que estabas triste con la vida, pero yo, nunca te creí.

Estoy tan cansada de las canciones de amor ,siempre hablan de un final feliz...bien sabemos que la vida nunca funciona asi.

Y te mandaba las señales que se me ocurrían, tu nunca las entendías, no escuchabas bien, un día me cansé y claro está que te dejé no me hacías caso, entonces para qué?

Estoy tan cansada de las canciones de amor siempre hablan de un final feliz...bien sabemos ke la vida nunca funciona asi

Hbria hecho todo pero tu nunca entendiste nada,nada de nada la vida siempre tiene que seguir aunque mi corazon se parta y no quede nada por eso

Estoy tan cansada de las canciones de amor siempre hablan de un final feliz,bien sabemos que la vida nunca funciona asi(x4)",0.5353795289993286,0.029153751209378242,0.06582701951265335,0.10062352567911148,0.11519058048725128,0.07131334394216537,0.0825122594833374,2,1,97.03,0.83,0.6
Ximena Sariñana,¿Qué Tiene?,"A veces cuando la luz atraviesa temprano
Por la ventana entra el sol y tú llegas buscándome
Estás intentando convencerme
No sé si esto me conviene
Vale madre lo que digan

Si no sé frenar
¿Qué tiene?
Si no sé bailar
¿Qué tiene?
Si no tengo flow
¿Qué tiene?
¿Qué tiene?
¿Qué tiene?

Si no sé frenar
¿Qué tiene?
Si no sé bailar
¿Qué tiene?
Si hoy amanece
¿Qué tiene?
¿Qué tiene?
¿Qué tiene?

De la noche de anoche tengo varias lagunas
La cama me acompaña cuando estoy cruda
No sé, pero me encanta ser tributo a la luna
En estos tiempos no hay fuerza de voluntad

Buscándome
Estás intentando convencerme
No sé si esto me conviene
Vale madre lo que digan

Si no sé frenar
¿Qué tiene?
Si no sé bailar
¿Qué tiene?
Si no tengo flow
¿Qué tiene?
¿Qué tiene?
¿Qué tiene?

Si no sé frenar
¿Qué tiene?
Si no sé bailar
¿Qué tiene?
Si hoy amanece
¿Qué tiene?
¿Qué tiene?
¿Qué tiene?

¿Qué tiene?

A veces cuando la luz atraviesa temprano
Por la ventana entra el sol y tú llegas buscándome
Estás intentando convencerme
No sé si esto me conviene
Vale madre lo que digan

Si no sé frenar
¿Qué tiene?
Si no sé bailar
¿Qué tiene?
Si no tengo flow
¿Qué tiene?
¿Qué tiene?
¿Qué tiene?

Si no sé frenar
¿Qué tiene?
Si no sé bailar
¿Qué tiene?
Si hoy amanece
¿Qué tiene?
¿Qué tiene?
¿Qué tiene?",0.4147264361381531,0.008087655529379845,0.01625978574156761,0.07648374140262604,0.2702074944972992,0.02057485282421112,0.19366003572940826,10,0,87.91,0.53,0.7
Ximena Sariñana,La Tina,"Abre la cortina y veme, en la tina
Esperá¡ndote, como a medio dá­a.
No llames al doctor, porque ya no sirve
Me he perdido y ya no quiero salir de aquá­...

Abre la cortina y veme, en la tina
Olvidá¡ndome, como a medio dá­a
No me hables de amor, porque ya no sirve
Y no me pidas que regrese, me quedo aquá­...

Y el mundo esta mejor, el mundo esta mejor
El rojo esta mejor, el rojo esta mejor...

Quá­tate la ropa, y vamos a nadar
Que el agua esta roja, y con dos no esta mal
Quédate tranquilo, te puedo enseá±ar
Lo que sumergimos y dejo de respirar.

Y el mundo esta mejor, el mundo esta mejor
Mi tina es para dos, mi tina es para dos...",0.38430628180503845,0.029358984902501106,0.08136704564094543,0.0960284173488617,0.19891121983528137,0.1650039106607437,0.0450240820646286,11,0,79.64,0.44,0.48
Ximena Sariñana,Vidas Paralelas,"Cuanto tiempo perderemos para conocernos y reconocer
y en tu vida paralela quiero que me quieras al amanecer
como sé si lo que viste en mi no es lo mismo que te alejó
y en mi vida paralela quiero convencerte que esto funcionó

Mis paredes encerraron todas las preguntas sobre los 2
y al final de todo tengo lo que quiero y solo formas parte
de lo que soy

Como se si lo que sientes es equivalente cuando ya no estas
y en tu vida paralela existe la promesa que regresarás

Mis paredes encerraron todas las preguntas sobre los 2
y al final de todo tengo lo que quiero y solo formas parte
de lo que soy ... parte de lo que soy...

Cuantas vidas paralelas quieres que sucedan antes de perder",0.48771345615386963,0.06054498627781868,0.06491316854953766,0.11404848843812943,0.15217475593090057,0.07350938767194748,0.04709572345018387,11,1,96.02,0.65,0.89
Ximena Sariñana,Cuento,"¿Cuanto se puede? Quiero saber
¿Quien tiene menos para comer?
Y te convido y pido que no tengas sed.
La emoción nace, crece y te quiero ver.

Puede que te quiera secuestrar
y después te vaya a torturar, ¿no se?
Pero solo quiero contemplar
cuantas de tus pecas puedo yo entender.
Porque ya no puedo esperar,
quiero que te vengas a tomar un te.
Y entre todo este bienestar
me acuerdo que ya despegue los pies.

Me encimo, afino, termino y descubro que:
El cuento que cuento, no siento que quiera ser.
Y el humo consumo que imagine.
Enciendo y entiendo que no te conozco bien.

Puede que te quiera secuestrar
y después te vaya a torturar, ¿no se?
Pero solo quiero contemplar
cuantas de tus pecas puedo yo entender.
Porque ya no puedo esperar,
quiero que te vengas a tomar café.
Y entre todo este bienestar
me acuerdo que ya despegue los pies.",0.5600178241729736,0.015154791995882988,0.02340371534228325,0.09692501276731491,0.12423212081193924,0.141378253698349,0.03888823464512825,2,0,82.46,0.57,0.39
Ximena Sariñana,Mediocre,"Son las hojas que escribí ayer.
El lenguaje que quedo en tu piel.
Fue la tinta a toda intención
De dejarte lo que soy.

Y poco a poco
Gano mi ocio.
Cuando veo ya no estas
Y me quede hasta el final.

Y me creí tan especial
Que ingenua, mi torpeza.
Y me sentí tan esencial
Que ingenua, mi vergüenza.
Me olvidaste por mi parte
Que mediocre.

Me encanta escucharte hablar
Que elegancia hacerte sentir mal.
Solo quiero que quisieras hoy
Demostrarte lo que soy.

Y poco a poco
Gano mi odio.
No quisiste algo más
Y me quede hasta el final.

Y me creí tan especial
Que ingenua, mi torpeza.
Y me sentí tan esencial
Que ingenua, mi vergüenza.
Me olvidaste por mi parte
Que mediocre.",0.45060819387435913,0.048455942422151566,0.13435305655002594,0.06260232627391815,0.05992327257990837,0.1906411051750183,0.053416136652231216,1,1,167.84,0.25,0.14
Ximena Sariñana,Las Huellas,"Las huellas que quedaron,
son solo espinillas
y no tengo que crear la misma semilla.
No tengo porque cederte.
Yo no quiero pedirte nada
solo pon tus labios sobre mi espalda.

Amar te duele
Amar te duele

Ni el oscuro del pavimento,
ni lo limpio de los suelos
quita tu verruga que llevo dentro.

No tengo porque cederte.
Yo sin ti ya no siento nada,
rómpeme en cachitos bajo la almohada.

Amarte duele
Amar duele
Te duele
Me duele",0.6191215515136719,0.02761439047753811,0.07462552934885025,0.05804257094860077,0.10481970012187958,0.08387449383735657,0.031901706010103226,2,0,139.6,0.28,0.28
Ximena Sariñana,Cobarde,"Si es verdad que tú te vas
Si ya no hay vuelta atrás
Ya sé bien lo que dirás
Ya sé que mentirás, no hay más

Mírame a la cara, por favor, no seas cobarde
Tus mentiras llegan tarde
Y ya no hay nada que nos salve
Mírame a la cara y no me mientas, tú no lloras
Si tan fácil te enamoras
Y nuestro amor duró unas horas

Nunca ha sido culpa de quien hiere o de quien llora
Culpa del que se enamora

Respirar, querer gritar
Y no poderte odiar
Sé que hablar está de más
Lo dicho dicho está, no hay más

Mírame a la cara, por favor, no seas cobarde
Tus mentiras llegan tarde
Y ya no hay nada que nos salve
Mírame a la cara, no me mientas, tú no lloras
Si tan fácil te enamoras
Y nuestro amor duró unas horas

Nunca ha sido culpa de quien hiere o de quien llora
Culpa del que se enamora

Llorarte no es pedir perdón
No quiero darte la razón
Si nunca fue mi decisión
Y es que al final ninguno dijo ""Adiós""

Mírame a la cara, por favor, no seas cobarde
Tus mentiras llegan tarde
Y ya no hay nada que nos salve
Mírame a la cara, no me mientas, tú no lloras
Si tan fácil te enamoras
Y nuestro amor duró unas horas

Nunca ha sido culpa de quien hiere o de quien llora
Nunca ha sido culpa de quien hiere o de quien llora
Culpa del que se enamora
Culpa del que se enamora",0.49251246452331543,0.04164961352944374,0.06016088277101517,0.09213422983884811,0.18679587543010712,0.1053939089179039,0.02135300822556019,2,1,82.26,0.44,0.22
Canserbero,Maquiavélico,"De no ser por esas veces en que cometo la gran
Barbaridad de ponerme a pensar
O por esas otras veces en que cometo la gran
Estupidez de no olvidar
De meditar mirando al techo al despertar
De imaginar, cualquier cosa
De no ser por esas veces en que suelo respirar
Podría jurar que no te recuerdo nada!

Y lo peor es que yo te conozco tanto
Que podría recordarte quien eres por si lo olvidas
Y lo peor del caso es que de ti sé tanto
Que podría dictar clases intensivas de tu vida
Por eso casi se cuando me estas pensando
Por eso creo saber cuando de mi te olvidas!
Y sé que como yo quisieras poder solo parpadeando
Echar al tiempo atrás en nuestras vidas
El único detalle es que la ciencia no a podido noo!
Crear esas maquinitas del tiempo
Por eso creo que nos resulta un poquitico bien jodido
Volver a los días en que tu cuerpo
Estaba convertido en rio sobre el mio
Dejando escapar seguido esos orgasmitos lentos
Que cabe acotar nacían al mismo tiempo
Hasta que un cigarrillo daba fecha de fallecimiento

Es maquiavélico meditar a solas donde tú viviste todo con ella
Como una voz que te dice que a las estrellas
Un dedo no puede ocultar no
Es maquiavélico meditar a solas donde tú viviste todo con ella
Como una voz que te dice que a las estrellas
Un dedo no puede ocultar no

Escribo solo versos tristes
En algún patético me convertiste
Releo lo que escribiste
Cuando éramos felices o mas o menos felices
Y sentía como mariposas
Lo que hoy sé que son lombrices
Estoy en esos tiempos en
Que gota a gota la mente se agota
Pasan los días y apenas lo notas
La rutina es implacable, el mal humor te arropa
Y luces como un don nadie con cualquier ropa
Pero te juro que estoy harto
Hoy voy a comenzar a escapar de mi cuarto
Ya estoy harto
Hoy solo quiero pensar en cosas que me hagan reír si
Que me hagan ser feliz
Dejar de mirar grises nubes que vas a revolcarme
Arrancar de raíz
Todo recuerdo infeliz
¿ y ahora?
Si te preguntan di que estoy pensando en mí
Y aun que sobre rimas de nostalgia que deba cantar
Aun que clima se nos ponga gris
Arriba mi frente va a estar
Aun que el tiempo se niegue a esperarme
Yo nadare contra corriente aun sabiendo que

Es maquiavélico meditar a solas donde tú viviste todo con ella
Como una voz que dice que a las estrellas
Un dedo no puede ocultar no!
Es maquiavélico meditar a solas donde tú viviste todo con ella
Como una voz que dice que a las estrellas
Un dedo no puede ocultar no

Es por que es por que llegamos a este punto
Es muy difícil de decir
Como determinar causas de que ya no estemos
Aun que nos queramos así
Pude haber sido por mí, pudo haber sido por ti
Pudo haber sido cualquier cosa
Pudo haber sido incluso el aleteo de una mariposa
El hecho es que nos perdimos para siempre
El hecho es que nos perdimos para siempre
El hecho es que nos perdimos para siempre
El hecho es que nos perdimos para siempre
El hecho es que nuestro amor, llego a su muerte

Es maquiavélico meditar a solas donde tú viviste todo con ella
Como una voz que dice que a las estrellas
Un dedo no puede ocultar no!
Es maquiavélico meditar a solas donde tú viviste todo con ella
Como una voz que dice que a las estrellas
Un dedo no puede ocultar no

Es maquiavélico meditar a solas donde tú viviste todo con ella
Como una voz que dice que a las estrellas
Un dedo no puede ocultar no!
Es maquiavélico meditar a solas donde tú viviste todo con ella
Como una voz que dice que a las estrellas
Un dedo no puede ocultar no",0.1279100924730301,0.019410330802202225,0.039287932217121124,0.15629762411117554,0.5695663094520569,0.05254323408007622,0.034984465688467026,11,1,92.91,0.87,0.4
Canserbero,Es Épico,"Oh, me falta el aire...
Y el corazón...
Hoy, va a correr sangre
Ya sé por dónde se mueve según

Hoy voy a convertirme en un criminal ya no creo en nadie
A menos que me convierta en un muerto
Hoy voy a vengar a mi hermano como le juré a mi padre
Diente por diente, ojo por ojo es esto
Una bicha prestada porque no soy hampa
Pero la rabia que siento no escampa, es tanta que me ahoga
Nunca había ""huelido"" droga pero ahora es necesario
Pa' cumplir con lo que el corazón me implora
¡Siento que se me sale el tórax!
La moto a cien por hora
Pelo por la bicha y le grito ""¿y ahora?""
Todo pasa muy chola, en ráfagas descargo
A todos esos malandros hasta que ya no escupe la pistola

El corazón tucun tucun tucun
Y las balas pacan pacan pacan

Lloro de la arrechera mientras en la acera caigo
Escucho a una señora que grita que mataron a Carlos
Sólo ahí fue cuando sonreí aliviado, porque Carlos
Fue el bastardo que mató a mi hermano

Todo es confuso escucho ""wiu, wiu, wiu""
No veo bien y siento frío, frío, frío
Un tipo gritando ""el mío, el mío, el mío""
Hasta que ya no escuché na' más que un profundo silencio
Varios segundo de calma, mi alma al lado de mi cuerpo
Me dije: ""aún no he ido al más allá""
Siento un olor a perfume
Veo una luz en un túnel
Y un fuego que me consume
Se empezaba a ver atrás
No dejaré que me abrume el fuego
""Seguiré hacia el túnel"", pensé
Pero seguir no pude porque
Me halaron pa'trás, cayendo en pica'
Montañas negras de azufre con un olor a mierda
Cuerpos deformados que sufren, caí sobre una piedra
Un barco viejo con un viejo me esperaba
No me respondía nada; almas al barco golpeaban
Él me llevó donde Cerbero
Que dijo no morderme porque le gusta mi nombre de rapero
Si lo ves de esa forma pude tener suerte
Irónica es la vida pero también irónica es la muerte
Me desperté ya sentado sobre un estrado
Y un jurado de malvados decidirían mi suerte
Recuerdo que fui golpeado y trasladado
A un sitio en uno de los círculos con un montón de gente
""Por vengativo y asesino""
""Te quemarás por siempre""
""Por toda la eternidad como castigo""
Vi muchos rostros conocidos y me sentí sorprendido
Porque no pensé que estuvieran conmigo

Personas que lucian buenas en el mundo
Como el Che Guevara incluso, como Juan Pablo II
Presuntos Dalai Lamas calcina'os con Mao
Y los difuntos Tafari Makonnen y Beethoven juntos
Me asombró mucho saber que estaban aquí
John F. Kennedy, Lenin, Mahoma y Joseph Smith
César y Napoléon salieron de las llamas
Porque eran la misma persona que ahora es un tal Obama
No entendía nada, pregunté por Cristo
Y noté que se burlaban porque nadie lo había visto
Otros dijeron que fue un truco de su iglesia
Para gobernar al mundo con su majestuosa empresa
Charles Russel y Washington
José de San Martín y Gandhi
Yasir Arafat, Cristóbal Colón
Isabel de Inglaterra transformada en perra desnuda
¡Supe incluso estaban Bolívar y Buda!
Son demasiadas dudas, pensamientos vagos
Gente buenas en el infierno, ¿o es que en algo fueron malos?
Por algo están aquí, aunque no lo acepten
Debo hallar ahora una manera de huir de la muerte
Recordé que en la tierra donde había nacido
Existía una leyenda del Diablo con un tal Florentino
Obviamente un cuento, pero inteligente
Para irme de este infierno, ¡infierno literalmente!
Vociferé durante meses que podía con el jefe
Recitando versos entre fuego y heces
Hasta que un día apareció un viejo con traje
Que me dijo ""pierde y me llevo a tu padre de homenaje""
Qué situación tan complicada en la que me encontraba
Pero yo nunca he sido de los que se cagan
Además, había compuesto demasiados versos
Que mas la improvisación haría temblar al universo
¡Empieza!

¡Antes que nada te maldigo!
¡Voy a hacer que sufras el peor de todos los castigos
¿Cómo te atreves a retarme en castellano?
Y en este ritmo tan pobre como el suelo donde te has criado

Con más razón tú deberías avergonzarte
Perder un combate con un homo sapiens
Además te explico, se llama Venezuela donde nació este tipo
Y tú no puedes maldecirme porque ya yo estoy maldito

Eres muy peculiar
Y mi deber es explicar que no puedes ganar porque yo lo sé todo
Domino los idiomas, los modos, la historia
Incluso sé los más recónditos miedos de tu memoria

Debo aclarar que hay un factor clave que olvidas
Los miedos se van en el momento que pierdes la vida
Se dice que el amor masacra tus insultos
Pero yo te mataré con más odio para ser justo

A mí tú no me engañas, mediocre adversario
¿Cómo hablar de odio si tu brazo grita lo contrario?
Tú le has mentido a todos tus seguidores
Con múltiples contradicciones en muchas de tus canciones

No entiendes nada a los humanos
Yo sueño con amor porque sé que en el fondo nosotros amamos
Si canto rabia es para desahogar por dentro
Como cuando Cristo echó a los comerciantes de su templo

De nuevo tú hablando de cosas que no sabes
Eres un imitador, como tu voz, la cual no es tan grave
Lo único grave es que te crean
Pero aunque la mentira tiene patas tarde o temprano cojea

Me has conmovido ahora que te conozco más, Satanás
No comprendes el arte, tampoco la paz
Mi voz es más, es más, esta es mi voz que Dios me dio de don
Para tenaz usarla cual daga en tu corazón

¿Cómo puedes hablar de Dios si eres ateo?
En tus ojos lo veo mientras mi candela te consume
Te recuerdo que Dios no existe
Y lo que viste en aquel túnel no fue más que simples ángeles comunes

Dudar y no creer es algo muy distinto
Y si dudo de Dios es porque no lo he visto
Aun así insisto en recalcarte lo que contigo aprendí
Que reyes habrán muchos, pero siempre tienen que ir a ti (¡Siempre!)

Y el corazón...",0.38008877635002136,0.033079925924539566,0.0471305213868618,0.1658429205417633,0.17320850491523743,0.134554922580719,0.06609442085027695,0,1,93.37,0.82,0.75
Canserbero,Querer Querernos,"Andabamos sin buscarnos
Aqunque sabiendo que andabamos para encontrarnos
Y aunque no creo en el amor a primera vista
Creo en el querer a primera noche
Y te dije que pasaría porque sabía que sabías
Que sabía que querías

Y fueron nubes la que use de trampolines
Y tiburones los que vestí de delfines
Un arco iris de tobogán, Por
donde me dejé caer hasta aterrizar en un río de paz
Los ruidos, parecían cantos de ángeles del cielo
Y no es que yo halla estado allí
Sino es que aquí no suena na' tan bueno
Sentía un fuego que me acariciaba el alma
Y me comenzaban a crecer sonrisas en la barba
Tenía alas, para atravesar las nubes
Y olía tan bien que hasta las flores querían mi perfume
Crecí tanto que a los planetas los tomé en mis manos
Y jugué con ellos a las metras en segundo plano, Claro
Que a los pocos instantes me encogí
Para poder volar y volar sobre un colibrí
Si, los arboles cantaban Jazz o tal vez Blues o quizás paz
Tal vez algo más
Caminaba en el mar, podía parar el tiempo
Acelerar, repetir con un simple movimiento
Podía quitarme la vida y nacer de nuevo
Porque el paraíso donde a donde iría no sería tan bueno
Era perfecto, como si de un cuento se tratase
Podía hasta crear un defecto, por si lo perfecto me asustase
El hecho es que por un instante entré en razón
Y no estaba soñando
Estaba haciéndote el Amor

Fue plenitud lo que sentí, estando dentro de ti
Bailando por adentro de tu cuerpo
Algo tan simple como que yo voy en ti y tu vas en mí
Como dos piezas que encajan perfecto
Y aunque seis mil millones de humanos, tu y yo
Somos una especie que murió hace tiempo
Sólo queda una hembra y su complemento
Por eso es tan natural Querer Querernos

Y mis labios escalaban tus cordilleras
y unidos más que ""Pangea""
Me acelerabas el miocardio
Cuando las olas que imitaban tus caderas
Reventaban en mi abdomen
Llenándome de tu río caldo
Besaba yo tus pies para estar en tus huellas
Mi lengua rozaba tus piernas y entre ellas
Y como una vil ""leguleya""
Peleabas por el derecho a elegir en que posición ver las estrellas
Podías reír, sudar, gemir, hablar
Para explicarme porque parecía ibas a llorar
Y yo tocándote, como quien se estira por la mañana
Y hace ruidos de placer al hacer que nada en la cama
Sobran las palabras debería callarme ya
Y hacerte el Amor despacio al compás de este humilde Rap
Que es para ti, hecho pa' ti, escrito pa' ti, cantado a ti
Y cualquier otro adjetivo que termine en ti
Si, a través de mis ojos tú te vieras
Y en mi cuerpo sintieras lo que me inspiras
Te vieras con sed abrazarte quisieras
Ya esa es la forma como estos ojos te miran
Iba aterrizando en las nubes de trampolines
Fueron tus sueños los que usé como almohadines
Y antes que se termines esta corta canción
Olvidaba decirte
Que me encantó hacerte el amor.

Fue plenitud lo que sentí, estando dentro de ti
Bailando por adentro de tu cuerpo
Algo tan simple como que yo voy en ti y tu vas en mí
Como dos piezas que encajan perfecto
Y aunque seis mil millones de humanos, tu y yo
Somos una especie que murió hace tiempo
Sólo queda una hembra y su complemento
Por eso es tan natural Querer Querernos

Y ahora quién sabe cuándo, volvamos a vernos...",0.5749950408935547,0.05692388489842415,0.04337359592318535,0.06363210827112198,0.1720275580883026,0.041411712765693665,0.047636158764362335,8,0,93.64,0.68,0.63
Canserbero,Stupid Love Story,"Detesto cuando pasa esto, tener un sueño y sentir que fue cierto y aun cuando estas despierto, te veías igual de ¡ahh! Por supuesto, juro haber sentido el olor de tu cabello en mi pecho.

Que arrecho que lo recuerde después de tanto tiempo, es como si aún mi cerebro vive en esos momentos, congelados aunque con sin consentimiento, solían hacer travesuras sin mesura con mis sentimientos.

Estaban en lo cierto nuestros allegados, aún no he muerto de amor a pesar que así pensándonos, al menos así lo pensé yo, con ten te hubiese asesinado por recuperar tus ojos bellos.

No veo en el cuello veo tus redes sociales, cada foto supera a la anterior en lo feliz que sales ¡vale! Por ello no me sale, o sea no me nace escribirte, si quiera pensar en molestar lo que construiste, después de que te fuiste sabiamente, obviamente solo vi, después de herirte torpemente, al fin y al cabo ser feliz es lo que debo exigirte, y si ya eres y si ya eres feliz sin mí, no puedo contradecirte.

Anoche mientras dormía bajo Dios, y me dijo que vos ya te olvidaste de mí y si, gracias a Dios que ya ni creo en Dios, así que olvide su voz y me dormí para soñarte aquí.

Te veías igual de ¡ahh! Por supuesto, juro haber sentido el olor de tu cabello en mi pecho, y de hecho el cigarro en tu recuerdo amargo, es todo lo que dejo y regresas sin embargo.

¡Hey! Te esperare así no lo sepas, así tenga que hacer en forma de te quiero's miles de caretas, las hare!, y las luciré cuando deba ante cualquier mujer que no se merezca mi cara seca Eaa!

Y no me importa cuántos años pasen, cuántos hijos tengas yo estaré esperándote.
Y no me importará con quien te cases, cuantos años tengas yo estaré Esperándote.
Y no me importa cuánto tiempo sea, ni cómo te veas yo estaré Esperándote.
Y no me importará cual sea nuestra edad, yo estaré esperándote para pedirte otra oportunidad.

Detesto cuando pasa esto, tener un sueño y sentir que fue cierto aun cuando estas despierto, cuarentipico años después y aun te pienso y comienzo a pensar que es tiempo de olvidarme de tus besos.

Al menos no perdí mi sentido del humor, pues mi sentido del amor sin ti, ya no tiene sentido por supuesto, y mientras estés viva y mientras no esté muerto, aunque no sepas seguiré esperando el momento perfecto, aún conservo las tarjetas que hiciste esa navidad, para mostrártelas por si nos une otra oportunidad, aunque quizás prefieras antes estar sola, pero si en tus fotos ya no estas feliz volverás en persona porque...

No me importa cuántos años pasen, cuántos hijos tengas yo estaré esperándote.
Y no me importará con quien te cases, cuantos años tengas yo estaré Esperándote.
Y no me importa cuánto tiempo sea, ni cómo te veas yo estaré Esperándote.
Y no me importará cual sea nuestra edad, yo estaré esperándote para pedirte otra oportunidad.

Era una nublada mañana, una anciana lloraba desconsolada, en epitafio que rezaba, que aquí así alguien que amo, a una mujer que perdió y espero, hasta el último suspiro que le quedaba.

Pero él nunca pensó lo que ella pensaba, y es que durante años ella por el también esperaba, nunca se acercó porque en su foto feliz se notaba, y al fin y al cabo

Eso era lo que ella deseaba también.

(Gracias a ? por esta letra)",0.1273837387561798,0.20011980831623077,0.03348468244075775,0.3949894905090332,0.0912090465426445,0.06796140968799591,0.08485186100006104,8,1,94.0,0.53,0.55
Canserbero,Pensando en Ti,"Pensando en ti, ninguna herida sana sin cicatriz
así se derrumbo este amor
como cientos de dominós en filas cuando algún dedo el
primero derriba

como una casa echa con cartas hasta que una tormenta
sopla su puerta de forma agresiva
como empujar a un niño de 1año y medio de vida sin una
maldita razón

como un paracaidista que olvido al paracaídas...así se
derrumbo este amor
y ni siquiera por que algunos de los 2 quería
si no por no tener un buen detector de mentiras

por si de esa manera en mi memoria vieras
la causa del problema también la solución
quizá me comprendieras a menos que creyeras que no tengo
defectos o soy el nuevo dios

de nada sirve recordarte los besos de ojos cerrados,los
abrazon y las sonrisas del pasado
los sueños trazados las veces que hemos llorado por
cosas que han pasado y hemos superado

los juegos los secreto los momentos contentos
los sobrenombres tiernos que serian cursi de no ser
por esto que sentimos
que nos mantuvo siempre unidos y en sus tiempos libres

hace que el mundo tenga sentido
estoy tan confundido no se si llorar, molestarme o
sentarme a pensar,buscarte o solamente esperar
sigo dudando que en algo sirva rezar y eh llegado a

pensar que dios no existe o es bipolar
y aquí estaré con tu fotos en mi memoria, quizá con
una nueva novia pensando en ti
el tiempo sana heridas de manera obvia aunque ninguna herida sana sin dejar cicatriz
quisiera tanto tener la voz de un cantante para no solo
recitar si no cantarte
pues mi única defensa es explicarte este malentendido

dame otra oportunidad y te juro que querrás ENVEJECER CONMIGO""
esto es como caminar en círculos por horas
como ver a un gato perseguir su cola
es algo ilógico estar con otra persona y preguntarnos

¿como hubiese sido si tu hubieses permitido amarnos?
las calles que transito los lugares que visito la
ropa que visto insisto
todo me hace verte aqui

ayer creí que te vi y al notar que no eras supe que aunque
pueda no quiero vivir sin ti

no te diré que creo que moriré sin ti por que no creo
no creo no creo,
tu sabes que soy un guerrero...
no te diré que no puedo vivir sin ti
por que, si puedo si puedo si puedo
sencillamente es que no quiero

y aquí estaré esperándote dándome mi puesto
ojala que cuando te rectifiques yo este dispuesto a
olvidar el pasado
y perdonar que tu no me hayas perdonado

y que no hayas notado que te amo cuanto te amo
diviértete, vuela muy lejos, que si llegamos a viejos
y nos vemos te diré te odio después de aspirar tu pelo
y si morimos y hay un cielo me escapare del infierno

y te haré el amor en una nube en honor a nuestros recuerdos,
mira lo cursi que me has convertido si esto no es amor
entonces soy un loco sin motivo,
quiero seguir vivo solo para algún día decirte en tu
cara que aun te amo
aunque aun todo puede ser diferente si nos juntamos y
cambiamos este lema
por uno que diga vivieron felices para siempre",0.13370396196842194,0.02011326514184475,0.1484585404396057,0.28902655839920044,0.3155561685562134,0.06646760553121567,0.026673955842852592,9,0,178.59,0.76,0.47
Canserbero,Mundo De Piedra,"Competiré hasta que me muera, peleare por esto hasta
que me muera
así que dispárenme, o sálvese quien pueda
pa' tu no quedas, si no quiero así es que baja el tono
me sabe a mierda todo, despertaste al lobo
tengo pésimo carácter y un talento innato
es la combinación perfecta
pa' escopetar con letras a novatos
desde hace rato están llegando comentarios a mi oído
proviniente de raperos recién nacidos
hacia mi persona, ojala sus egos sean de goma
pa' que no les duelas cuando los pisotee en la lona
como se atreven a faltarme el respeto
si con mis ventipico podría asegurar que son mis nietos
la envidia los carcome completos
sueñan con mi cerebro intacto pa' repartirlo entre sus
cráneos huecos
yo escribo despertando, comiendo, tirando, durmiendo,
bebiendo,
manejando, estudiando, riendo, trabajando, caminando o
corriendo
pa' que un maldito nuevo ose a criticar lo que él solo
sueña y yo tengo
ni siquiera saben de dónde vengo
ojala mi alma rapeara y les aclarara que no me vendo
tengo varias visiones del futuro, veo al hip-hop en la
escoria
excepto por el éxito de algunos que tendrán en no sé que
que les faltara a esos nulos, que criticaran y se meterán
la lengua en el culo
quienes son los que dijeron que estoy quemao
no bajen la cara no me hagan creer que están cagaos
con que base, que argumento, que evidencia han encontrao,
de que el diablo me ha quitao el don que me había regalao
creo que ya es tiempo de explicarles
que a veces es Tyrone el que canta y otras veces es Canser
Tyrone busca un despertar pa' que tu pueblo avance
y Canser hace que los mochadores en paz descansen
¿por qué en mi cara no hablaran lo que han hablao?
¿o es que acaso ya no es suficiente, no he demostrao?
tengo rimas que se escapa' de tu compresión pelao
es como si Einstein hubiese explicao su tesis a un retrasao
ya no hallan que hablar de mi
cuando canto a la conciencia, me dicen que ya no se competir
cuando los callo, dicen que ya no aporto como MC
pero si ponen en una balanza lo que he aportado
con lo que ellos han hecho, la balanza se ira a mi lado
porque nada aporta el que muchos toques ha organizado
si en ellos solo ha invitado a la vergüenza del estado
que equivocados hoy en día está la mayoría, de qué sirve
ser real si dices porquerías
tú crees que yo no podría rimar como el hampa también
dos peines de cien, montar trampas, plomear y bien
pero a quien le importa partir esa cuerda de pica tortas
mas brutos que un bloque, sin enfoque y sin letras que aportan
esto no se compra, el respeto se hace con hechos
me cago en la puta madre del nuevo que se crea arrecho

I'm stoppable is Can, you know my name
aprieta ese culo, sube ese puño, amarra esa lengua
i'm stoppable is Can, you know my name
i'm stoppable is Can, you know my name
aprieta ese culo, sube ese puño, amarra esa lengua
i'm stoppable is Can, you know my name

Traidores envidiosos de lo que hemos hecho
con las garras y sin mugre la sabia escuela desde el techo
además de mi gente Tres Ochenta Cande, Sombra y Rober
diles que si no es conmigo entonces en contra
no habrá quien rompa' el respeto que me he ganado
por eso detestan recordar que seré recordado
como un soldado del hip-hop latinoamericano
y pa' callarme tendrán que mirarme en sangre bañado
vieron man, no hacen más nada que hablar de mi
ni mi mujer me piensa tanto así
hermano yo nunca me apago
escribo más que tú, que eres un vago
como dice si usted es el que te preocupa en sí y su rabo
no entienden nada esos muchachos
creen que es cultura andar con el mono abajo y siempre
borrachos
se meten a MC para ver si una groupie encuentran
y tratar así de no llegar virgen a los cuarenta
lo que dan es vergüenza, su inferioridad es algo obvio
y yo, alimentándome del miedo y de sus odios
mi repertorio es un sinónimo del universo
en constante expansión, sin un final sin un comienzo
Canserbero es como Páez con sus lanceros
criticado por lo que se ha ganado por ser guerrero
la moral no se compra con dinero
no descansare hasta ver muerto, el rap mierda de mi
país entero
yo siendo ustedes me quitara, y no hiciera perder tiempo
a los que de verdad están sacando la cara
estos dijeron, nada, ser rapero es barato y fácil
no hace falta banda, ni tener una voz muy ágil
los beats los bajo de internet o pago un DJ
grabo dos temas, me tomo una foto y abro un MySpace
pero hey, it's not a game babe,
sino pregúntale a KRS porque ha ganado menos premios que
Kanye West
es porque los mejores suelen estar más jodidos
como dice un buen amigo mío
aqui no estamos en Estados Unidos sino en América Latina
donde hay que rapear o los reales te explotan a rimas!

I'm stoppable is Can, you know my name
aprieta ese culo, sube ese puño, amarra esa lengua
i'm stoppable is Can, you know my name
i'm stoppable is Can, you know my name
aprieta ese culo, sube ese puño, amarra esa lengua
i'm stoppable is Can, you know my name

De mi hablaran lo que quieran, pero ninguno puede negar,
que les advertí que escribieran
(it's Can, it's Can, Canserbero)
El Campesino, Lil' Supa
(what, los indigos)
Los que estén conmigo que se unan y suban el puño
los que no que sigan mamándome el guevo
siguen ahí ñeros, o ya se fueron
¿la verdad te duele no?
Esta música ya no se hace, y los de verdad se cuentan
con una sola mano
Sebas, Sombra, Blackamikase, Rober, los míos serios
no es que sean mis panas es que son de verdad, son
yo no voy a graba contigo
nunca voy a grabar contigo
tienes que volver a nacer son
Afromak, Dann Niggaz
(Venezuela)
de El Techo, del sótano, de donde te dé la gana

I'm stoppable is Can, you know my name
aprieta ese culo, sube ese puño, amarra esa lengua
i'm stoppable is Can, you know my name
(Did you really know my name?)
i'm stoppable is Can, you know my name
aprieta ese culo, sube ese puño, amarra esa lengua
i'm stoppable is Can, you know my name",0.29992803931236267,0.055032867938280106,0.07509033381938934,0.1736278086900711,0.3289160430431366,0.0305694080889225,0.036835554987192154,1,0,94.4,0.72,0.04
Canserbero,Y la felicidad qué,"Es que pelear en una cola
Comprarte una pistola
Vivir a solas
¿Y la felicidad qué?

Gritarle a tu pareja
Ignorar a tu vieja
Cuando te aconseja
¿Y la felicidad qué?

Quejas, quejas
¿Y la felicidad qué?

Robar a tu familia
Mirar con envidia
Todo te fastidia
¿Y la felicidad qué?

Trabajar sin descansar
Tener sexo y no amar
Criticar
¿Y la felicidad qué?

Nunca dar los buenos días
Vivir en la monotonía
¿Y la felicidad qué?

Conforme pasa el tiempo, la juventud se termina
Y no lo notas, hasta que pierdes la mitad de tu vida
Sin haber sentido las cosas simples y especiales
Como a tu gente, que abrazaste solo en navidades

Pues te invaden el orgullo y el egoísmo
Trabajando a diario pa' emborracharte los domingos
O en el peor de los casos, viendo tele en esa silla
Hasta que te das cuenta que tu hija menor ya se maquilla, sí

La vida es un parpadeo
Donde la meta es ser feliz, al menos así yo lo veo
Nos preocupamos por estupideces y olvidamos
Que al morir solo llevamos lo que disfrutamos

Y es que
Esta vida
All we need is love
All we need is hope
Es un ratico, sí
All we need is love
Aprovéchala
Vívela, vívela
All we need is love
All we need is hope
Es un ratico, sí
Aprovéchala

Juro que me parece ayer cuando jugaba perinola
Pareciera que fue hace media hora
El tiempo es la locomotora
Más rápida conocida hasta ahora

Por eso debemos aprovechar las horas
Todo el que haya sentido
El dolor de un ser amado fallecido
Estará convencido de lo que hoy le digo

Trato 'e buscar motivos
Que me respondan por qué estamos vivos
Y después de muchas noches sin dormir
He comprendido que

All we need is love
All we need is hope, yeah
All we need is love, son
All we need is

All we need is love
All we need is hope, yeah
All we need is love, son
All we need is

Recuerdo lo que dijo el amor de mi vida
El día en que su madre justamente perdió la suya
Dijo que nos preocupamos por tonterías
Tonterías que hacen que la felicidad se destruya

Es que se ha confundido la felicidad con dinero en exceso
Mientras la vida se escapa sin retroceso
Hoy no se pueden dar besos en lugares públicos
Donde sí se puede hacer campaña a los políticos

Si lo estudiamos notamos que el amor es segundo plano
Excepto el amor por lo que tengamos, claro
Como el carro, la casa y toda esa paja
Que no nos podremos llevar cuando durmamos en la caja

Y es que
Esta vida
All we need is love
All we need is hope
Es un ratico, sí
All we need is love
Aprovéchala
Vívela, vívela
All we need is love
All we need is hope
Es un ratico, sí
Aprovéchala

Esta vida
All we need is love
All we need is hope
Es un ratico, sí
All we need is love
Aprovéchala
Vívela, vívela
All we need is love
All we need is hope
Es un ratico, sí
Aprovéchala

Vive cada año cual si fuera el último
Like, a new life, a new sun, un nuevo día
Vive cada instante como si fuera el único
Y no te preocupes por tonterías, vive tu vida

Pues pelear en una cola
Comprarte una pistola
Vivir a solas
¿Y la felicidad qué?

Gritarle a tu pareja
Ignorar a tu vieja
Cuando te aconseja
¿Y la felicidad qué?

Quejas, quejas
¿Y la felicidad qué?

Robar a tu familia
Mirar con envidia
Todo te fastidia
¿Y la felicidad qué?

Trabajar sin descansar
Tener sexo y no amar
Criticar
¿Y la felicidad qué?

Nunca dar los buenos días
Vivir en la monotonía
¿Y la felicidad qué?

All we need is love
All we need is hope, yeah
All we need is love, son
All we need is

All we need is love
All we need is hope, yeah
All we need is love, son
All we need is

Esta vida
All we need is love
All we need is hope
Es un ratico, sí
All we need is love
Aprovéchala
Vívela, vívela
All we need is love
All we need is hope
Es un ratico, sí
Aprovéchala",0.4878269135951996,0.025058666244149208,0.03019416518509388,0.07924162596464157,0.2363102287054062,0.03893851116299629,0.10242987424135208,11,1,91.49,0.83,0.75
Kase.O,MAZAS Y CATAPULTAS,"Nena tú eres un desliz, una locura, un error
Una trampa de amor, una aventura
Yo no sé si es tu nariz, o tu cintura
Me tienes bajo shock con tu lenta tortura
Mala para la salud, tanta turbulencia

Yo que ya me había acostumbrado a la soledad
Y ahora llegas tú con tu dulce impertinencia
Tu loca extravagancia y tu fragancia, fresca novedad
No, no, no quiero saber de ti
No, no, no quiero salir de mí

Cuando te dije que tenía el corazón de piedra
Yo no sabía que tenías tú tanta fuerza

Mazas y catapultas
Mazas y catapultas
Mazas y catapultas
Mazas y catapultas

Eso que me das, me mata despacito
Solo un poco más como un yonki me repito
Se por dónde vas, hoy iré a tu garito
Voy a provocar un encuentro fortuito

Ya sé que te dije que en mi vida el amor
Tiene un monumento que es de puro cemento
Ahora llegas tú y despiertas esa flor
Con besos que me rompen por dentro
Mira, es tu inocencia lo que quiero salvar

Creo que eso mismo es lo que me atrapa
Una voz me dice: Déjate llevar
Otra voz me dice: ¡Mientras puedas, escapa!
No, no, no quiero saber de ti
No, no, no quiero salir de mí

Cuando te dije que tenía el corazón cerrado
Yo no sabía que tenías tú un arsenal guardado
Mazas y catapultas
Mazas y catapultas
Mazas y catapultas
Mazas y catapultas
Mazas y catapultas
Mazas y catapultas
Mazas y catapultas
Mazas y catapultas

Nena tú eres un desliz, una locura, un error
Una trampa de amor, una aventura
Yo no sé si es tu nariz, o tu cintura
Me tienes bajo shock con tu lenta tortura

Mala para la salud, tanta turbulencia
Yo que ya me había acostumbrado a la soledad
Y ahora llegas tú con tu dulce impertinencia
Tu loca extravagancia y tu fragancia, fresca novedad",0.08080743998289108,0.010492462664842606,0.013058068230748177,0.035064663738012314,0.7382736206054688,0.007081490475684404,0.1152222603559494,5,0,148.03,0.55,0.89
Kase.O,YEMEN,"Me da pánico mi propio ego
Ciego de mí mismo llego
Hasta el mismísimo Olimpo
Y le pego fuego al puto monte
Hogar de ridículos dioses
Mi nombre se eleva entre humo y cenizas
Reluce en el horizonte
Las manos arriba y nadie se mueve
Es un Mc gastando saliva, normal que me deshueve
Normal que cuando llegue el jeque se desmelenen
Incluso travestidos e hipócritas
Me odian pero me temen
Cuando sucede mi semen
Del ritmo brotan plantas exóticas
Y dos aves nórdicas deciden que anidan
En este vergel, edén que emerge del Yemen

¿Tienes sed de mis crónicas? Pues bebe de este té
De palabras aromáticas que recolecté
Si mi cuaderno fuera un postre sería un hojaldre
De higos, nueces y miel, una crepé de hiel para ti, infiel
Me negaste tres veces como Pedro a Jesús
Ahora vuelves al maestro y aunque no me mereces
Me arrodillo y te lavo los pies
Te ofrezco pan con aceite
Todo para tu dolorosonoro deleite, co

Te duele, te, te, te duele
Te duele pero, te, te duele tan bien
Te duele, te, te, te duele
Te duele pero, te, te duele tan bien

¿Qué tal unas cometas de frambuesa?

Y tú dijiste: ""Sí, pero en vez de hilo, regaliz""
Yo soy el nuevo Willy Wonka
Venid niños a mí, mas con mi estilo no busquéis bronca
Yo soy el sol que alumbra calles cuando el cielo es gris
Yo leo el futuro de Mcs en la espuma de mi pis
Fin de la mediocridad, vuelve el loco astrónomo
Alquimista soy yo, transformo el plomo en oro
Como un sangriento cascabel, a media noche
Me despierta un pensamiento del que salen miles
Y de estos miles quedan cien, diez, dos
Un solo verso gana esta lucha atroz
Mis visiones llenaron expedientes en la NASA
Científicos chinos se plantaron en mi casa
Preguntan por el domador de OVNIs
- ""¿Cómo lo haces?""

Mediante astrolenguaje, ese es mi extraño bagaje
¿No te pasa que al oír la mierda auténtica
Sientes lo tuyo artificial, y simple métrica?
Dudaste de mis fuerzas y te llevaste un buen zas
¿Qué tal te ves comiendo mierda?
Mientras sueltas esas rimas flojas, ¿de qué te quejas?
¿Te has parado a revisar tus hojas? ¿Lo que reflejas?
Lo que pienso yo es que estás perdido, estás jodido
No has medido en que te has metido en tremendo lío
Esto del rap, co, mejor escucha a Kase.O
Con Lírico y con Hate hace tremendo trío
En Zaragoza no hace fresco, hace más bien frío
Como la poza de un río en estío mi estilo es tío

Aspiro al papado, os pido pues que me llaméis Pío
¿Pero qué cojones digo? Si yo con brío
Me cago en ese puto obispo de Lucifer siervo sombrío
¡Hijo de puta, ya podrás con críos!
Desvaríos varios, no escatimo escarnios
¿Con qué derecho hablan de Dios estos demonios?
También hay curas buenos, también hay seres plenos
Los menos gozan de poca promo, ascetas
En este planeta de memos
Soy poeta y viajo más que tus astronautas
Soy poeta y yo jamás respeté tus pautas
¿Cuántas noches me pasé yo delante del papel
Diseñando llaves para tus jaulas?
Y si el placer fuera solo ausencia de dolor
Y si el dolor se borrará como las manchas

Si hubiera tintes para el corazón
No habría una razón por la que rimar hasta las tantas

Te duele, te, te, te duele
Te duele pero, te, te duele tan bien

Te duele, te, te, te duele
Te duele pero, te, te duele tan bien

Te duele, te, te, te duele
Te duele pero, te, te duele tan bien

Me duele, me, me, me duele
Me duele pero, me, me duele tan bien",0.6744334697723389,0.020236268639564514,0.018017783761024475,0.05427946895360947,0.07568030804395676,0.08824295550584793,0.06910981237888336,11,0,82.84,0.54,0.92
Kase.O,Repartiendo Arte,"Repartiendo arte, porque esa es mi cualidad
Te llevo de lo cotidiano a otra realidad
Al estado de la incierta forma
Territorio en el que habito cuando todos duermen
Puedes verme

Repartiendo arte, porque esa es mi cualidad
Te llevo de lo cotidiano a otra realidad
Al estado de la incierta forma
Territorio en el que habito cuando todos duermen

Pasaporte con mi nombre rumbo al infinito
Hay mucho mito, pero nadie ha vuelto y lo ha descrito
Ese es mi reto. Estoy saliendo ya de mi esqueleto
Dejando ya obsoleto el ámbito de lo concreto, no me limito
Traigo el tacto de lo abstracto, nada exacto
Un extracto de lo perfecto, nada recto
Un instante rutilante, muy brillante
De la música de un gigante Arquitecto
Pilla esta foto en la que: Floto, exploto
Dejo este universo roto y choco con otro
De hecho yo formo otro que fundo con otro
Que junto con otros que sumo: Resulto muchos nosotros
El punto de expansión total, el origen
Del que todos los caminos salen y al que se dirigen
Donde todos los posibles sucesos suceden
Donde dicen que cocinan sus besos las mujeres
Por si acaso me perdiera he tendido un hilo
Que me sujeta a la tierra para viajar tranquilo
Desde el último balcón del tiempo me asomaré
Si tú quieres recorrerlo dilo, yo allí estaré

Repartiendo arte, porque esa es mi cualidad
Te llevo de lo cotidiano a otra realidad
Al estado de la incierta forma
Territorio en el que habito cuando todos duermen
Puedes verme

Repartiendo arte, porque esa es mi cualidad
Te llevo de lo cotidiano a otra realidad
Al estado de la incierta forma
Territorio en el que habito cuando todos duermen

Ya regreso a la región de la que todo emana
Solo un ser es la Legión de la que formo parte
Quiero hablarte de esa delgada membrana
Esa ventana traspasada por la raza humana, solo en el arte
Puerta de todos los datos matemáticos
Paraíso de insensatos catedráticos
Forma que forma las formas de lo físico
Norma que anula las normas de lo rígido
Residencia de la esencia de la esencia
Evidencia de existencias simultáneas
Es un cúmulo de extrañas coincidencias
De infinitas incidencias espontáneas
Percepción de la perfección
De la percepción de la perfección
Estoy buscando en lo poético
Que hay en lo supra-estético
Que hay en lo macro-cromático
Que hay en lo no animal
Estoy ahí dentro, me veo desde fuera
Justo en el centro de una gran esfera
Que está justo en el centro de una gran esfera
Que está justo en el centro
Espera, porque se me llevan
Números que se aceleran hasta la eternidad
Pero el negativo, esta marea me lleva hacia atrás
Salto al estribillo y allí el futuro cambiaré
Tú si quieres recorrerlo dilo, yo allí estaré

Repartiendo arte, porque esa es mi cualidad
Te llevo de lo cotidiano a otra realidad
Al estado de la incierta forma
Territorio en el que habito cuando todos duermen
Puedes verme

Repartiendo arte, porque esa es mi cualidad
Te llevo de lo efímero hasta la eternidad
Al estado donde todos duermen
Territorio en el que habito con incierta forma
Puedes verme

(What does it all mean?)
What does it all mean!?
(What does it all mean?)
(What does it all mean?)
Creo que por un accidente se me ha roto el hilo y ya no puedo volver
Me quedo aquí para siempre
(Cuánto dura un siempre?)

No lo sé, pero, créeme por un accidente, se me ha roto el hilo
Y ya no puedo volver, me quedo aquí para siempre
(Cuándo acaba un siempre?)",0.5961121916770935,0.03716231510043144,0.03732171654701233,0.10090261697769165,0.13250119984149933,0.062449418008327484,0.033550553023815155,6,0,87.97,0.54,0.7
Kase.O,Pavos reales,"Tú no tienes nada que hacer
Ha venido el asesino fino que te mata de placer
Abre paso, llega Kase.O
Decir mi propio nombre me produce vértigo

¡Oh ooh! Recupérate del susto
Y dame los honores de César Augusto
Sueno bien entre los jefes, hago lo que quiero
Me siento en este ritmo como un jeque petrolero

Vine haciendo surf en un rayo de luz, ups
Lo siento, ni con zoom puedes ver al gurú, surcando el cielo
Así es como se hace una canción
Pregúntanos si quieres aprender, te damos una lección

Chico, si eres listo no me intentes joder
Hasta ahora solo has visto un poco de mi poder
Así que no quieras saber con quién estoy relacionado
Dame mi respect, a mí y a mi conglomerado

Oh, cuando Javi llega al puto microphone
Corre la voz y toda la gente se acerca
Al super-estilo suave como el algodón
Prepara tus oídos para la fiesta

Shabu te hace levitar con su voz angelical
Kase.O tiene el flow más cabrón
Y el del ritmo tropical es McKlopedia
Este que se se viene ¡Es el Ele! ¡Dale man!

Esto suena en sus cabezas, solo sueñan con grandeza
Sigilosamente entra y destruye su fortaleza
Simple y minimalista es esta pista
Para mí otra conquista

Suelen meterme en la lista
El hombre orquesta, el gran liricista
Lo pillo y me lo empollo, me los follo si no hay fuelle
Te agarro por el cuello como a pareja de bueyes

Comencé muy pronto, cuando en Madrid ya firmaba el Muelle
Ya de pequeño tenía el campeón son un fly, un flow de reyes
Puede que te desmayen, puede que te desmelenen
Puede que te entre de repente dolor en las sienes

Pero en lo que es seguro es que cuando llego y me subo
solo llegas a mi suela y eso en el fondo te duele
Oros en vela, los que hieren me la pelan

Se les ve venir de lejos, muchos son unos parguela
Todos quieren su parcela, todos quieren su chalet
Quieren joder con nosotros pero no tienen caché

Shabu, ¡hazte un cacho guapo, co!

Hoy me llama Ibarra pa' escupir unas barras
Yo como hago 8 porque sois unas guarras
Yo y mis pepinos, tú y tu huerto ¿Quién barras?
Con marranas, así el sembrao no agarra

Dices que los números en vídeos te abalan
Miles de millones tienen gatos que cagan
Crees que eres un máquina si un par de chavalas
Te alaban y con tu miembro te empalas

Los otros ensayan, nosotros en Zion
Mi conglomerao' no falla
Y somos like iron, sí, como el hierro
Pues antes que doblarnos nos partimos en dos

Anoche soñé que yo era un cocodrilo
Bajaba con sigilo por el cauce del Nilo
Entonces el faraón se arrimó muy al filo
Al puto Akenatón me lo comí con estilo
Nosotros por cielo y tierra, vosotros en el limbo
Nosotros el pan de leña, vosotros el pan Bimbo
Vosotros bailáis bingo, nosotros más como rimbo
Malditos del Hip Hop, solo rimas y ritmos

Soy Tetsuo cuando agarro mic's
Más embrujo que el de Panoramix
Melodies and Tricks como Punchin' Kids
Mi flujo de Lujo como Kung-Fu Fist
Hago un nudo en Larynx, mi combo de Lyrics
Esto es Swag Metaphysics
Na' más que haciendo Aerobic se los mando a Twin Peaks

Materializo en ipso facto aquello que yo creo y pienso
Futuro oscuro le auguro a los que quieran ser adversos
Advierto desde lo lejos, su complejo, su tropiezo

Pienso que en vez de los sesos, lo que tienen es un queso
Tanto que hablas, te llenas la boca pa' hacer eso
Tanta mierda, van cayendo por su propio peso
Quién son los que mantienen el progreso
Ninguno que quiera va a salir ileso
Te asome del peso pa' dejarte tieso

En este proceso peso por mi paso
Masoquista, quítate o llevas coñazo
Liricistas, quedan pocos, son escasos
Oportunistas, que van camino al fracaso
De los egoístas recogen los pedazos

No hay tiempo, descanso ni plazo
Me desplazo que te alcanzo y te paso
Caso, raperos quemao's por el falso
Los amordazo llevando el mazo

Gloria al bravo pueblo que el yugo lanzó, quién como yo
Junto a Kase.O, asesino del micrófono
Váyase con Dios, el que no vio no preguntó
Aquí a cada ladrón se juzga por su condición
Todo aquel la ventana cerró cuando apareció

McKlopedia, con el señor Javat, Kase.O
Es sublime la escena del crimen, gimen del dolor
Máximo respeto a este conglomerado, por favor
Todo aquel la ventana cerró cuando apareció

McKlopedia, con el señor Javat, Kase.O
Es sublime la escena del crimen, gimen del dolor
Máximo respeto a este conglomerado, por favor",0.3653748333454132,0.12990187108516693,0.0515243224799633,0.11976679414510727,0.10471822321414948,0.03221564739942551,0.1964983344078064,11,0,82.94,0.52,0.88
Kase.O,Tiranosaurius Rex,"Tiranosaurius Rex
Piso el ritmo y te dan tembleques
Retumban todos los tabiques
¿Quieres volar? Pues vuela, no te compliques
Yo no soy tu ex, eres libre
Como un recién nacido en Fontibre
Haz que tú haz vibre, en paz vive
En paz sigue, ¿qué tal, pibe?
Hago que tu pirámide se active
Luz que no ves porque tú la irradias
Formas de amor escoge, aún hay varias
Apuesta a esto y nunca fallas
Van a morir los que no y los que fuman Farias
Igual los que consuman rayas
¿Hay ataúdes para todos? Sí, aún hay tallas
No quieras ser bueno en muchas áreas
Solo estrictamente necesarias

Hállalas, busca
Una pasión que te seduzca, etrusca o turca
Haz que reluzca tu aura
Es la hora ya de que fluyas como el agua y estar guay
Si quieres ser feliz como me diz
No analiz ni sigas directriz
Yo sé que quieres despertar y sé que vales
Que tienes algo dentro que aún no sale

Conozco ese dolor que dices
No hemos cerrado bien las cicatrices, ¿eh?
Será mejor que te organices
Antes de que se te coman las lombrices

Conozco ese dolor que dices
No hemos cerrado bien las cicatrices, ¿eh?
Será mejor que te organices
Antes de que se te coman las lombrices

Reflexiona
Pon atención a lo que te tensiona
Pide perdón, perdona, sé una mejor persona
Vive con calma
Sigue sintiendo que el amor es tu arma
Reinicia
Pídele a la vida una caricia
No digas que no a una delicia
Saborea todo lo que te rodea
Y cuando veas esa idea que boicotea, revolotea
Esquívala
Vete pa'rriba ya en pensamientos altos como las águilas
Ten piedad de ti y de todo ser vivo
Es para amar para lo que servimos
Siente el amor, siente que existe
Siente que existes, siente que sientes como nunca sentiste
Siente que te sientes como nunca te sentiste
Tienes que dejar ir
Dejar de ir de mártir, repartir tu arte
Compartir tu parte de pastel, no es fácil
Pero al fin vendrá a ti el jardín que soñaste
Si quieres ser feliz como me dices
No analices ni sigas directrices
Sé que podemos improvisar como los animales
Yo sé que vales, que tienes algo dentro que aún no sale

Conozco ese dolor que dices
No hemos cerrado bien las cicatrices, ¿eh?
Será mejor que te organices
Antes de que se te coman las lombrices

Conozco ese dolor que dices
No hemos cerrado bien las cicatrices, ¿eh?
Será mejor que te organices
Antes de que se te coman las lombrices

(Let's do it)

Te pierdes lo bueno buscando el error
Te pierdes lo mejor
Te pierdes lo bueno buscando el error
Te pierdes lo mejor

Te pierdes lo bueno buscando el error
Te pierdes lo mejor
Te pierdes lo bueno buscando el error
Te pierdes lo mejor

Te pierdes lo bueno buscando el error
Te pierdes lo mejor
Te pierdes lo bueno buscando el error
Te pierdes lo mejor",0.5418030619621277,0.013930910266935825,0.023321472108364105,0.10310359299182892,0.16196610033512115,0.10245854407548904,0.05341628938913345,5,0,111.94,0.76,0.58
Kase.O,Esto No Para,"Una vuelta más del planeta bajo el sol
Dios está llamando a su puesto de control
Un poco más abajo el pequeño Lucifer
Seduce a los humanos vestido de mujer
La llaman Libertad, otros democracia
Vestida de Justicia, oculta su falacia
Tiene convencida a toda la población
Mensajera de la paz a la que llaman religión
Pero ella quiere guerra, celebra cada muerte
Matan en su nombre y tienen nombres diferentes
Siempre disfrazada, porque es inteligente
Tiene todos los medios, ella elige al presidente
Fieles sirvientes le llevan de comer
Sufrimiento humano a cambio de poder
A todos los niveles se ven sus artes crueles
Maltratan animales, niños y mujeres

Suena M 16, AK-47
Suena 22, suena MAC-11
Suena Antipersona, suena Carro Bomba
Suena Chin-Chin, brindan en la sombra
Estas entidades rigen el planeta
Sufrimiento humano es lo que les alimenta
Muertes por la guerra, muertes por la droga
Todos son ofrendas a la misma señora

Macho, esto no para (don't stop)
Esto no para (don't stop)
Esto no para, porque nadie lo para
Y si nadie lo para (don't stop)
Esto no para (don't stop)
Esto no para, porque nadie se para
Y si nadie se para (don't stop)
Esto no para (don't stop)
Esto no para, porque nadie lo para

Y si nadie lo para, nadie dice nada
Prepárate para la que se prepara

Nadie dice nada, todo está amañado
Otro ladrón sale riendo del juzgado
Son todos amigos, chupan del estado
Nadie los controla son crimen organizado
Viajan con millones, campan a sus anchas
Hacen la ley a la medida de su trampa
Políticos cléptomanos rigen los países
Pueblo cocaínomano no mete las narices
Pueblo traicionado, sordo por el ruido
Pueblo desquiciado porque no hay un objetivo
No hay buenos ejemplos, reina la ignorancia
Caldo de cultivo para la intolerancia
Pueblo silenciado, pueblo sentenciado
Para los indignados tienen perros preparados
Si manifestarse es un peligro y expresarse es un delito

¿Qué ley? ¿Qué juez nos protege de los políticos?
¿Es la ley para el hijo del juez?
¿O es la ley para el hijo del rey?
Huele a cloaca, mundos paralelos
Lavan tu cerebro mientras lavan su dinero
Más todo cambiará de forma brusca
Si dos o más personas se juntan por una causa justa
Corto y devuelvo la conexión, que alguien traiga una solución

Esto no para (don't stop)
Esto no para (don't stop)
Esto no para, porque nadie lo para
Y si nadie lo para (don't stop)
Esto no para (don't stop)
Esto no para, porque nadie se para

Y si nadie se para (don't stop)
Esto no para (don't stop)
Esto no para, porque nadie lo para
Y si nadie lo para, nadie dice nada
Prepárate para que se prepara (don't stop)

Si tienes frío, muévete
Si estás cansado de esperar, muévete (don't stop)
Si tienes frío, muévete
Si estás cansado de esperar, muévete (don't stop)
Si tienes frío, muévete
Si estás cansado de esperar, muévete (don't stop)
Si tienes frío, muévete
Si estás cansado de esperar, muévete (don't stop)

Muévete
Muévete
Muévete
Muévete
Muévete",0.44317471981048584,0.0227584857493639,0.06282270699739456,0.16954419016838074,0.1958409994840622,0.0898592546582222,0.015999648720026016,1,1,185.78,0.92,0.65
Kase.O,TRISTE,"Me tuerzo, me inclino, me caigo, me hundo
Se derrumba mi mundo sin rumbo
No es fijo ese donde al que yo me dirijo
Y a cada segundo confundo
Llegan lágrimas aquí de lo profundo
Tengo dudas que duelen si pregunto
Tengo miedos que atormentan lentamente
A los sueños de mi corazón vagabundo
De lo que no se llevó el viento
De lo que quedó tras el tiempo
Me quedo con el aroma de las rosas
Porque hay cosas de las que me arrepiento
Tengo que volver a aprender a pensar
Tengo que volver a aprender a olvidar
Tengo que volver a aprender a vivir
Tengo que vivir y volver a aprender a amar

A mi marcha. Animar al Ibarra
Limpiarle la cara de escarcha
Descorchar. Soportar la avalancha
Borrar todo rastro de mancha
No hay orden. No por aquí cerca
Conozco el percal: la vida terca y perra
Guerra mental. Des-pier-ta-te-ya
Vivo sin vivir en mí
Sigo sin poder sentir
No sé lo que tengo que hacer
Daría lo mismo si volviera a nacer
No sé. Quizás quisiera no ser
Lo que querría es dejar de toser
Más que existir, subsisto
Más que embestir, resisto. ¡Joder!
No amo, ni siento, ni padezco
No veo que crezca. Creo que envejezco
Lento de reflejos

Lejos del mejor beso que probé, estoy
Tengo mi alma en la sombra esperando una luz
Quiero bajar de la cruz
Siento que pierdo la juventud
Rezo en la noche por mi salud

Triste. Solo tengo ojos para mí
Triste. Solo tengo ojos para mí
Triste. Solo tengo ojos para mí
Triste. Solo tengo ojos para mí
Triste. Solo tengo ojos para mí
Triste. Solo tengo ojos para mí
Triste. Solo tengo ojos para mí
Triste. Solo tengo ojos para mí",0.2725822925567627,0.05837821587920189,0.04906833916902542,0.17778868973255157,0.27644219994544983,0.11547058075666428,0.05026964470744133,5,0,140.04,0.36,0.77
Nach,Efectos Vocales,"[Bienvenidos al centro de experimentación vocal ""Magna"".
Hoy en nuestro laboratorio estamos investigando con un
nuevo sujeto. Se hace llamar Nach, y es, quizás, el más
extraño y activo de los que hemos trabajado anteriormente.
Pero empecemos con la exposición. La dividiremos en 3
fases, y por favor, no intenten hacer esto en sus casas.
Fase de la experimentación número 1. Nivel de dificultad 6.
Vocal A>

Trabaja, plasma las palabras, hazlas balas,
Atrapa ráfagas, sal, machaca cada sala,
Ladra hasta rasgar la garganta,
Saca las garras, las armas,
Las gradas harán palmas,
La fama tarda, patán, jamás hallarás paz,
Amargas caras largas arrastran la maldad,
Andarás a rastras, pagarás caras las cagadas,
Las carcajadas sabrán saladas,
Tras, tantas trampas, tras, tanta jarana,
Tantas falsas alabanzas, tras, tantas caladas,
Tantas almas traspasadas para alcanzar la calma,
Tantas pájaras, Nach manda fantasmas al Sáhara,
Charlas baratas taladran hasta dar arcadas,
Parrafadas flacas acabarán mal paradas,
Tan malas para masacrar, para ganar batallas,
Apartadas, a patadas, atrapadas hasta dar la talla,
Canalla, vas a dar la campanada, para nada,
Camaradas harán manada para achantar,
Hasta cantarás baladas para agradar a las masas,
Salta pacá, ya cansas, ya.

[¿Increíble, verdad? Pero no nos vamos a quedar
ahí. Aumentaremos la dificultad de reacción. El sujeto
es frío y ni se inmuta. Parece confiado. Vamos a
ver cómo se comporta ahora. Pasemos a la siguiente
exposición. Fase de la experimentación número 2.
Nivel de dificultad 8.
Vocal O>

Yo no compongo con porros,
Solo pongo ron o fonk,
Propongo colocón como colofón,
Formo monólogos, todos los bolos son hornos,
Os toco con chorros sonoros, corosos como Concords,
Lo corroboro, controlo todos los modos,
Conozco todos los logros,
Conozco todos los coros, mongolos,
No clono, no soborno, sólo lo gozo, lo rompo,
Como Rocco os follo pronto,
No corono robots con flow monótono,
Corchos son como plomo,
Yo floto por los tonos como corcho,
No dono, cloroformo,
Formo los cosmos, los combos,
Son gordos, los bombos son hondos, tochos,
Yo, monto gordos pollos con otros locos,
Nosotros somos orcos, vosotros potros cojos,
Foros con forofos flojos,
Os jodo con condón, con don, compón como yo costoso,
No toco socorro, os soplo como polvo,
Os borro, bobos, os froto dolor por tos los poros,
Provoco ojos rojos por sollozos sordos,
¡Ohoh! todo con os, ¡lo bordo!

[Nunca habíamos dado con un sujeto así. Su capacidad
parece ilimitada. Permanezcan tranquilos, por favor.
Vamos a aumentar la dosis de dificultad al máximo.
Nadie ha conseguido nunca superar esta etapa, repito,
nadie. Fase de la exposición número 3. Nivel de
dificultad 10. Vocal E>

Ver gente decente perecer me estremece,
Le Pen es el germen,
el PP merece el trece,
Mequetrefes venden 3 CDs, ¿qué se creen?
Se creen jefes de este Edén,
¡Que les den! ¡Herejes!
Deben entender que defenderme es querer perder,
¿Pretenden vencerme en este set? Seré Federer,
Empecé desde el retrete,
enterré el estrés,
En el presente el referente es el Everest, creedme,
El eje es tener fe,
Seres que deseen que enferme, desespérense,
Pretenden que me estrelle, que frene este tren express,
Temen ver que este LP es el best seller del mes,
¡Ves! Que en vez de entretener me pertenecen,
Deben encender mentes dementes que ennegrecen,
¡Respétenme! Dejen de verter pestes,
Seres terrestres ven que me elevé entre entes celestes,
Verme envejecer, ceder, ¡never!
men, métele el reverb,
que recen emecés de Feber,
Me repelen peleles enclenques,
rehenes del tembleque decrecen en frente de este jeque.

[Es impresionante. El sujeto ha superado todas las
pruebas y su ritmo cardíaco ni siquiera se ha acelerado.
Por favor, manténganse tranquilos. Que no cunda el pánico. Estamos ante uno de los
momentos más espectaculares en la historia
del rap en este país. Este hijo de puta es capaz de todo>",0.6549457311630249,0.012921114452183247,0.02663785219192505,0.06112513318657875,0.17067046463489532,0.0401281900703907,0.033571477979421616,9,1,92.29,0.91,0.88
Nach,el idioma de los dioses,"Si estoy solo tú me acoges eres mi fiel compañía,
Me hablas sincera y me esperas cuando empieza el día.
Mi guía, mi faro de Alejandría, si me ves perdido
Te miro y elimino la tristeza en un suspiro.
Das sentido a mi existencia, tú, desobediencia,
Tú, sola presencia merece mi reverencia,
Tú, me diste un don, fuiste mi espada,
Siempre encerrada en tu prisión si la inspiración faltaba.
Desde la nada me abrazas, no prohíbes ni amenazas
Tan romántica y auténtica, tú nunca te disfrazas
Como un hada y un verdugo firme escudo en la batalla,
Tú, a quién acudo si otros fallan.
Me das retos, aventuras y responsabilidad,
Me das éxito y dinero me quitas la intimidad,
Me exiges crear, me haces temblar, soñar, me curas
Me eliges para hablar si las calles están mudas.
Me desnudas con ternura y siento tu tacto y tu olor,
Si te veo volar libre entre la voz de un cantautor
Eres Ópera y Flamenco, eres todo lo que tengo y te amo,
Mientras brotas entre las notas de un piano.
Y me desintegras pintando estas noches negras,
Me alegras, me invades, me evades, alejas las tinieblas
Y me resucitas siempre, nunca me mientes
Eres el recipiente donde lágrimas se vierten.
Eres Tango y eres ritmo vives en do, re, mi, fa
Impredecible compás cuando te vistes de Jazz,
Llegas y me das oxígeno, mi único somnífero
Si el mortífero estrés tensa mis músculos, discípulo
De tu inmensa maestría cuando no te conocía,
Como podía vivir sin percibir tu melodía
Fuiste mía y solo mía en mis horas de miseria,
Compones la banda sonora de esta tragicomedia.
Tú reina entre mil reyes, cumbre de mis valles,
Me levitas y así evitas que tanto odio me ametralle
Tú, si eres Hip Hop muestras denuncia y carisma,
Pero te vistes de clásica y sigues siendo la misma.
Eres tú, mi suerte, eres tú, tan fuerte, eres tú, tú, tan diferente
Surges y de repente la vida olvida a la muerte.
Imposible de tenerte si naces de un pentagrama,
Si el drama yace en mi cama me abres enormes ventanas,
Tu llama jamás se apaga, luz de eterna juventud
Cuando llores punteando una guitarra de Blues.
Eres tú, la rabia sucia y rasgada de Kurt Cobain
El compromiso sincero de Marvin Gaye,
La grandeza de John Coltrane improvisando con el saxo,
La mirada niñada en los ojos de Michael Jackson.
Y es que tu son me sedujo, tu luz me dejo perplejo y caí,
Reviví como el sol en forma de Soul y R&B
Bebí de ti el elixir y resistí los golpes,
Si fui torpe encontré por fin mi norte, mi soporte.
Entre acordes de Mark Knopfler redobles de Hancock Herbie,
De Vivaldi hasta Elvis, desde Verdi hasta Chuck Berry.
Inmortales piezas musicales hacen que el tiempo se pare,
Estallan como bombas provocando ondas letales
De esperanza, de aliento y vida, mi gran amiga
Solo tú haces eficaces todas las frases que diga,
Mi balanza, mi paz, mi druida, en la fatiga
Solo tú haces realidad los sueños que yo persiga.
Y es que sin ti no hay destino, solo piedra y mil caminos,
Sin ti, soy un mimo temblando en el camerino.
Pero tú acoges mis voces si me ves desorientado,
Y bailas conmigo un vals igual que dos enamorados.
Eres la llave inmortal que abre este mental presidio,
Desde ?Tearz? Wu Tang Clan hasta el ?Ojalá? de Silvio.
Envidio el poder que impones en canciones
Despiertas mis emociones, con creaciones de Ennio Morricone.
Sensaciones sin control cuando eres Rock n' Roll,
El erotismo de un bemol en la voz de Diana Krall
El solo de guitarra eléctrica que el silencio rompe,
La armónica que esconden las manos de Steve Wonder.
Te vi dónde todo acaba y nada se irá con Black Sabbath
Respiras vida con la calma que inspira Bob Dylan,
Oscilas y posees a James Brown mueves su cuerpo,
Junto a Freddy Mercury, Ray Charles jamás habrán muerto.
Y es cierto da igual que suenes con un arpa o un Akai,
Con la clase de Frank Sinatra o de Barry White.
Eres la métrica enigmática que envuelve mi ser y lo salva,
El idioma con el que los dioses hablan, eres música.",0.5360308289527893,0.050793811678886414,0.04580315947532654,0.12030446529388428,0.16446125507354736,0.059587884694337845,0.023018643260002136,1,0,82.39,0.87,0.7
Nach,Nada Ni Nadie,"Busco una calma inalcanzable,
la atmósfera aquí no es fiable
quiero estar solo si solo todo estará bien
que nadie me hable,
que no rompan este silencio,
es mío
hoy quiero sentir el frío
Vértigo que el mundo pare y me separe del cansancio de vivir así
Harto de fingir excusas musas siento huir de mi
Cosas que viví, esta cicatriz de traumas
desangra versos, desarma el alma

Es mi verdad maldita,
mitad genio, mitad flor marchita que apaga
por que haga lo que haga, el premio
no cambiara mi estado de ánimo
Es este sentimiento pésimo que me tiene pálido,
Con mis colegas no soy cálido
ya no hay remedio,
preguntan que sucede y me limito a mirar serio
mi amada siente el tedio, dice que estoy distante
me mira y se que ve una decepción constante
Y si la vida es un instante, hoy quiero olvidar que existo,
quiero escapar a mi desierto sin ser visto
salir de este círculo,
volar a otro lugar,
quedarme quieto...
Allí la soledad es mi amuleto...

Nada ni nadie hoy me acompaña en este baile,
quiero estar solo si solo todo estará bien
que nadie hable, me falta el aire,
por una vez que el mundo calle [x2]

Me importa una mierda lo que el resto diga,
que se alegren o que me envidien por todo lo que consiga
mi única enemiga es esta mente rota desde crío,
abre puertas prohibidas empujándome al vacío
sonrío por compromiso y casi no veo a los míos,
mi familia, la gente que mas me quiso,
Con mi rap estoy de luto, no disfruto, es mi veneno
ver que escriba lo que escriba, pienso que no soy tan bueno
Y si pierdo confianza, atado a la circunstancias,
vago igual que un zombi, temores nunca los vencí
Y con Dios mantuve un pacto demasiado triste,
el jamás habla conmigo y yo no digo que el no existe
Perdiste el norte?
Yo lo perdí al jugar con miedo
al sentir nervios traicioneros tensando mis dedos
puedo soportarlo y se esquivarlo y nada cambia
ahora mi corazón es como un invierno en Finlandia
No queda rabia, solo pena, una gangrena que mis venas pudre
pieza perdida del puzzle
que nació un 1 de octubre y desde entonces vive,
condenada y loca, rosa espinada,
sangra quien la toca.
Quise compañía y obtuve un monólogo,
quise un final feliz y me quede en el prólogo,
La droga es el peor psicólogo, nunca curo mi ahogo
solo quiero correr a otro horizonte y estar solo...

Nada ni nadie hoy me acompaña en este baile
quiero estar solo, si solo todo estará bien
que nadie hable, me falta el aire
por una vez que el mundo calle [x2]

Para todo aquel que se ha sentido solo, vacío,
vagando extraño entre océanos de cráneos...

Para todo aquel que no sabe escapar al daño,
Nach, mis males contemporáneos
Nada ni nadie... Que el mundo calle.",0.45862874388694763,0.07522677630186081,0.07010777294635773,0.10481899976730347,0.20430916547775269,0.05763470008969307,0.02927379310131073,9,0,88.99,0.8,0.56
Nach,Amor libre,"Amor libre
Sigo siendo libre
nada es complicado a tu lado
tu me haces libre
estoy irreconocible desde que te conoci
mas vivo y mas sencible,
porque estas aqui,
contando tus segundos junto a mi
y esto lo escribi pensando en ti...
porque te quiero.
Porque te quiero, por encima de cualquier pero,
mas alla del poderoso caballero don dinero,
tu renaces al amante, y adormeces al guerrero...
haces que solo sepa hablar con el corazon primero,
y te quiero,
eres la luz de mi agujero,
la manta que me arropa en este frío mes de enero.
eres la mas linda flor que vi crecer en mis tierras,
la luz y la paz de un reportero de guerra,
Por ti, saltare todas las ballas, vayas donde vayas,
besare tus huellas en el suelo, porque te quiero
gritaré al planeta entero que eres tu y soy yo,
saltaré cualquier escollo con tu apollo,
y trepare por tu espalda,
hasta llegar a tu cuello, para acariciar tu oído,
y definirte lo mas bello,
todos tus detalles, todos tus destellos,
son astros en el cielo, y no puedo vivir sin ellos.
No crees que es lógico q me obseciones,
al pintar en tu cara sonrisas, la mayor de mis pasiones es,
y hoy de nuevo volvi a soñar con mis frases,
para que las escuchases y volases,
se que me crees,
siempre sabes ser mi guía y mostrarme las direcciones,
en mis momentos de duda,
y ante las duras desiciones,
que facil lo pones, sin condicione,
ya ves, todo son celebraciones,
no es normal que me emocione,
cuando vines y me creces y me meses
en tu amor y en tus vaivenes,
de paz y sosiego,
cada problema es un juego,
tu amor me hace libre, y a tu amor me entrgo..
Coro:
(mirame, amame, sabes que tu amor me hace libre)
no pasa el tiempo si te tengo al lado,
no existen sombras,
desde que haz llegado me haz iluminado.
(tócame, siénteme, sabes que tu amor me hace invencible)
no pasa nada malo,
porque estas a mi lado,
tu amor hace libre a este loco enamorado.
(sabes que tu amor me hace libre)
Estare alli cuando llores,
y cuando rías,
en tus dias de melandolía y en tus alegrias,
estare alli cuando duermas,
y cuando sueñes,
en tus miedos mas profundos,
y en tus noches mas frías.
tan solo dejame escribirte, retratarte, recatarte
de la nada, siempre que te sientas triste,
tan sólo mirarte cada madrugada,
tu amor impulsa mi pluma,
sientes mi beso hasta en tu almohada,
cada milesima en tus piernas
y tu olor, cada noche se hace eterna
si no estás alrededor,
por favor mantente cerca
de este constructor de puentes
con don de gentes, y que hace el amor con las mentes,
de este demente, que tendras enfrente,
cuando despiertes, sonriente,
como siempre, tan resplándeciente,
y esque esos dientes son diamantes,
y esque tus ojos son dibujos,
que hablan de como te sientes.
Y antes de que preguntes, yo respondo,
siempre llego hasta el fondo de tu mundo
mas profundo y hondo.
cuando vamos paseando, conversando,
cuando ves que estoy mirando,
sacando mi lado mas tierno
estudiando tus mivimientos bajo el sol
y escribiendo sin control bajo este árbol,
amor de mármol.
siempr firme ante cualquier adversidad,
entre contigo en el tren de la vida, hacia la libertad,
y asi es tu amor,
como un suspiro de tu boca,
que hace mi sueño tranquilo
asi es tu amor,
y con tu amor respiro,
todo tiene sentido,incluso la muerte,
despues de este amor vivido,
tu amor me hace libre,
y a sí de libre lo digo.
Coro
Y hoy le canto al amor,
al amor loco,
amor de mi por vos y de vos por otro,
amor de un encuentro,
amor bendito,
amor en bruto,
amor de una vida
o de un minuto... bis
(mírame, ámame, sabes que tu amor me hace libre, tócame,
siénteme, mírame, tócame, sabes que tu amor me hace invencible,
ámame, tócame, sabes que tu amor ....., mírame, tócame........)",0.36083751916885376,0.025834273546934128,0.11342024803161621,0.073542021214962,0.3697420060634613,0.03459608182311058,0.022027963772416115,0,1,90.94,0.78,0.72
Nach,Mil Vidas,"Toda una vida es poco para un hombre,
la tierra me entrego un cuando y un donde
atrapado ahora en esta era insomne,
quiero vivir mas vidas que la que me corresponde,
viajar a los paisajes que toda memoria esconde.

Verme al principio de los tiempos sin autoconciencia,
homo sapiens cuya ciencia es la supervivencia
con la piel en carne viva mi paciencia doma el fuego
madre tierra da la esencia que alimenta luego.

Habitar el nilo antes de Jesucristo,
ser escriba del antiguo Egipto
ver que existo y aun resisto junto a Keops mi faraon,
saber que es dueño de los sueños que poseo y de mi razon.

Civilización en gracia como Grecia
sentir en vivo la pasion de Platón cosmovisión.
Desde el partenon su herencia
entre columnas corintias sus lecciones limpian mi conciencia y son

Luz para el corazón, luz para la historia
luz como magnolias en mongolia
sentirme un samurai, con sed de gloria
defender mi imperio, conquistando como unico medio para hacer historia

//Estribillo// x2

Mil Vidas, quisiera vivirlas todas, una sola es poco y yo choco entre las olas
del tiempo, horas llendo a la deriba porque solo una epoca, porque solo una perspectiva.

//Estribillo//

Las olas del tiempo llegan al Renacimiento
allí leonardo me anticipa un nuevo invento
me siento junto a Copernico en un mundo esferico, metalico
mientras la Inquisición sigue mis pasos sin aliento.

Viena 1700, ciudad llena de cultura
palpo la hermosura de un lugar lejano
gozar al rozar a Mozart verle tocar
y acariciar la eternidad entre sus notas de piano

Sinfonia en armonía
querer vivir las vidas que no fueron mias no es absurdo
como entrar al palacio de un zar en San Petersburgo
y gritar (Revolucion) para cambiar el mundo

y mientras cambia yo lo observo
pueblos invaden, publos siglos y derrotas, civilizaciones rotas
verme al lado de toro sentado, ser un chaman
meditando iluminado entre los prados de Dakota.

y brota en mis manos magia, cura del hombre blanco
y la locura que contagia y asi el futuro se presagia
mientras el sol desde su trono vigila y dicta
el ser humano es solo un parpadeo de todo lo que ha visto

Ven a chocar en las olas del tiempo, milenios que se funden en un solo momento, quiero vivir mil vidas.

//Estribillo// x2

Mil Vidas, quisiera vivirlas todas, una sola es poco y yo choco entre las olas
del tiempo, horas llendo a la deriba porque solo una epoca, porque solo una perspectiva.

//Estribillo//

Chicago años 20 visto gabardina zapatos de charol
siento el descontrol mirando en cada esquina
la ley seca se impone yo acudo a un cabaret
para olvidarme que la mafia de al capone se propone liquidarme

Viajar a woodstock y desde el amancer llacer
entregado al amor libre y al placer
ver en concierto a Jimmy Hendrixx, janis joplin y a Tim Hardin
colocao de LSD este es mi jardin mi camping

Mi libertad sin fin y alli me veo, buceo
entre los prados de la historia y su fortuna
quiero escapar junto con esta pluma de un presente que me abruma
estar en la pupila de Neil Amstrong al pisar la luna.

Ser un pantera negra, con mi puño en alto, pelo afro
sentarme con Rosa Parks atras en aquel auto
aprender de Crazy Legs y de sus primeras firmas
fin de los 70 sur del Bronx no hay mas enigmas

que el deseo de vivir mas vidas que una sola
Madrid 83 movida yo en la puerta del Roccola
fumandome un pitillo absorto
pensando que el camino que separa cuna y cementerio es corto

Mil vidas, alli donde quise estar, y todo lo que quise ver.",0.6687532067298889,0.05023602396249771,0.03989359363913536,0.05786069482564926,0.09488712251186371,0.023911606520414352,0.06445781141519547,0,1,92.91,0.86,0.81
Nach,Amanece,"Amanece, aunque a veces el sol apenas aparece, abrimos los ojos, salimos a buscar a luchar, a ganar.

Ven a luchar, sube a este podio
rap sin igual, reyes del barrio
desistirán, tiempos de cambio
conquistarán cada escenario.

Hoy amanece
Días de cambio ya nada es lo que parece
Crece el bullicio, vicio, cansancio,
sacrificio o odio dime tu quien vence
Quien se merece el lujo y quien el andrajo,
quien está en el ajo pillando los fajos
El resto que trabaja a destajo (¡mira!)
nos pisan como a escarabajos.
Les importa un carajo ver el dolor de aquel
que siente opresión en su piel,
que vive condenado en el embargo,
mientras cómplices del caos abusan de su cargo.
Ven el mundo desde un palco,
relajándose con talco observan el desfalco
y si no se inmutan dime, ¿quién podrá hacer algo?
Otro día más en esta ciudad de galgos.

Otro día más, donde buscadores de fortuna esperan en las vías, en avenidas frías, edificios grisáceos cortando el paso, leyes que organizan el ocaso.

La ciudad despierta, hay cierta alerta.
Pocos se dan cuenta que andan en días muertas.
Muévete despacio o caes en el vacío.
trapis en el barrio no importa la estación
Cuido de los míos, es mi generación
Críos, fríos, siempre metidos en líos.
Yo amplio conocimientos, fijo los cimientos,
como sea fluyo sobre esta marea de calles
salvajes que exigen coraje, tú eliges el viaje
por estos parajes de seres de traje,
de coches que rugen, de luces de alto voltaje,
de ultraje y pillaje, de polis que fingen
dirigen el crimen, percibes declive
allí donde mires, el líder prohíbe
que libre respires, luchas o obedeces tú decides.

Ven a luchar, sube a este podio
rap sin igual, reyes del barrio
desistirán, tiempos de cambio
conquistarán cada escenario.
Ven a luchar, sube a este podio
rap sin igual, reyes del barrio
desistirán, tiempos de cambio
conquistarán cada escenario.

Ven a luchar, sube a este podio
rap sin igual, reyes del barrio
haciendo historia mis horas de gloria
mi furia y mi rabia en guardia hasta el fin",0.4826904535293579,0.018146948888897896,0.029172366484999657,0.12577325105667114,0.2775581181049347,0.034602679312229156,0.03205619007349014,10,0,129.57,0.95,0.74
Nach,Ni estabas ni estarás,"Cuando no era nada, ni nadie
Va por quien estuvo ahí, abrazándome
Cuando el tiempo pase y mi nombre solo sea un recuerdo
Por todos los que me cruce en el camino y me den calor
Ni estabas ni estarás...

Dónde estabas tú cuando el dolor se pinto en ocre,
Cuando aquel profesor frustrado me llamo mediocre,
Cuando pedí prestado hasta para un café,
En noches bohemias
Y el DHC trajo brotes de esquizofrenia
Tú no estabas allí sintiendo el hambre
En mis bolsillos cada amanecer
Cerveza y cigarrillos mi único placer
Cuando vi aparecer sombras en el pasillo
Y sufrí insomnio discutiendo con mi ángel, mi demonio.
Y Donde estabas tú en aquel dilema
Si la pena se estratagema
Ante problemas en cadena
Cuando cientos de poemas calmaban la fiebre
De un chaval endeble
Ahora todos quieren fotos junto al celebre
No estabas allí si me, caí me lastime
Mate mi fe cuando se fue mi hermana
Cuando tumbado en mi cama soñé que hacia milagros con un micro
Y nadie me animaba a conseguirlo.
Dime donde estabas cuando la ansiedad me ahogaba,
Cuando cada pensamiento provocada arcadas
Y temblaba cada poro de mi piel
Sin nadie que me abrazara y me dijera
Tranquilo todo irá bien.
Tú no estuviste allí,
No viste, mi mitad triste, Ni mis despistes
No fuiste muro contra los embistes
Del desprecio del cansancio del prejuicio
Hoy tan solo me ampara mi sacrificio.

En aquel dolor, en aquel frio,
En aquel temor, aquel vacio
En aquel amor cuando era crio
En aquella llama que se apagaba
Va por quien ofreció su hombro como almohada.
En aquel dolor, en aquel frio,
En aquel temor, aquel vacio
En aquel rencor hacia algo mío
En aquella amistad que se alejaba
Va por quien estuvo y a cambio no vivió nada.

Donde estarás tu cuando el futuro se tiña en negro
Y llore recordando los triunfos que hoy celebro
Creedlo es normal que no me crezca
Si me llaman dios
Cuando mi rap no les convenza me dirá adiós
Y estaré solo, mirando al pasado
Con gesto cansado
Contento y realizado
Sabiendo que lo di todo
Cuando se apaguen los focos, Se cierre el telón
Cuando solo sea otro loco en mi salón
Sin inspiración
No estarás allí
No serás bálsamo del mal sabor
De mi temor a hacerme viejo
Cuando el espejo sacuda cada arruga en mi cara desnuda
Y ante las dudas tu ternura
Nunca Acuda como ayuda
Donde estarás tú
Cuando todos me olviden
Cuando No consiga darles lo que piden y se giren
Cuando sea un hombre solitario
Suplicando afecto
Y recuerde el escenario como aquel lugar perfecto.
No estarás allí
En mis horas flojas
Tampoco estas hojas
Tampoco esta fama que me sonroja
Si el tiempo me despoja de quien quiero
Espero espabilar
Y remontar certero el vuelo como un águila
Y es que a mi lado nunca has estado
Si fui atrapado, por mis fantasmas del pasado
En aquel dolor aquella espera
Ni estuviste ni estarás
Cuando nací ni cuando muera.

Cuando llegue el dolor, y llegue el frio,
Cuando llegue el temor, llegue el vacio
Y el desamor fluya en mi rio
Cuando el éxito me gire la mirada
Va por quien me dé su hombro como almohada.
Cuando llegue el dolor, y llegue el frio,
Cuando llegue el temor, llegue el vacio
Y oiga el silencio del gentío
Cuando el olvido acaricie cada pisada
Va por quien este y a cambio no pida nada.

Dicen que a través de las palabras
El dolor se hace más tangible
Que podemos mirarlo como a una criatura oscura
Tanto mas ajena a nosotros
Cuando más cerca la sentimos.

(Gracias a Martazgz23 por esta letra)",0.15816730260849,0.03242316097021103,0.10024544596672058,0.3596305847167969,0.1643800139427185,0.1492132991552353,0.035940222442150116,5,1,91.9,0.95,0.49
Nach,Ellas,"A mi primer amor lo conocí al nacer,
Luz era su nombre,
Su poder enorme siempre me hizo ver la vida,
Tan lúcida y tan bella, ella me enseño a crecer,
Jugando a contar estrellas cada anochecer,
Creí enmudecer cuando Ilusión toco mi corazón de adolescente,
Me enamore perdidamente, era tan bonita, mi flor favorita, mi otra mitad,
Me dijo que los sueños también se hacen realidad,
Perdida en la ciudad vi a Indiferencia andando distraída, cada día,
Sin saber que yo existía, Su mirada ausente entre la gente no me seducía,
Demasiado fría, algo me decía ?desconfía?,
Mientras Melancolía me quería con locura,
Cada noche aparecía en mi cama medio desnuda,
Y me abrazaba, hurgaba entre mis cicatrices,
Yo sollozaba, su piel no me otorgaba días felices y la abandone,
Olvide su hechizo y su regazo porque pronto conocí a Pasión, fue como un flechazo,
Unidos cada madrugada, mi amada,
Siempre haciéndome el amor en hojas de papel mojadas

Ellas, más amor para tu herida, la vida tiritando en una estrella,
Luciérnagas que tiemblan en tu pecho,
Los restos de un naufragio, Andamio que restaura los recuerdos,
El cielo en que sueñan los cautivos...

Conocí a Constancia en poco tiempo,
Me atrajo su fragancia y desde aquel momento la fui conociendo,
Su autoestima y disciplina me dijeron no abandones,
Tendrás un sitio en la cima con los mejores,
Pero sufrí mal de amores cuando Envidia me miro al pasar,
Otra vampiresa que besa y que te hace sangrar,
Al hablar mentía, quería matar mi Fe,
Puso veneno en la lengua de aquellos que me cruce,
Fue por eso que llore junto a Nostalgia cada tarde,
Sintiéndome un cobarde si venía a acariciarme,
Hasta que un día Soledad llamo a mi puerta y me paralizo,
Me abrazo, rompiendo mi armazón, y Yo,
Vi pasar los meses, no quería ver a nadie,
Hasta que encontré a Esperanza esperándome en la calle,
Ella me hablo de un futuro y de luchar por él,
Me dijo Libertad te espera, ella siempre te será fiel.

Ellas, más amor para tu herida, la vida pintando alguna estrella,
Luciérnagas que tiemblan en tu pecho,
Los restos de un naufragio, Andamio que restaura los recuerdos,
El cielo en que sueñan los cautivos...

Como viejas amantes, regresan al olvido,
Haz dormido ya en sus brazos, pero todo es nuevo,
El hecho de vivir deja secuelas, Ellas...

Y como un licor suave... te envuelven,
Siempre es tarde cuando ya se han ido,
Vencido y renacido en desastre,
Buscaste su luz entre el escombro,
Todo irá bien y aunque duela, toma su mano y vuela con Ellas

Ellas, dejaron su huella en mí, el amor y el abandono,
Sensaciones que viví,
Despertando hacía encantos, abriendo pasiones y heridas,
Ellas, amantes de un instante o de una vida,
Ellas, estrellas y espinas, bellas damas que te aman o te asesinan,
Las encontré, entre las esquinas, brillaban como diamantes,
Ellas, amantes de una vida o de un instante.

Ellas, dejaron su huella en mí, el amor y el abandono,
Sensaciones que viví,
Despertando hacía encantos, abriendo pasiones y heridas,
Ellas, amantes de un instante o de una vida,
Ellas, estrellas y espinas, bellas damas que te aman o te asesinan,
Las encontré, entre las esquinas, brillaban como diamantes,
Ellas, amantes de una vida o de un instante.

Como viejas amantes, regresan al olvido,
Haz dormido ya en sus brazos, pero todo es nuevo,
El hecho de vivir deja secuelas, Ellas...",0.3545079827308655,0.03586762398481369,0.04345359653234482,0.11053721606731415,0.303861141204834,0.0655670017004013,0.08620542287826538,7,0,92.14,0.85,0.84
Wos,MELÓN VINO,"Estoy sentado esperando que se pase el rato
Estas palabras se parecen a mi autorretrato
Ey, hoy ya no quiero hablar
Si las sensaciones que en serio cambiaron mi vida
No creo que las pueda explicar

Voy a amarte, y tocarte
Solo te pido que no me apuñales
Cuando abra mi cuerpo pa darte un lugar
Y el mar se va, con mis secretos
Los va a llevar marea adentro

Siempre vuelvo con mi sombra
Te invito a que la conozcas
Me revuelco con mi sombra
Te pido que no la rompas

Tengo estudio y un colchón
Tengo amigos un montón
Tengo vino y un melón
Ready para el vacilón, ey

Tengo, gano
Busco, voy, rompo todo lo que soy

Tengo estudio y un colchón
Tengo amigos un montón
Tengo vino y un melón
Ready para el vacilón, ey

Tengo, gano
Busco, voy, rompo todo lo que soy

Estoy sentado esperando que se pase el rato
Estas palabras se parecen a mi autorretrato
Ey, hoy ya no quiero hablar
Si las sensaciones que en serio cambiaron mi vida
No creo que las pueda explicar

Voy a convidarte
Una parte de mí
Para ir por ahí
Vamo en mi Zeppelin

Si el mundo está roto que traigan otro
O mejor nos vamos todos nosotros
No quiero vivir con sabor a poco
No quiero morir sin volverme loco

Cuando miremos y no entendamos
Nada de todo lo que ahora vemos
Voy a quedarme con vos al lado
Cuando todo se nos ponga feo

Y cuando esta vida rara y descarada
Se lleve puesto a algún amigo
Cuando lo más común pierda sentido,
Siempre vas a poder venir conmigo

Nuestra mirada es la fuerza más linda de todas
Quiero esconderme en tu pecho y que nada me joda
Dale vámonos, y perdámonos
Tirame una magia y llevame en tu escoba

Tengo estudio y un colchón
Tengo amigos un montón
Tengo vino y un melón
Ready para el vacilón, ey

Tengo, gano
Busco, voy, rompo todo lo que soy

Tengo estudio y un colchón
Tengo amigos un montón
Tengo vino y un melón
Ready para el vacilón, ey

Tengo, gano
Busco, voy, rompo todo lo que soy

Tengo estudio y un colchón
Tengo amigos un montón
Tengo vino y un melón
Ready para el vacilón, ey

Tengo, gano
Busco, voy, rompo todo lo que soy",0.5148604512214661,0.04627956077456474,0.07891057431697845,0.04819700866937637,0.23505151271820068,0.04473446309566498,0.031966425478458405,4,1,140.04,0.74,0.35
Wos,CANGURO,"Hoy, no voy a salir
Y voy a quedarme en la' nube' donde nadie sube

(Uah) no vengas a molestar
Dicen que está todo mal; bueno
(Uah) yo estoy más que bien acá
Y no te pienso ni mirar; ciego

Vamo'
Repriman la mierda que tienen guardada en el pecho
Traguen y callen hasta estar desecho'
Párense siempre derecho

Cállenlo, sédenlo
Que haga lo que quiera, pero sáquenlo
Cállenlo, sédenlo
Que haga lo que quiera, pero sáquenlo

Ey, háganme caso
¿O no tienen claro que soy el rey?
Háganme caso, que soy la ley
Dame mis blíster', mis Parisienne' (uah)

Patada de canguro, golpe duro
No vamo' a parar con esto, negro, te lo juro
Traje cianuro pa' meterle' en el trago
Cinco minuto' acá y ya estamo' causando estragos

Un mago nos quiere hacer desaparecer
Pero esta plaga rara nunca para de crecer
Somos de los poco' locos que andan buscando placer
Y aunque quieran vernos roto', no damo' brazo a torcer

No para de toser, trabajando doce horas
Cobra dos moneda' al mes, pa' mantener cuatro persona'
Y no hable' de meritocracia, me da gracia, no me jodas
Que, sin oportunidades, esa mierda no funciona

Y no, no hace falta gente que labure más
Hace falta que, con menos, se pueda vivir en paz
Mandale gas, no te perdás, acordate dónde estás
Fijate siempre de qué lado de la mecha te encontrás

Dice: What up? Esto pega como coca
La gente baila loca, el cuello se disloca
La droga en lo' dedo' que vaya de boca en boca
Sentís cómo te choca, esa vaina subió la nota

Salto como una pulga, empezó la purga
Largo todo fresco como un PXXR GVNG
Otra vez con sed, entre fiebres y migraña'
Vuelvo a soñar con un viejo en el medio de una montaña

Me miró y me dijo: De la vida, nadie se salva
Y eso de la juventud es solo una actitud del alma
Qué virtud extraña, ahora me queman las entraña'
Mi mejor conversación la tuve ayer con una araña

No sé qué hora es, ni me interesa
Acá siempre son 4: 20, y estamo' de la cabeza, con simpleza
Birra barata y mala en lata, más la planta santa esa
La que calma el cuerpo y te lo desestresa

El hood está de fiesta, el culo se te tensa
Entiendo que te molesta, la empatía te cuesta
Y si ahora gritamo' y cantamo' en modo de protesta
Es porque preguntamo' bien y nadie nos dio una respuesta

Se creen dueños, salgan del medio, lo digo en serio
Fuera la yuta que meten al barrio, le tira a los pibe' y le' mata' los sueños
Bueno, juego del underground, del agujero
Que estamo' agitando de nuevo, sacando pa' afuera a eso' carroñero', ñero

(Uah) no vengas a molestar
Dicen que está todo mal; bueno
(Uah) yo estoy más que bien acá
Y no te pienso ni mirar; ciego

Vamo'
Repriman la mierda que tienen guardada en el pecho
Traguen y callen hasta estar desecho'
Párense siempre derecho

Cállenlo, sédenlo
Que haga lo que quiera, pero sáquenlo
Cállenlo, sédenlo
Que haga lo que quiera, pero sáquenlo

Ey, háganme caso
¿O no tienen claro que soy el rey?
Háganme caso, que soy la ley
Dame mis blíster', mis Parisienne' (uah)",0.568935751914978,0.05856736749410629,0.05094311386346817,0.0954202339053154,0.1428953856229782,0.042401272803545,0.040836870670318604,1,1,163.87,0.75,0.93
Wos,ALMA DINAMITA,"Me gusta todo lo que sos, y un poco más
El barrio queda sin luz cuando no estás
Las caras cambian todas cuando vos llegás
La noche te sigue mientras vos girás

Acá todos mueren por verte fumar
Tu magia está cerca y protege el lugar
Ahí voy a querer estar
Donde tu risa me saca a bailar

Cada vez que yo no me encuentro en mí, eh
Voy a vos para revivir, eh
Yo voy a estar ahí, yeh
Siempre podés venir

Ella camina con su viajero
Entre desastres y prisioneros
Cuando el destino se pone austero
Sale al rescate lo verdadero

Ella camina con su viajero
Entre desastres y prisioneros
Cuando el destino se pone austero
Sale al rescate lo verdadero

Comprensión bendita, un par de dilemas
Humanidad maldita, cuerpo que tirita
Mirada que desvela, de esas que te hielan
Gratitud infinita, noches sin estrellas
O con miles de ellas, alma dinamita

Voces en la cripta, felicidad compleja
Una espera escrita, angustias bellas
Onomatopeya, río que se agita
Una luz interna, fuego que habilita
Lágrima que quema, protección eterna
Un amor que grita

Cada vez que yo no me encuentro en mí, eh
Voy a vos para revivir, eh
Yo voy a estar ahí, yeh
Siempre podés venir

Ella camina con su viajero
Entre desastres y prisioneros
Cuando el destino se pone austero
Sale al rescate lo verdadero

Ella camina con su viajero
Entre desastres y prisioneros
Cuando el destino se pone austero
Sale al rescate lo verdadero",0.6275112628936768,0.03595102205872536,0.030412135645747185,0.048882242292165756,0.1565023958683014,0.07426591217517853,0.02647501230239868,11,0,103.31,0.8,0.25
Wos,OKUPA,"Es el Wosito, guacho
La zona DS3

Fluyo, pensando sin tapujos
Muevo las manos como si fuese un brujo
Me colgué y ya no sé a dónde me dirijo
Somos inmortales cuando no' miramo' fijo
Te vi y perdí el calibre
Abrí la jaula y me olvidé de cómo ser libre (Pa'lante)
Con vos es todo más simple
Te vi un rato y se me fue lo triste

Había lugar en tu cama y me volví un okupa
El sol en la ventana que hiciste de lupa
No sé de quién es la culpa

No sé de quién es la culpa
Había lugar en tu cama y me volví un okupa
El sol en la ventana que hiciste de lupa
No sé de quién es la culpa
No sé de quién es la culpa

[Post-Estribillo]
De quién es la culpa
No sé de quién es la culpa, no sé
De quién es la—
De quién es la—no hay culpa

Es como una lanza, clavada en la panza
Las palabras que tengo guardada' ya no alcanzan (No)
No quiero pararme a equilibrar esta balanza
Hagamos que vaya y venga como si fuese una danza
Y qué ansias, de volver, de volver a hacerte estremecer

De cambiar la suerte y no tener
Que parar un rato a pensar en la muerte, yo qué sé
Y hoy voy a por más, y vos me hablás
Decís que no querés perturbar mi paz
No te das cuenta las noches que me aliviás
Con las cosas esas locas que vos me contás
Y no me pidas que no venga a decirte
""Gracias por los días en los que no te fuiste""
Que me gusta mucho que no funcione tu timbre
Que me dejas que delire, que saque mi alma de tigre

Había lugar en tu cama y me volví un okupa
El sol en la ventana que hiciste de lupa
No sé de quién es la culpa
No sé de quién es la culpa
Había lugar en tu cama y me volví un okupa

El sol en la ventana que hiciste de lupa
No sé de quién es la culpa
No sé de quién es la culpa

[Post-Estribillo]
De quién es la culpa
No sé de quién es la culpa, no sé
De quién es la—
De quién es la—no hay culpa
No sé",0.6024174690246582,0.04735315963625908,0.04362453520298004,0.062271613627672195,0.16178038716316223,0.03399573266506195,0.048557035624980927,11,0,89.95,0.88,0.96
Wos,ANDRÓMEDA,"¿Que no soy el mismo? Obvio que cambio,
si suena otra música es distinto lo que bailo.
Yo si tengo los huevos para hacerme cargo,
me adapto, vuelo, rapto, no le escapo al contacto.

Todo es tan duro y la vida frágil,
sé que soy de vidrio y que puedo romperme fácil;
no tengo delirios, pero casi,
no tengo delirios pero...

Sé que hay golpes que aguanto y otros no tanto,
y si me caigo, no me levanto.
Hoy quiero dormir acurrucado como un gato,
aparecé en mis sueños por lo menos, así charlamo’ un rato.

Y no me cuesta admitir que, aunque
me dedico a las palabras, hoy no tengo qué decir.
¿De qué me sirve mentir?
Prefiero sentir la angustia y el vacío de existir.

Sí, quiero morir pero no sé cómo,
quiero vivir pero no sé cuánto.
Morir sabiendo la mierda que somos,
y vivir hasta que se acabe el encanto.

Perdón, mi amor, si esto te dolió,
quise morir de amor pero no me salió.
Quizá sólo pienso en mí y en mi bienestar,
sea sólo eso lo que me impide amar.

No puedo amar, ¿No puedo amar
o sólo no amo como aman los demás?
¿Cómo hay que amar?, ¿Hay que amar?
Hay que desarmar los preceptos hechos y tirarse al mar.

¿Plata? Obvio que quiero,
pero la vida es un flash como para pensar sólo en el dinero.
Si estoy solo, ¿Pa’ qué quiero estar primero?
Me deprime imaginarme dormir solo, con mi ego.

¿Cómo querés que no tenga sabor a poco?
Si esa chica me dio un beso y después me pidió una foto.
Ya no sé qué tan real es lo que toco,
se me acerca’ y yo me construí una cerca para no volverme loco.

Me preguntan “¿Todo ok?”, saben que está todo mal,
les respondo “Todo bien”, porque sé que les da igual,
no pido que intentes ponerte en mi lugar,
con el tuyo es suficiente y eso es mucho pa’ afrontar.

Entonces no te dediques a hablar,
la cosa está jodida pa’ que venga’ a criticar,
me viste cara de bueno y te querés zarpar,
esta vez te rompo el cuello y te lo digo literal.

Hace tiempo que vengo batiendo mi posta,
así que ningún gil va a robarme la torta,
la hago corta, la rebano con mis manos si el cuchillo no corta,
tu supuesta verdad, me sabe a bosta.

Todo muere, todo vuelve, todo se transforma,
pero tenés miedo de romper las normas,
de aguantar las bombas, eso te trastorna,
hay que ser valiente para pelear con tu sombra.

Hay que ser valiente para pelear con tu sombra.
Hay que ser valiente para pelear con tu sombra.",0.5261673331260681,0.013526370748877525,0.022040080279111862,0.13159677386283875,0.1247159019112587,0.12455793470144272,0.05739560350775719,1,1,97.09,0.84,0.3
Wos,ARRANCARMELO,"Y no tengo pensado hundirme acá tirado
Y no tengo planeado morirme desangrado
Y no, oh-oh, no me pidas que no vuelva a intentar
Que las cosa' vuelvan a su lugar
Y no tengo pensado hundirme acá tirado
Y no tengo planeado morirme desangrado
Y no, oh-oh, no me pidas que no vuelva a intentar
Que las cosa' vuelvan a su lugar

Estamo' siendo cuidadosos
Como caminando por un piso resbaloso
Sabiendo que un paso en falso nos lleva al fondo del pozo
Será lo tembloroso de la espuma bailando en mi corazón rabioso
Entender todo es un poco soberbio
Querer explicar todo es un poco por nervios
Por eso hablo hasta por los codo' si me pongo ebrio
Y ya no sé si jodo o me lo tomo en serio y desconfío
El miedo a dar un salto y encontrar vacío
Ansío que esto que siento no sea mío
¿Por qué de pronto se siente tan frío?
Parece que saber hacerse bien es todo un desafío
Qué rabia me da el amor, voy a arrancármelo
Qué rabia me da el amor, voy a quedármelo
Prefiero lo tortuoso del ritual
Que lo decoroso de estar siempre igual
¿Habrá motivo para estar mal
O debo debo ser yo presintiendo el final?
No es eterno el carnaval si es etéreo lo carnal
Encontraremos algún otro canal para juntar el plexo
De fondo un saxo y queremo' sexo
Ahora recuerdo la primera vez que te reíste
Y las ganas que me dieron de que se me ocurra un chiste
¿Cómo van a convencerme de que la magia no existe?

Y no tengo pensado hundirme acá tirado
Y no tengo planeado morirme desangrado
Y no, oh-oh, no me pidas que no vuelva a intentar
Que las cosa' vuelvan a su lugar
Y no tengo pensado hundirme acá tirado
Y no tengo planeado morirme desangrado
Y no, oh-oh, no me pidas que no vuelva a intentar
Que las cosa' vuelvan a su lugar",0.41075223684310913,0.020437967032194138,0.042330194264650345,0.08948840945959091,0.31005504727363586,0.07283329218626022,0.054102908819913864,5,1,81.96,0.35,0.26
Wos,Terraza,"Quisiera sacar mi lado oscuro,
rapearte con mi parte de tipo duro,
pero no puedo, hoy me curo,
mato al parásito en mi cuero cabelludo.

Termino y te ayudo, es que todavía dudo
y, si la ansiedad me toma le hago una toma de judo,
lo que viene mal me lo tomo con jugo,
me meto en la bañera hasta que me arrugo.

Hoy será mejor que no baje,
con su carácter hizo que me relaje.
Hoy será mejor que no baje,
voy de cabeza pa’ que nadie me ataje.

Hoy sólo por primera vez diré que me
quemé por dentro cuando en serio me miré,
me sinceré, viré y ya no sé que quiero hacer,
al menos se lo que no quiero.

Ya no sé muy bien lo que me pasa,
encontré la llave y me olvidé dónde es mi casa,
creo que hace tiempo vivo en una carcasa, ah,
vamos a quemar a la terraza.
Y ya no sé muy bien nada, lo que me pasa,
encontré la llave y me olvidé dónde es mi casa,
creo que hace tiempo vivo en una carcasa, ah,
dame un abrazo y se me pasa.

Si no nos vemos por un tiempo,
recibo tus mensajes a través del viento,
quiero hacerle un masaje a mis pensamientos
para que se ablanden, no hablen en cualquier momento.

Tengo claro que eso es un entrenamiento,
si esta cultura te hace adicto al sufrimiento;
adicto a una fila de lamentos,
si saco el cuchillo es pa’ cortarlo en filamentos.

Hoy será mejor que no baje,
con su carácter hizo que me relaje.
Hoy será mejor que no baje,
voy de cabeza pa’ que nadie me ataje.

Y en cada borra del café veré que no perderé la fe,
volveré y, aunque sé que arderé en llamas,
resucitaré, una cita haré
y te citaré versos en medio de tu cama.

Ya no sé muy bien lo que me pasa,
encontré la llave y me olvidé dónde es mi casa,
creo que hace tiempo vivo en una carcasa, ah,
vamos a quemar a la terraza.
Y ya no sé muy bien nada, lo que me pasa,
encontré la llave y me olvidé dónde es mi casa,
creo que hace tiempo vivo en una carcasa, ah,
dame un abrazo y se me pasa.

Hoy bajo, superviso,
te escucho de verdad, yo no te analizo;
me cago en Freud, hoy me guían los astros,
y creo que hace rato no aterrizo.

Tantas cosas de mierda que las canalizo,
bailando con los guachos casi que pegado al piso,
borracho y esquizo, ¿Cómo es que lo hizo?
Es que así soy, lo drogado no me saca lo preciso.

Y llegan los míos haciendo fondo con el cáliz,
flacos y doblados parecemos origami.
Los lugares adonde voy, preguntan quién es que soy,
soy el mono más rabioso de todo el safari.

Ey, dale, vámonos que tengo sed,
ya no tengo nada para hacer, eh,
ey, en alguna vuelta te veré,
ya no tengo miedo de perder, eh.

Ya no sé muy bien lo que me pasa,
encontré la llave y me olvidé dónde es mi casa,
creo que hace tiempo vivo en una carcasa, ah,
vamos a quemar a la terraza.
Y ya no sé muy bien nada, lo que me pasa,
encontré la llave y me olvidé dónde es mi casa,
creo que hace tiempo vivo en una carcasa, ah,
dame un abrazo y se me pasa.",0.6432123780250549,0.01948227919638157,0.04091639816761017,0.072374626994133,0.11985122412443161,0.08169794082641602,0.0224651787430048,2,1,82.11,0.66,0.4
Wos,FRESCO,"Hoy nos vamos a escapar, pa' delante y sin mirar
Cuantas vueltas vamo' a dar, hasta encontrarnos de nuevo
Hoy nos vamos a escapar, pa' delante y sin mirar
Cuantas vueltas vamo' a dar, hasta encontrarnos de nuevo

Salgo con lo puesto, te ofrezco, o esto que es fresco, yaoh'
Sin mirar al resto, no es que no sea modesto
Pero ahora ya no me preocupa
Los gestos de los gile' que andan mirando con lupa, wow
Nosotros en la nuestra, goce y plenitud
Y vos fichando el estilo que trae mi crew
Vos no estas en mi club, te falta actitud
Estás mirando para ver como robarme el groove
Traje ron con limón, pa' cortar con estos día' grises
Si esta ciudad parece un congreso de infelices
El cemento caliente ya formó un desierto
El mundo es un manicomio pero a cielo abierto
Sale el sol, se baila malambo
Pintó calorcito, por eso traje unos mangos
Y eso de ahogar las penas lo hacemo' escabiando
Nunca nos sale bien, por eso terminan flotando

Miedo, tienen los que no caminan
Juego, a caerme para arriba
Fuego, para quemar tu mentira
Y no me preguntes lo que hice porque ya no sé
No quiero caer, hoy salgo a matar
No pienso volver, a quedarme atrá'
No me digas na', que voy para allá
Que voy para arriba y no pienso mirar

Hoy nos vamos a escapar, pa' delante y sin mirar
Cuantas vueltas vamo' a dar, hasta encontrarnos de nuevo
Hoy nos vamos a escapar, pa' delante y sin mirar
Cuantas vueltas vamo' a dar, hasta encontrarnos de nuevo

(No sé comó hacer para decirte que te vi
Y que senti, para decirte que)
Que ahora nada malo va a poder pasarte
Que encuentro algo lindo en esto de extrañarte
Siento que estás ahí, aunque no pueda hablarte
Tu calor me acompaña siempre va pa' todas parte'

Miedo, tienen los que no caminan
Juego, a caerme para arriba
Fuego, para quemar tu mentira
Y no me preguntes lo que hice porque ya no sé
No quiero caer, hoy salgo a matar
No pienso volver, a quedarme atrás
No me digas na', que voy para allá
Que voy para arriba y no pienso mirar

Pa' abajo, no estamo' picando el ajo
Muevo la cadera y se va to' al carajo, wow
El silbido del viento susurra que ya no podemos mirar
Pa' abajo, nena, nos costó trabajo
Moveme las caderas y se va to' al carajo, wow
El silbido del viento susurra al oído que ya no podemos mirar
Espero, entre la línea que hacen el mar y el cielo
Sereno, hay tiempo pa' que se nos derritan los hielo'",0.4374871551990509,0.1738349348306656,0.04964656010270119,0.026772884652018547,0.1328040212392807,0.009026396088302135,0.17042803764343262,0,0,108.06,0.81,0.81
NATHY PELUSO,BUENOS AIRES,"Me empieza a molestar que haga frío en la ciudad
No paro de apagar ese despertador
Cansada de esperar fumando sola en el balcón
Imaginando que alguien me viene a buscar

Conozco esa pesada sensación de soledad
Pero ¿a quién esperamos?
Melancolía barata en la televisión
¿A dónde va eso a lo que rezamos?

Esa noche me convertí en animal
Pude ser una aprendiz de esa ansiada libertad
Es domingo, no me quiero levantar
Suena el timbre, y allá fuera está lloviendo

Me empieza a molestar que haga frío en la ciudad
No paro de apagar ese despertador
Cansada de esperar fumando sola en el balcón
Imaginando que alguien me viene a buscar

Apagué el teléfono sin avisar
¿Para qué voy a pedir perdón?
Si al final todos buscamos escapar
Escucho que me llaman de afuera
Y no sé qué hacer

Me empieza a molestar que haga frío en la cuidad
No paro de apagar ese despertador
Cansada de esperar fumando sola en el balcón
Imaginando que alguien me viene a buscar

¿Qué pasará allá afuera?
Comencé a acostumbrarme a ese ruido de la vereda
Puedo rebobinar, y poner pausa a lo que suceda
Pero a las 3 de la mañana
Todos nos miramos cuando llueve en la ciudad",0.4129997789859772,0.0204110536724329,0.026000933721661568,0.09746889770030975,0.3164665699005127,0.06239552050828934,0.0642571747303009,5,0,85.0,0.57,0.59
NATHY PELUSO,VIVIR ASÍ ES MORIR DE AMOR,"Siempre me traiciona la razón
Y me domina el corazón
No sé luchar contra el amor
Hmm

Siempre me voy a enamorar de quién de mí no se enamora
Y es por eso que mi alma llora
Y ya no puedo más, ya no puedo más
Siempre se repite esa misma historia

Y ya no puedo más (ya no puedo)
Ya no puedo más (ya no puedo)
Estoy harta de rodar como una noria

Vivir así es morir de amor
Por amor, tengo el alma herida
Por amor, no quiero más vida que su vida
Melancolía

Vivir así es morir de amor
Soy mendiga de sus besos
Soy su amiga, pero yo quiero ser más que eso
Melancolía

¡Uh!

Siempre se apodera de mi ser
Mi serenidad se vuelve locura (se vuelve locura-cura)
Y me llena de amargura
Ah-ah

Siempre me voy a enamorar de quién de mí no se enamora
Y es por eso que mi alma llora
Y ya no puedo más, ya no puedo más
Siempre se repite la misma historia

Y ya no puedo más (ya no puedo)
Ya no puedo más (ya no puedo)
Harta de rodar como una noria
(Ya no puedo, ya no puedo, ya no puedo, ya no puedo)

¡Uh!

Vivir así es morir de amor
Por amor, tengo el alma herida
Por amor, no quiero más vida que su vida
Melancolía

Vivir así es morir de amor
Soy mendiga de sus besos
Soy su amiga, pero yo quiero ser más que eso
Melancolía

(Vivir así)
(Melancolía)
(Vivir así es)

Vivir así es morir de amor
Vivir así es morir de amor
Vivir así es morir de amor
Vivir así es morir de amor

(Vivir así es morir de amor)
(Vivir así es morir de amor)
(Vivir así es morir de amor)
(Vivir así)",0.47945424914360046,0.04408816620707512,0.06042271479964256,0.055022116750478745,0.1325708031654358,0.08250606060028076,0.14593596756458282,5,0,102.0,0.8,0.72
NATHY PELUSO,DELITO,"Todo lo que dije, eh-eh-eh-eh

Todo lo que dije, no me importa
Cuando me mira con esa maldad
¿No ve' que a mí no me asusta? Puedo ser injusta
Si vo' me venís a buscar, sabe' que no
Me someteré a la tentación
Nadie más hace que yo
Sienta esta química, tensión sexual

En la disco quiero tu mordisco, oh yes
Gateando la disco, oh yes, sir
Dame en la disco, oh yes
Dame en la disco, oh yes, sir

To the floor tan nasty que eres fanático
Bailando en la pista, sudando alcohol
Me 'tá perreando el corazón
Bailamo', que parece un delito
Junto' no' podríamo' condenar
Cometamo' una tragedia
Y si nos atrapan, para escapar
Tenemo' la excusa perfecta

A esta vida de crímen yo me someto
E' un tatuaje en mí, te lo prometo
Si esto e' condena, hagámoslo en secreto
Raspemo' las rodilla' en el cemento

En la disco quiero tu mordisco, oh yes
Gateando la disco, oh yes, sir
Dame en la disco, oh yes
Dame en la disco, oh yes, sir

To the floor tan nasty que eres fanático
Bailando en la pista, sudando alcohol
Me 'tá perreando el corazón
Bailamo', que parece un delito
Junto' no' podríamo' condenar (Oh-oh-oh, oh-oh)
Cometamo' una tragedia (Oh-oh-oh, oh-oh)
Y si nos atrapan, para escapar (Oh-oh-oh, oh-oh)
Tenemo' la excusa perfecta

Sí, soy presa de esta mala decisión
Con la navaja al corazón
No puedo ya más curarlo ahora
Somos un asesinato a la razón (Oh-oh)
Yo me quedaré hasta que vos no
Puedas ya más soltarme, yeah-eh-eh, oh (Oh-oh)

En la disco quiero tu mordisco, oh yes
Gateando la disco, oh yes, sir
Dame en la disco, oh yes
Dame en la disco, oh yes, sir

To the floor tan nasty que eres fanático
Bailando en la pista, sudando alcohol
Me 'tá perreando el corazón
Bailamo', que parece un delito

Todo lo que dije, todo lo que dije
To-Todo lo que dije, todo lo—todo lo—
Todo lo que dije, todo lo que dije
To-Todo lo que dije, todo lo—todo lo—
Bailamo', que parece un delito
Bailamo', que parece un delito
Bailamo', que parece un delito
Bailamo', que—bailamo', que—
Bailamo', que parece un delito
Bailamo'-Bailamo'-Bailamo'-Bai—
Bailamo', que parece un delito
Bailamo'-Bailamo'-Bailamo'-Ba—, wuh",0.13799606263637543,0.029668664559721947,0.07377463579177856,0.07393167912960052,0.4710799753665924,0.1768971085548401,0.03665189445018768,7,0,82.61,0.51,0.65
NATHY PELUSO,MAFIOSA,"Cu-cu-cu-cu-cu-cu

No cualquiera se me acerca, yo lo sé
Dicen que hay que tener agallas pa' comerme
Que hay tener el cuerpo para aguantarme
¿Cómo es que uste' sabe tanto de mí?
Dale jura que jura
Si pongo mano' en el fuego por ti, me las quemo segura (¡Ah!)
Se rumorea que hay dos clase' de pendejo'
El que habla por la espalda y el que se mira al espejo (Jaja)
Y yo le pregunto al cielo si algún día alguno se atreverá
Si tanto miedo me tienen, ahora témanme de verdad

Voy a ser mafiosa, la maravillosa
Que me teman los hombres malos
Cuando yo llego en mi carro
Los man se desesperan
Se asustan y aceleran (Wuh-uh-uh)

Si se le ocurre que está a la altura, pues uste' mándeme un email
¿Qué mierda le pasa a los hombres cuando se trata de una mujer?
Tengo mis conviccione', no tengo amore', tampoco herencia' (Prru)
Me la paso en avione', pero a la noche quiero calor (¡Eh!)
Llamo a los celulare' de eso' nenes arrepentidos (Oh, oh-oh, oh-oh)
Todos tienen excusas para pasar inadvertidos (Oh, oh-oh, oh-oh)
¿Acaso están asusta'os? Yo ya no me lo puedo creer
Al menos haría plata si diera miedo a los del poder

Voy a ser mafiosa, la maravillosa
Que me teman los hombres malos
Cuando yo llego en mi carro
Los man se desesperan
Se asustan y aceleran (Wuh-uh-uh)
¡Ay, Dio' mío!
Cu-cu-cu-cu-cu-cu
¡Brrum, brrum!

Y nene, ahora voy sin maquillaje
Y por la calle me dicen que soy la belicosa
La má' peligrosa
Voy a ser mafiosa, la maravillosa
Voy a ser mafiosa
La má' peligrosa del lugar
¡Te amo, Gloria!
Peluso, ¿qué pasó, que está tan peligrosa?
¿Acaso le tienen miedo a la' mujere' poderosa'?

Tengan cuida'o (¡Ay!)
A mí la noche me vistió
De mafiosa pa' trabajar
Ya no soy la mujer que yo era
Tengan cuida'o
Bajo la—, bajo la luna me llaman ""criminal""
De maleante la van a acusar
Romance, cuchillo y dinero
Tengan cuida'o
Ajá, mujer con hambre de poder
De mafiosa (Poderosa) pa' trabajar
Ya no pido perdón ni permiso
Tengan cuida'o (Mira)
Me dispararon en el corazón
Y ahora dicen que soy
La mafiosa, ¡ah!",0.22944769263267517,0.08331834524869919,0.054516762495040894,0.1286155730485916,0.34689614176750183,0.04160388186573982,0.11560162901878357,1,1,180.08,0.67,0.85
NATHY PELUSO,SANA SANA,"Ladies

I've got the strength to break the head
Bring me the sharp knife
Argentine like Mercedes Sosa
You know that I am the dangerous woman
I know how to speak to my bitch
I know how to cut the hashish
If I show it to you, the police will show up
If I squat, you'll feel my clitoris

Look, how elegant, seen, Prada with hair rollers
Turned into gasoline to set the skin on fire
To lie to me, study up on it first
Grab me here, come, get with the program, asshole

And if the IMF gets to me
If thеy think they're going to eat from my soup
Hip with thе hip, with the hip-hip-hop
Hip with the hip, with the hip-hip-hop

Heal-eal-eal-eal-eal-eal-eal
Heal-eal-eal-eal-eal-eal-eal
Heal-eal-eal-eal-eal-eal-eal
Heal-eal-eal-eal-eal-eal

It's the champion sound
It's the champion sound (Ladies)
It's the champion sound
It's the champion sound

Look, how elegant, seen, Prada with hair rollers (Rollers)
Turned into gasoline to set the skin on fire
To lie to me, study up on it first
Grab me here, come, get with the program, asshole

And if the IMF gets to me
If they think they're going to eat from my soup
Hip with the hip, with the hip-hip-hop
Hip with the hip, with the hip-hip-hop
And if the IMF gets to me
If they think they're going to eat from my soup
Hip with the hip, with the hip-hip-hop
Hip with the hip, with the hip-hip-hop

Heal-eal-eal-eal-eal-eal-eal (Hip-hop)
Heal-eal-eal-eal-eal-eal-eal
Heal-eal-eal-eal-eal-eal-eal
Heal-eal-eal-eal-eal-eal

I know how to speak to my bitch
I know how to cut the hashish
If I show it to you, the police will show up
If I squat, you'll feel my clitoris

And if the IMF gets to me
If they think they're going to eat from my soup
Hip with the hip, with the hip-hip-hop
Hip with the hip, with the hip-hip-hop
And if the IMF gets to me
If they think they're going to eat from my soup
Hip with the hip, with the hip-hip-hop
Hip with the hip, with the hip-hip-hop

Heal-eal-eal-eal-eal-eal-eal (Hip-hop)
Heal-eal-eal-eal-eal-eal-eal (Hip-hop)
Heal-eal-eal-eal-eal-eal-eal (Hip-hop)
Heal-eal-eal-eal-eal-eal (Hip-hip)

It's the champion sound
It's the champion sound (Ladies)
It's the champion sound
It's the champion sound",0.07151902467012405,0.005714740138500929,0.007768032606691122,0.6640844941139221,0.18458683788776398,0.060613181442022324,0.005713541526347399,2,1,168.71,0.73,0.47
NATHY PELUSO,TODO ROTO,"Levántate perra, no hay tiempo
Si te duele, curita

Todo roto
De mis moves tengo yo el control remoto
Vos no me vas a decir a quién se lo reboto
Me caí, me raspé, escupí, te putié
Y aunque me costó me levanté
Con todo roto

'Todo roto, stop'
(¡Maderfaka!)

Vida loca, to' los días busy
Más misiones, desbloqueé el jacuzzi
Quiero vitamina, no la vita C
Le gané a la muerte como Vico C

Okey, siempre voy a ser yo
Con estas cicatrices
Voy a jugar a Dios
Hasta que alguien me avise

Modo maderfaka
Hay que hacer más plata
Si no te gustan las reglas
Ahí está la faca

Ya me lo dijo una bruja
Vas a tocar en River
Me teñí de rubio puta
Me siento Justin Bieber

Todo roto
De mis moves tengo yo el control remoto
Vos no me vas a decir a quién se lo reboto
Me caí, me raspé, escupí, te putié
Y aunque me costó me levanté con todo roto

Destrucción total
Siempre busco chocar
Velocidad letal
Por suerte la puedo contar, soy barro
Estoy doblando el metal
Roto como un cristal
Guarda que puedo cortarte
Rompo para hacer arte
Si rompí no pienso pagar, na

Si juego me prenden fuego como a Juana
Una oveja negra, me quieren sacar lana

Control Z, lo deshago
Estoy roto, estoy vago
Saben que ni me busqué
Me perdí, me encontraron

Todo roto
De mis moves tengo yo el control remoto
Vos no me vas a decir a quién se lo reboto
Me caí, me raspé, escupí, te putié
Y aunque me costó me levanté
Con todo roto

'Todo roto'

Rota como si se partiera la Torre Eiffel ('flash')
Rota como cuando Frankie canta 'Tú con él'
Estoy rota pero estoy buena primero
Y a lo roto le pongo grasa y lo recupero

El 'Corashe' arriba de la mesa
Ahora sé cómo cortar la milanesa
Re violento like american belleza
Y aunque siento que estoy rota me miro al espejo y soy

Fuerte como Brad peleando en el Club de la Lucha
Como Kanye cuando se sube la capucha
Tengo la mala educación y de mala mucha
Como Hitchcock cuando entra en la ducha

Todo roto
De mis moves tengo yo el control remoto
Vos no me vas a decir a quién se lo reboto
Me caí, me raspé, escupí, te putié
Y aunque me costó me levanté
Con todo roto",0.09912330657243729,0.020317889750003815,0.03756057471036911,0.34332871437072754,0.45457762479782104,0.01846631057560444,0.02662564441561699,1,0,143.97,0.69,0.58
NATHY PELUSO,BUSINESS WOMAN,"Mira, nene, óyeme
Don't play with my ass
'Cause if you play with my ass
You will quemarte

Me llaman porque soy una business woman
Tengo negocios que dirigir yo sola
Hago guita desde que nací bien piola
Me llaman porque soy una business woman

Pura amenaza mira
Cómo se lo tira la nenaza
Todos los pibes
Se rajaron de la plaza
Flaco bórrate esa cara de caballito
Después de probarme te quedaste derechito
Soy una nena mala, una droga asesina
Me brillan las tetas
Me queres de vecina
Me gusta el boxeo, la baba, la rabia
Vamos a pegarnos sin los guantes
Sexo sucio
Caro carísimo
Mira cómo se te caen
Los billetes sin tocarme
Soñaste conmigo
Quién cojones eres tú
Nadie te pidió permiso
Veo tu cara aplastada
De gusto en el piso, bitch

Me llaman porque soy una business woman
Tengo negocios que dirigir yo sola
Hago guita desde que nací bien piola
Me llaman porque soy una business woman

Tengo boca jugosa
Y la mente dura
Soy una bicha sabia
Mi saliva es pura
Una coco tibia
Mira mi estatura
Muevo money hasta cuando me hacen la manicura

Si queres durazno
Aguanta la pelusa
No quieres que te guste
Porque soy dirty sucia
Te la puse tiesa con mi ritmo, con mi astucia
Soy cabrona poniéndote el culo en la cara, eh?
No te avergüences, tengo poder
Hago lo que quiero, carajo
Hago la ley
Me pone mi trabajo
Te tengo en la cocina arrodillado moliendo ajo, ay
Soy el diablo si quiero
Un ángel del cielo
Ay cariño ¿qué tomaste?
Todito mi juguito calentito te tragaste
Mucho peso sobre mis hombros, mucho drama
Mírame a los ojos, chúpame como a una fucking dama

Me llaman porque soy una business woman (I'm-I'm-I'm a business woman)
Tengo negocios que dirigir yo sola (I'm-I'm-I'm a business woman)
Hago guita desde que nací bien piola (I'm-I'm-I'm a business woman)
Me llaman porque soy una business woman (I'm-I'm-I'm a business woman)

I'm business woman in a business world
Cuidado que soy picante
Y esto me da calor (I'm-I'm-I'm a business woman)
I'm business woman in a business world
No tengo tiempo y toda tu guita la manejo yo
I'm business uh in a business world
Cuidado que soy picante
Y esto me da — mm
I'm business woman in a business world
No tengo tiempo y toda tu guita la manejo yo

La hechicera del mambo
Te vino a cabalgar
Sólo al rapear mis barras
Ay te puedo yo matar
Tengo las piernas mojaitas
No las consigo secar
Ay ya me estaba calentando
De tanto laburar
Soy voluminosa latina letal y sugerente soy nena peligrosa
Y voy directo a tu mente
Pregúntate cuánto odias
Cuánto amas
No vine a dar lección
No vine a hacer tu cama
Te vi rezándole a papá en el suelo
Ay qué miedo da la oscuridad
Cuando me lo hagas tírame del pelo rindo con agua porque puedo
Yo corto el roquefort
Si queres comer vení que yo tengo el tenedor",0.2592026889324188,0.03236723318696022,0.032715436071157455,0.3283151090145111,0.09577915817499161,0.22468233108520508,0.0269380621612072,5,1,82.93,0.68,0.73
NATHY PELUSO,APRENDER A AMAR,"No me meto, no me meto, pero sí me meto a la política
No me siguen, no me reconocen porque siempre llevo peluquita
No soy débil, no soy evidente, soy una pendeja casi clásica
Gente que tiene money, gente pelotuda, tiene mucha guita

Cuando el dueño viene a la cocina, sabe que yo soy la que mejor amasa
Hace tiempo que no vuelvo a casa, ¿qué miras, pendejo? ¿Qué pinga te pasa?
Todo en esta vida cuesta money, cuesta minutero, cuesta vaselina
Nada bueno salió de apurarse, nada se consigue sin la disciplina

Mucho lujo, pero de segunda
Mucha labia, pero se te inunda
Mucha labia, mucha milanesa
Mucho paco y poca mayonesa
Muchas risas, muchas bendiciones
Pero nadie cumple ninguna promesa

Tienes que aprender a amarte
Tienes que aprender a amarte, perra
Tienes que aprender a amarte
Tienes que aprender

Me pongo joya para salir en la foto
Derrapo bici con el casco de la moto
Capítulo 40 no necesita piloto
La capital pelea y se avecina un terremoto

Mamarracho, quémate en el cenicero
Qué pistacho, todo aquí vale dinero
Pero ¿cómo va a salir 9 lucas, boludo?

Aunque le ponga azúcar a la política, tiene sabor a cemento
Todos queremos la revolución, pero ¿quién le dedica un momento?
""Para odiar, hay que querer"", dijo el Pity
Toca atravesar la calentura de la city

Tienes que aprender a amarte
Tienes que aprender a amarte, perra
Tienes que aprender
Tienes que aprender a amarte",0.47254273295402527,0.011153536848723888,0.018494127318263054,0.18011239171028137,0.16096965968608856,0.0980445146560669,0.058682993054389954,1,1,107.9,0.58,0.44
Miranda!,Don,"Quiero saber que me pasa, te pregunto, que me pasa?
Y no sabes que contestarme por que claro de seguro te marié.
Con mis idas y vueltas, te canse con mi cámara lenta.
Y aunque trato nunca puedo apurar mi decisión.

En el preciso momento en que todo va cambiando para mi.
En ese instante, te aseguro, que alguna señal te di.
Pero no me escuchaste, tal vez sin intención de tu parte.
Puede ser un poco débil el sonido de mi voz.

Hoy, una mañana te veré llegar.
Y descubriré que yo solo ya no estoy mejor.
Y te pediré que me acompañes.
Adonde en verdad no se, dime que si, ""miénteme""
Podría ser que al final rompiste el cristal en mi.
Podría pasar que me hagas hablar.
Yo creo que tienes el DON de curar este mal.

Siento que debo encontrarte y sin embargo paso el tiempo yéndome.
Hacia mi mismo, a mi centro que jamás encontrare.
Yo quisiera tenerte y tratarte de un modo decente.
Pero ves que ya no puedo despegar de mi papel

Debo de tranquilizarme y jugar al juego que me prepones.
Bajo la guardia, te recibo y me abrigo de tu piel.
El destino me ha hablado, corazones desequilibrados.
Tu palabra me nivela y detiene mi caer.

Hoy, una mañana te veré llegar.
Y descubriré que yo solo ya no estoy mejor.
Y te pediré que me acompañes.
Adonde en verdad no se, dime que si, ""miénteme""
Podría ser que al final rompiste el cristal en mi.
Podría pasar que me hagas hablar.
Yo creo que tienes el DON de curar este mal.

Eso solo, es la guitarra de Lolo.

Podría ser que al final, rompiste el cristal en mi.
Abriste mi piel que estaba tan mal.
Quebraste el silencio que me hizo alejar.
""Quizás seas tu quien me haga regresar""
Intuyo que sabes la forma mejor,
Y tienes el DON que requiere curar este mal.",0.6134731769561768,0.014708826318383217,0.027341365814208984,0.10438027232885361,0.09945405274629593,0.10947214812040329,0.031170086935162544,6,1,119.96,0.74,0.95
Miranda!,Perfecta,"Tan pronto yo te vi
No pude descubrir
El amor a primera vista no funciona en mí
Después de amarte comprendí
Que no estaría tan mal
Robar tu otra mitad
No me importó si arruinaríamos nuestra amistad
No me importó, ya que más da

Éramos tan buenos amigos hasta hoy
Que yo probé tu desempeño en el amor
Me aproveché de que habíamos tomado tanto
Fuiste dejando y te agarré
A pesar de saber que estaba todo mal
Lo continuamos hasta juntos terminar
Cuando caímos en lo que estaba pasando
Seguí besándote

Solo tú, no necesito más
Te adoraría lo que dura la eternidad
Debes ser perfecta para
Perfecto para
Perfecta para mi, mi amor
Como fue que de papel cambié
Eres mi amiga y ahora eres mi mujer
Debes ser perfectamente
Exactamente
Lo que yo siempre soñé

El tiempo que paso
Resultó aún mejor
Nos conocíamos de antes y sabíamos
Lo que queríamos los dos
Entonces el amor
Nos tiene de revés
Seré tu eterna enamorada, te aseguro que
Todas las noches te amaré

Éramos tan buenos amigos hasta hoy
Que yo probé tu desempeño en el amor
Me aproveché de que habíamos tomado tanto
Fuiste dejando y te agarré
A pesar de saber que estaba todo mal
Lo continuamos hasta juntos terminar
Cuando caímos en lo que estaba pasando
Seguí besándote

Solo tú, no necesito más
Te adoraría lo que dura la eternidad
Debes ser perfecta para
Perfecto para
Perfecta para mi, mi amor
Como fue que de papel cambié
Eres mi amiga y ahora eres mi mujer
Debes ser perfectamente
Exactamente
Lo que yo siempre soñé (x3)",0.41007155179977417,0.06394824385643005,0.060366809368133545,0.1191612184047699,0.21856074035167694,0.08266355097293854,0.045227985829114914,0,1,169.94,0.73,0.84
Miranda!,Tu Misterioso Alguien,"Hay alguien en tu vida que esta transformandote.
Hay alguien que ha cambiado en ti la forma en que te ves.
Hay alguien nuevo que se aparecio
y que tu corazon robo.
Ya lo se.
Solo dime quien es?

Quien Es Tu nuevo amor?
Tu nueva ocupacion?
Tu misterioso Alguien
A quien has ocultado de mi todo el tiempo
para no matarme.

Quien es tu seductor?
Tu rey y tu peon?
Quien ocupo el lugar que siempre ocupe yo?
Tu misterioso alguien
Me robo.

Ahora te despiertas y preparas un café
Desde que me he enterado yo no puedo ni comer.
Cariño, no soporto estar sin ti,
pero parece que tu si.
Quien es el?
Dime, lo matare!

Quien Es Tu nuevo amor?
Tu nueva ocupacion?
Tu misterioso Alguien
A quien has ocultado de mi todo el tiempo
para no matarme.

Quien es tu seductor?
Tu rey y tu peon?
Quien ocupo el lugar que siempre ocupe yo?
Tu misterioso alguien
Me robo.

(Quiero saber quien es)
Y no me animo a preguntarte por el
porque seria peor.
(A veces es mejor)
Dejar todo correr.
Quien es tu nuevo amor?
a quien has ocultado.

Quien es tu seductor?
Tu rey y tu peon?
Quien ocupo el lugar que siempre ocupe yo?
Tu misterioso alguien
Me robo.

Tu misterioso alguien
Me robo.

(Gracias a Laura por esta letra)",0.6601725816726685,0.007239974103868008,0.01780061423778534,0.054357293993234634,0.08682217448949814,0.056552015244960785,0.11705536395311356,5,1,115.99,0.79,0.68
Miranda!,Traición,"Tan grande es el miedo que yo siento cuando te vas
Temo que no vuelvas más pero siempre regresarás
Muchas dudas que no me dejan en paz
Adoro estar junto a ti pero a veces me cansas
Brotan mil preguntas con respecto a nosotros dos
Odio hacer balance de si estamos mejor o no
Cada cosa nueva no es nueva y ya se probó
Todo se volvió lineal y así no lo quiero yo
Eso siento y no sé si decírtelo
Conozco lo mal, conozco lo vil
conozco lo horrible que te hice sentir
Me apena que este que este saliendo al revés
pero sin embargo me quedo
podrías decir con todo razón que fue demasiado tiempo que yo
tarde para hablarte, que te traicione
Quiero que me mires y que me digas la verdad
¿Hace cuanto tiempo ya que lo hacemos todo igual?
En un punto yo siento que te engañe
pero creo, corazón, que no me arrepentiré
Para eso hubiera sido mejor
ser un poco prudente con nuestro amor
Conozco lo mal, conozco lo vil
conozco lo horrible que te hice sentir
Me apena que este que este saliendo al revés
pero sin embargo me quedo
podrías decir con todo razón que fue demasiado tiempo que yo
tarde para hablarte, que te traicione
Que te traicioné, que obré sin pensar
que eras vulnerable tal vez por demás
Imbécil de mi, que no percibí que estaba metido adentro de ti
Te juro por dios que nunca busqué haber provocado
el mal que te causé
Ahora cambié, ahora ya se y todo termina
Conozco lo mal, conozco lo vil
conozco lo horrible que te hice sentir
Me apena que este que este saliendo al revés
pero sin embargo me quedo
podrías decir con todo razón que fue demasiado tiempo que yo
tarde para hablarte, que te traicione.",0.014945588074624538,0.0068428535014390945,0.031392838805913925,0.028502997010946274,0.8548710942268372,0.055647458881139755,0.00779714435338974,9,0,132.0,0.89,0.84
Miranda!,Yo te diré,"Bésame
tan extraño es
tienes el sabor
de lo equivocado
Debe ser
que desde hace un mes
todo entre los dos
se nos ha mezclado
Y ahora es como si recién te conociera.
Eres fresca y en el viento
te haces brisa cuando llegas
Yo te diré lo que podemos hacer
amémonos a escondidas, nena
Estemos dónde nadie esté
Hagamos de nuestro amor
el secreto más profundo
aunque lo cante todo el mundo
y qué!!!!
Nunca lo podrán saber
pongamos mucho cuidado
en lo que hacemos
y delante de quién
Es solo cuestión de ver
y hablando como si nada
que nos escapemos te propondré
Como ves
lo que sucedió
aunque haga que no
me está preocupando
Y a la vez
verte sonreír
tu sonrisa en mil
siempre te distingue
El placer de hacer exacto lo incorrecto
La paródica alegría de oponernos ante el resto
Yo te diré lo que podemos hacer
amémonos a escondidas, nena
Estemos dónde nadie esté
Hagamos de nuestro amor
el secreto más profundo
aunque lo cante todo el mundo
y qué!!!!
Nunca lo podrán saber
pongamos mucho cuidado
en lo que hacemos
y delante de quién
Es solo cuestión de ver
y hablando como si nada
que nos escapemos te propondré.",0.37984251976013184,0.047653112560510635,0.055379267781972885,0.14375010132789612,0.2157468944787979,0.06778882443904877,0.08983927965164185,11,0,127.02,0.98,0.94
Miranda!,Hola,"Hola que tal como te va
que frase mas vulgar
con la que me voy a presentar

Cual mano le toco el bombom
yo sé que estas ahi
y de una otra forma
seguro te vas acercar a mí

Quiero conocerte
cambiarías un poquito de mi suerte
sigue la corriente
el instinto de tu piel nunca te miente

El dico de mi mente
se resiente con tu corazón
el disco de tu corazón
el disco de tu corazón
no ves que es necesario
terminar en una habitación
invítame a tu habitación

Si no tiene nada que ver
por dios discúlpame
no se ni como tuve tu fe
de proponermelo de hacer
a la primera vez
tan facil es decirlo
que no va ser tan facil de seder

Quiero conocerte
cambiarías un poquito de mi suerte
sigue la corriente
el instinto de tu piel nunca te miente

El dico de mi mente
se resiente con tu corazón
el disco de tu corazón
el disco de tu corazón
no ves que es necesario
terminar en una habitación
invítame a tu habitación

Pasemos a lo bueno
desaste de tu ropa
y dime
muñeca te lo ruego
agitame la boca
y dime

Quiero conocerte
cambiarías un poquito de mi suerte
sigue la corriente
el instinto de tu piel nunca te miente

El disco de tu corazón
el disco de tu corazón

invitame a tu habitación ya!

el disco de tu corazón
el disco de tu corazón
el disco de tu corazón
el disco de tu corazón
el disco de tu corazón
el disco de tu corazón
el disco de tu corazón
el disco de tu corazón

pasemos a lo bueno
desaste de tu ropa
y dime
muñeca te lo ruego
agitame la boca
y dime
pasemos a lo bueno

(Gracias a Fanny por esta letra)",0.07494252920150757,0.0865464136004448,0.035645827651023865,0.18703420460224152,0.06067585572600365,0.5319064855575562,0.023248709738254547,7,0,121.01,0.74,0.96
Miranda!,Mentía,"Digámoslo, que se sienta en la piel,
Aquella noche nada salió muy bien.
Quisiste dar un paseo con él,
Que mala idea hacerlo donde yo esté.

No nos tenemos ni un poco de amor
Y sin embargo esto no se terminó.
Y ahora pasamos de mal a peor,
Y si hoy te veo con él, los mato a los dos.

Es un decir, no es literal,
Pero quisiera hacerlo en realidad,
Lo celos ya son para mi algo difícil de llevar.

Mentía cuando te decía quédate tranquila, corazón,
Nos separaremos en términos buenos,
Vuelvo con mi vida, soy buen perdedor.

Y ahora te sigo a toda hora,
Tengo que saber con quien estás,
No es nada positivo y se vuelve adictivo,
Y yo pensé que a mi no me podía pasar.

Quiero tenerte conmigo otra vez, y si te tengo,
Se que te dejaré, hay algo en ti que nunca aguantaré
Y es eso mismo lo que me hace volver.

Quisiera verte y parar de pensar
con quien estuviste la noche anterior,
ya tengo que poder disimular,
verte con otro y no tratarte peor.

Como lo ves nada cambio,
Desde ese día que nos separó
Te seguiré, me humillaré,
Por el momento es lo que haré.",0.4182295501232147,0.03946678712964058,0.05745327100157738,0.07283321768045425,0.20598146319389343,0.18775218725204468,0.018283607438206673,11,1,132.01,0.74,0.96
Dorian,La tormenta de arena,"Te he perdido entre la gente,
te he adorado y te he odiado,
y en el fondo sabes bien
que en los peores momentos
llevas dentro un ángel negro
que nos hunden a los dos.

Y cuando llega el nuevo día
me juras que cambiarías y
pero vuelves a caer.
Te dolerá todo el cuerpo,
me buscarás en el infierno
porque soy igual que tu.

Todo lo que siento por ti
solo podría decirlo así.
Todo lo que siento por ti
solo sabría decirlo así.

Para viajar a otros planetas
por corrientes circulares
te di una cápsula especial.
Pero ahora tu cabeza
es una tormenta de arena
y cada noche una espiral.

Y cuando llega el nuevo día
me juras que cambiarías y
pero vuelves a caer.
Te dolerá todo el cuerpo,
me buscarás en el infierno
porque soy igual que tu.

Todo lo que siento por ti
solo podría decirlo así.
Todo lo que siento por ti
solo sabría decirlo así.

Todo lo que siento por ti
solo podría decirlo así.
Todo lo que siento por ti
solo sabría decirlo así.

Todo lo que siento por ti
solo podría decirlo así.
Todo lo que siento por ti
solo sabría decirlo así.

(Gracias a Lucía por esta letra)",0.3039889335632324,0.013014574535191059,0.05528748407959938,0.17629599571228027,0.18442393839359283,0.25846728682518005,0.008521796204149723,6,0,127.98,0.8,0.55
Dorian,Cualquier otra parte,"Ver,
que ya no piensas en mi
que ya no crees en la gente
que tomas pastillas rosas
y te has vuelto nihilista
y sueñas con no soñar
entraria en tú luz
con una canción sencilla
tres notas y una bandera
tan blanca como el corazón
que late en tu cuerpo de niña.

Estaria tan lejos de ti
que ya no recuerdo el momento
en que te dije por última vez
que el cielo se estaba abriendo
y se abre bajo tus pies
y quiero que vengas conmigo
a cualquier otra parte (x8)

Ver,
que no sabes decir que no
que vivo en pisos oscuros
y tengo dos mil razones
para olvidarme de todo
y no pensar más que en tu voz
entraria en tu luz
con una canción sencilla
tres notas y una bandera
tan blanca como el corazón
que late en tu cuerpo de niña.

Estaria tan lejos de ti
que ya no recuerdo el momento
en que te dije por última vez
que el cielo se estaba abriendo
y se abre bajo tus pies
y quiero que vengas conmigo
a cualquier otra parte (x8)

A cualquier otra parte (x8)",0.48615118861198425,0.02670874446630478,0.19110816717147827,0.07255382835865021,0.1364487260580063,0.051768772304058075,0.03526051342487335,7,1,158.93,0.79,0.8
Dorian,A cualquier otra parte,"Ver
Que ya no piensas en mí
Que ya no crees en la gente
Que tomas pastillas rosas
Y te has vuelto nihilista
Y sueñas con no soñar
Entraría en tú luz
Con una canción sencilla
Tres notas y una bandera
Tan blanca como el corazón
Que late en tu cuerpo de niña

Estaría tan lejos de ti
Que ya no recuerdo el momento
En que te dije por última vez
Que el cielo se estaba abriendo
Y se abre bajo tus pies
Y quiero que vengas conmigo

A cualquier otra parte

Ver
Que no sabes decir que no
Que vivo en pisos oscuros
Y tengo dos mil razones
Para olvidarme de todo
Y no pensar más que en tu voz
Entraría en tu luz
Con una canción sencilla
Tres notas y una bandera
Tan blanca como el corazón
Que late en tu cuerpo de niña

Estaría tan lejos de ti
Que ya no recuerdo el momento
En que te dije por última vez
Que el cielo se estaba abriendo
Y se abre bajo tus pies
Y quiero que vengas conmigo

A cualquier otra parte
A cualquier otra parte
A cualquier otra parte",0.33627668023109436,0.020306620746850967,0.1587194800376892,0.09062996506690979,0.2879267930984497,0.0619300976395607,0.044210344552993774,7,1,158.93,0.79,0.8
Dorian,Los Amigos Que Perdí,"Salí en busca del tiempo perdido,
Siguiendo el rastro de un amanecer
Y me junté con gente sin medida
De la que nadie quiere conocer.

Un loco me dio clases de estricnina,
Un escritor me habló de mal de honor,
Un juez me absolvió de mi rutina
Y una flor me extirpó el dolor.

Si quieres verme vas a tener que explorar,
Esos desiertos que no puedo abandonar.
Abrí una puerta que se cerró tras de mí
Y no me duelen los amigos que perdí.

Me especialicé en noches suicidas
Justo el día en que la conocí
Y confundí molinos con gigantes
Después de una semana sin dormir.

Si quieres verme vas a tener que explorar
Esos desiertos que no puedo abandonar.
Abrí una puerta que se cerró tras de mí,
Y no me duelen los amigos que perdí.

El miedo es un cuchillo afilado,
La venganza una flecha clavada,
No hay nada más inútil que el odio,
No hay nada más doloroso que el rencor.

Trato de salir de mi mente,
Me esfuerzo por desaprender,
Recorro el camino inverso,
Busco el origen,
Busco algo ahí fuera.

Si quieres verme vas a tener que venir
A unos lugares que no puedo describir,
Abrí una puerta que se cerró tras de mí,
Y no me duelen los amigos que perdí.

Si quieres verme vas a tener que asumir
Que hay ciertas cosas que me alejarán de ti.
Abrí una puerta que se cerró cuando huí
Y he olvidado a los amigos que perdí.",0.35504063963890076,0.030901502817869186,0.06316641718149185,0.14170987904071808,0.24071913957595825,0.15514150261878967,0.013320920057594776,5,1,93.98,0.7,0.53
Dorian,Verte amanecer,"Yo que lo hago todo al revés,
llevaba tanto tiempo buscándote ,
que me perdí sin querer...
Tu que nunca quisiste crecer,
escuchas discos raros al amanecer,
en pisos de diablos.
Para qué creer en Dios,
Si él no cree en nosotros,
Yo que encontré mi lugar,
En el color de tus ojos,
Y en el fondo todo lo que quiero,
es verte amanecer.
En el fondo todo lo que quiero,
es verte amanecer.
Yo que lo hago todo al revés,
tengo un agujero en el bolsillo
y sal de mar en la piel.
Para qué creer en Dios,
Si él no cree en nosotros,
Yo que encontré mi lugar,
En el color de tus ojos,
en el fondo todo lo que quiero,
es verte amanecer.
En el fondo todo lo que quiero,
es verte amanecer.
Para qué creer en Dios,
Si él no cree en nosotros,
Yo que encontré mi lugar,
En el color de tus ojos,
en el fondo todo lo que quiero
es verte amanecer

(Gracias a Juan Pedro por esta letra)",0.5639321208000183,0.02682904526591301,0.06601373851299286,0.07658363878726959,0.1126512885093689,0.12437635660171509,0.029613863676786423,1,1,155.01,0.95,0.73
Dorian,Paraísos artificiales,"Como todos los incautos, llevo el signo de Caín
y si alguien te hace daño sabré hacerle sufrir.
Tengo un mapa del abismo
escrito en una canción
y un agujero negro abierto en el corazón.

Pero cuando tú apareces
se desvanece el dolor y no necesito a nadie porque sé,
que como todas las noches nos perderemos los dos
buscando algún paraíso artificial.

Sé que ésta noche mi mente
es más ligera que el aire,
con todo lo que he tomado podría fundir el sol.
Para que no me recuerdes que he perdido el control
llevo siempre un libro encima coartada de este horror.

Pero cuando tú apareces
se desvanece el dolor y no necesito a nadie porque sé,
que como todas las noches nos perderemos los dos
buscando algún paraíso artificial.

Ando siempre con extraños,
la corriente lleva al mar y me iría con cualquiera
de aquí a la eternidad.
Si el verano fue una playa, el invierno fue un cuartel
pero la vida no engaña todo es la misma piel.

Y eso que cuando apareces
se desvanece el dolor y no necesito a nadie porque sé,
que como todas las noches nos perderemos los dos
buscando algún paraíso artificial.

Como podría alcanzarte, para ser igual que tú
si he vivido siempre al este del edén.
Si como todas las noches nos perderemos los dos,
buscando algún paraíso sin cerrar.",0.011795001104474068,0.0022163030225783587,0.006690555717796087,0.005661414470523596,0.9505162239074707,0.017630070447921753,0.005490371026098728,11,0,149.98,0.93,0.86
Belanova,Rosa Pastel,"Sí yo quería ser esa mujer
la madre de tus hijos
y juntos caminar hacia el altar
directo hacia la muerte
y al final ni hablar
los dos nos destruimos
y al final qué tal
tu y yo ya no existimos

No, No quiero ser esa mujer
ella se fue a un abismo
y tú
no eres aquel que prometió
seria mi súper héroe, y que
todo acabo, no queda más
seremos dos extraños, yo
te olvidaré, me olvidaras
hasta nunca.

Y dónde quedo , ese botón
que lleva a la felicidad
luna de miel, rosa pastel
clichés y tonterías
y al final ni hablar
los dos nos destruimos
y al final qué tal
tú y yo ya no existimos

No, No quiero ser esa mujer
ella se fue a un abismo
y tú
no eres aquel que prometió
seria mi súper héroe, y que
todo acabo, no queda mas
seremos dos extraños, yo
te olvidare, me olvidaras
hasta nunca.
Ta..ta..ta",0.4868934750556946,0.04517035186290741,0.09437333792448044,0.08118729293346405,0.1454363316297531,0.09192647784948349,0.05501266568899155,11,0,128.0,0.61,0.61
Belanova,Cada Que...,"siento que
desde aquel momento en que te vi
descifre que nunca serias para mi
que talves
conocerte fue mi error
o quizas
el amor se equivoco
y cada que pienso en ti
se enciende mi corazon
y.. nada es mas triste que hoy
hablar de ti...
siento que...
tu me cortas la respiracion
cada vez
que te acercas
solo un poco a mi
que talves
conocerte fue mi error
o quizas el amor se equivoco
y...cada que pienso en ti
se enciende mi corazon
y...nada es mas triste que hoy
hablar de ti...
pero esta historia tiene que parar
no entiendo esto
de verdad
no tiene caso
esta situacion
porque esto es tan ilogico
y...cada que pienso en ti
se enciende mi corazon
y...nada es mas triste que hoy
hablar de ti..
hablar de ti..
hablar de ti..
hablar de ti

(Gracias a Cindy por esta letra)",0.24862071871757507,0.06330245733261108,0.16619521379470825,0.10065433382987976,0.2120114266872406,0.04736429080367088,0.16185155510902405,8,1,134.95,0.74,0.51
Belanova,Por Ti,"Yo se muy bien
que a veces no suelo decir
lo que mi corazón siente por ti
y se que a veces yo no estoy aquí
por ti pero te quiero confesar, a ti

Si mi vida ha de continuar
si otro día llegara
si he de volver a comenzar
será por ti

Si mi vida ha de continuar
si otro día llegara
si he de volver a comenzar
será por tu amor

Y se también que yo te puedo lastimar
perdóname, se que me suelo equivocar

Si mi vida ha de continuar
si otro día llegara
si he de volver a comenzar
será por ti

Si mi vida ha de continuar
si otro día llegara
si he de volver a comenzar
será por tu amor

uh uhh...
Si algo te puedo asegurar
uh uhh...
Es que mi vida la soñé contigo
eres todo lo que necesito
y aquí me quiero quedar .

Si mi vida ha de continuar
si otro día llegara
si he de volver a comenzar
será por tu amor
ah ah...
por tu amor
ah ahhh...

Sera por ti, sera por ti,
sera por ti, sera por ti..",0.5185133814811707,0.03609108179807663,0.09185201674699783,0.0458015613257885,0.17875802516937256,0.05487893894314766,0.07410497963428497,7,1,137.99,0.59,0.47
Belanova,Me Pregunto,"Camino por la ciudad
Mirando al cielo
La lluvia me hace pensar
Que tú estás lejos
La gente viene y va
Yo me congelo
Sólo para aterrizar
En tu recuerdo

Me pegunto por qué
No te puedo encontrar
Todo habla de ti
Pero tú no estás
Me pregunto por qué
Te pudiste marchar
Creo que te puedo ver
Pero tú no estás

Camino por la ciudad
Busco tu boca
Nadie sabe donde estás
Creo que estoy sola
La gente viene y va
Yo solo espero
Justo en el mismo lugar
A tu recuerdo

Me pegunto por qué
No te puedo encontrar
Todo habla de ti
Pero tú no estás
Me pregunto por qué
Te pudiste marchar
Creo que te puedo ver
Pero tú no estás

Oh, Oh...
Pero tú no estás
Oh, Oh...

Me pegunto por qué
No te puedo encontrar
Todo habla de ti
Pero tú no estás",0.3613038659095764,0.040552493184804916,0.09458991885185242,0.03731028363108635,0.2651735246181488,0.0247108843177557,0.17635910212993622,9,0,125.01,0.88,0.97
Belanova,Baila Mi Corazón,"Lo nuestro no es un juego
Lo puedo descifrar
En la ruleta del amor
Hay que ganar

No importa lo que piensen
Qué opinen los demás
Porque lo que me hace sentir
Me hace volar

Baila mi corazón
Baila mi corazón
Baila para los dos
Sé que es amor

Baila mi corazón
Baila mi corazón
Baila para los dos
Esto es amor

Baila mi corazón
Baila mi corazón
Baila para los dos
Sé que es amor

Baila mi corazón
Baila mi corazón
Baila para los dos
Esto es amor

Tu piel es fluorescente
Brilla en mi oscuridad
En esta fiesta para dos
Quiero bailar

La luna y las estrellas
Me llevan hacia ti
Yo sólo puedo estar feliz
Si estás aquí

Baila mi corazón
Baila mi corazón
Baila para los dos
Sé que es amor

Baila mi corazón
Baila mi corazón
Baila para los dos
Esto es amor

Baila mi corazón
Baila mi corazón
Baila para los dos
Sé que es amor

Baila mi corazón
Baila mi corazón
Baila para los dos
Esto es amor

Baila mi corazón
Baila para los dos
Esto es amor
Esto es amor

Baila mi corazón
Baila mi corazón
Baila para los dos
Sé que es amor

Baila mi corazón
Baila mi corazón
Baila para los dos
Sé que es amor",0.5493234395980835,0.06655104458332062,0.042586248368024826,0.0998082235455513,0.12427546828985214,0.06363505870103836,0.05382056534290314,5,1,132.02,0.72,0.36
Belanova,Tus Ojos,"Viendo tus ojos
puedo descifrar el universo
El viento suave, el azul del cielo
al fin lo entiendo
Que este mundo gira
que algún día he de morir
pero contigo...

CORO
(uhhhh ahhhh uhh uhh)
y en esta historia...
(uhhh ahhhh uhh uhh)
no existe el tiempo
porque en tus brazos
te inventé el universo
al fin entiendo
que el pasado y el futuro solo existe hoy

Viendo tus ojos
puedo descifrar el universo
El viento suave, el azul del cielo
al fin lo entiendo
Que este mundo gira que algún día
he de morir
pero contigo...

CORO
(uhh ahhh uhh uhh)
y en esta historia...
(uhhh ahhh uhh uhh)
no existe el tiempo
porque en tus brazos
te inventé el universo
al fin entiendo
que el pasado y el futuro solo existe hoy

(uhhhh ahhh)
y hoy te amo...
y hoy te amo...
y hoy te amo...oh oh ohh ohh
y hoy te amo...oh oh ohh ohh",0.38953495025634766,0.03877076134085655,0.15345197916030884,0.024592604488134384,0.17172813415527344,0.06694009155035019,0.15498150885105133,9,1,118.0,0.55,0.79
Belanova,Niño,"Niño es hora de partir
la vida me invito
hacia otro lugar
sin ti
vez también me duele
es lo mejor
déjame irme
déjame partir

Amor sabes que es lo mejor
amor entiéndeme
amor sabes que es lo mejor
esperare que tu lo entiendas

Piensa que todo pasara
no debes de llorar
las cosas son así
sin ti
vez también me duele

Amor sabes que es lo mejor
amor entiéndeme
amor sabes que es lo mejor
esperare que tu lo entiendas

La vida tiene algo para ti
me duele no ser yo
lo siento niño debo de partir
entiéndeme, entiéndeme...
amor oh, oh...",0.4631554186344147,0.03362857550382614,0.13433635234832764,0.049575962126255035,0.15786324441432953,0.028050903230905533,0.13338957726955414,4,1,74.98,0.78,0.53
Reik,Noviembre sin ti,"La tarde se aleja,
el cielo esta gris
la noche aparece sin ti,
callado en la playa
te lloro en silencio otra vez
Me ahoga esta pena
no puedo vivir
las olas no me hablan de ti
sentado en la arena
escribo tu nombre otra vez

Por que te extraño
desde aquel Noviembre
cuando soñamos juntos
a querernos siempre
me duele, este frio Noviembre
cuando las hojas caen
a morir por siempre

Noviembre sin ti
es sentir que la lluvia
me dice llorando que todo acabo
Noviembre sin ti
es pedirle a la luna
que brille en la noche de mi corazón
otra vez... otra vez

Quisiera decirte
que quiero volver
tu nombre va escrito en mi piel
ya es de madrugada
te sigo esperando otra vez
por que te extraño
desde aquel Noviembre
cuando soñamos juntos
a querernos siempre
me duele, este frio Noviembre
cuando las hojas caen
a morir por siempre...

Noviembre sin ti
es sentir que la lluvia
me dice llorando que todo acabo
Noviembre sin ti
es pedirle a la luna
que brille en la noche de mi corazón
otra vez... otra vez
Noviembre sin ti
es sentir que la lluvia
me dice llorando que todo acabo
Noviembre sin ti
es pedirle a la luna
que brille en la noche de mi corazón
otra vez... otra vez",0.3774632513523102,0.0531286895275116,0.11818749457597733,0.13318979740142822,0.1997581422328949,0.04825647547841072,0.07001619786024094,0,1,133.98,0.79,0.73
Reik,Yo Quisiera,"Soy tu mejor amigo,
Tu pañuelo de lágrimas
De amores perdidos...

Te recargaste en mi hombro
Tu llanto no cesa,
Yo sólo te acaricio...

Y me dices porque la vida es tan cruel con tus sentimientos
Yo solo te abrazo, y te consuelo

Me pides mil consejos para protegerte
De tu próximo encuentro, sabes que te cuido
Lo que no sabes es que...

Yo quisiera ser ése por quien te desvelas y te desesperas
Yo quisiera ser tu llanto... ése que viene de tus sentimientos
Yo quisiera ser ése por quien tu despertaras ilusionada
Yo quisiera que vivieras de mí siempre enamorada

Tú te me quedas viendo,
Y me preguntas,
Si algo me está pasando...

Y yo no sé qué hacer,
Si tu supieras que... me estoy muriendo
Quisiera decirte... lo que yo siento, no

Pero tengo miedo de que me rechazes,
Y que sólo en mi mente vivas, para siempre
Por eso...

Yo quisiera ser ése por quien tú te desvelas y te desesperas
Yo quisiera ser tu llanto... ése que viene de tus sentimientos
Yo quisiera ser ése por quien tú despertaras ilusionada
Yo quisiera que vivieras de mi siempre enamorada

Yo quisiera ser ése por quien tú te desvelas y te desesperas
Yo quisiera ser tu llanto... ése que viene de tus sentimientos
Yo quisiera ser ese por quien tú despertaras ilusionada
Yo quisiera que vivieras de mi siempre enamorada",0.07488062232732773,0.01575724221765995,0.12231636792421341,0.5458401441574097,0.08431925624608994,0.13711895048618317,0.01976752281188965,2,1,77.98,0.65,0.78
Reik,Inolvidable,"Era tan bella, era tan bella
Que su mirada todavia me quema
Como quisiera poderla olvidar
Pero se acerca y no lo puedo evitar

Porque cuando habla con sus ojos
Dice cosas que no puedo entender
Y se desnuda poco a poco
Y se convierte en tu piel

Y yo no sé como vivir
Si ya no puedo sacarla de aquí
Que no daría por besarla
Por abrazarla una vez mas
Y ya no quiero dejarla escapar
Si es que la puedo volver a encontrar
No puedo perderla
Porque solo es ella
Inolvidable para mi corazón
Inolvidable, inolvidable

Fue como un cuento, se fué como el viento
A veces me digo que tal vez me lo invento
Si al menos pudiera tener una prueba
Algún recuerdo de que estuve con ella

Me estoy volviendo loco, un poco
A veces me despierto y siento aquí mi pena
Que me susurra en el oído
Y dice dondes estás, amor

Y yo no sé como vivir
Si ya no puedo sacarla de aquí
Que no daría por besarla
Por abrazarla una vez mas
Y ya no quiero dejarla escapar
Si es que la puedo volver a encontrar
No puedo perderla
Porque solo es ella
Inolvidable para mi corazón
Inolvidable, inolvidable

Inolvidable, inolvidable

Y yo no sé como vivir
Si ya no puedo sacarla de aquí
Que no daría por besarla
Por abrazarla una vez mas
Y ya no quiero dejarla escapar
Si es que la puedo volver a encontrar
No puedo perderla
Porque solo es ella
Inolvidable para mi corazón
Inolvidable, inolvidable",0.4374659061431885,0.06063911318778992,0.07581406086683273,0.08235522359609604,0.25131794810295105,0.05021890252828598,0.0421888530254364,7,1,123.0,0.78,0.67
Reik,Ya Me Enteré,"Ya me enteré
Que hay alguien nuevo acariciando tu piel
Algún idiota al que quieres convencer
Que tú y yo somos pasado

Ya me enteré
Que soy el malo y todo el mundo te cree
Que estás mejor desde que ya no me ves
Más feliz con otro al lado

¿A quién piensas que vas a engañar?
Sabes bien que eres mi otra mitad

Olvídate de ese perdedor
Y repítele que yo soy mejor
Que no le eres fiel con el corazón
Que eres mía y solo mía, amor

Despídete de ese perdedor
Que imagina que ya no existo yo
Deja claro que, aunque intente, no
No vas a querer

La verdad es que me extrañas tanto, lo sé
Ya me enteré

Regresarás
Estoy seguro de que regresarás
Estás con él por pura comodidad
Aburrida entre sus brazos

¿A quién piensas que vas a engañar?
Sabes bien que eres mi otra mitad

Olvídate de ese perdedor
Y repítele que yo soy mejor
Que no le eres fiel con el corazón
Que eres mía y solo mía, amor

Despídete de ese perdedor
Que imagina que ya no existo yo
Deja claro que, aunque intente, no
No vas a querer, no

La verdad es que me extrañas tanto, lo sé
Ya me enteré

La verdad es que me extrañas tanto, lo sé
Ya me enteré
Ya me enteré",0.4045232832431793,0.03348871320486069,0.05427158251404762,0.12063441425561905,0.2361145168542862,0.08764376491308212,0.06332379579544067,9,1,131.96,0.45,0.18
Reik,Sabes,"Sabes? no pido nada más
Que estar entre tus brazos
Y huir de todo mal
Que a todo he renunciado
Por estar junto a ti
Sabes? No dejo de pensar
Que estoy enamorado
Te quiero confesar
Soy solo un esclavo
Que no sabe vivir sin ti

Cuando llegaste tú
Te metiste en mí ser
Encendiste la luz
Me llenaste de fe
Tanto tiempo busqué
Pero al fin te encontré
Tan perfecta como te imaginé
No no

Como aguja en un pajar
Te busqué sin cesar
Como huella en el mar
Tan difícil de hallar
Tanto tiempo busqué
Pero al fin te encontré
Tan perfecta.... como te imaginé

Sabes? Te quiero confesar
Que te encuentro irresistible
No dejo de pensar
Que haría lo imposible
Por quedarme cerca de ti

Cuando llegaste tú
Te metiste en mí ser
Encendiste la luz
Me llenaste de fe
Tanto tiempo busqué
Pero al fin te encontré
Tan perfecta como te imaginé
No no

Como aguja en un pajar
Te busqué sin cesar
Como huella en el mar
Tan difícil de hallar
Tanto tiempo busqué
Pero al fin te encontré
Tan perfecta.... como te imaginé

Sabes? no pido nada más
Que estar entre tus brazos

(Gracias a Clara por esta letra)",0.4716150164604187,0.0365915410220623,0.039841677993535995,0.06107570603489876,0.17169953882694244,0.030952373519539833,0.1882241815328598,3,1,144.0,0.46,0.22
Reik,Creo en Ti,"Ya no importa cada noche que esperé,
cada calle o laberinto que crucé,
porque el cielo ha conspirado a mi favor,
y a un segundo de rendirme te encontré.

Piel con piel,
el corazón se me desarma,
me haces bien,
enciendes luces en mi alma.

Creo en ti, y en este amor,
que me vuelve indestructible,
que detuvo mi caida libre,
creo en ti, y mi dolor,
se quedó kilómetros atrás,
mis fantasmas hoy por fin están en paz.

El pasado es un mal sueño que acabó,
un incendio que en tus brazos se apagó,
cuando estaba a medio paso de caer,
mis silencios se encontraron con tu voz,
te segui y reescribiste mi futuro,
es aquí mi único lugar seguro.

Creo en ti, y en este amor,
que me vuelve indestructible,
que detuvo mi caida libre,
creo en ti, y mi dolor,
se quedó kilómetros atrás,
mis fantasmas hoy por fin están en paz.

(Gracias a Uzz Ra por esta letra)",0.3586706817150116,0.02218511886894703,0.0375300869345665,0.2754238247871399,0.19139671325683594,0.10146509855985641,0.013328411616384983,3,1,171.72,0.27,0.44
Reik,Me Duele Amarte,"Me duele amarte
Sabiendo que ya te perdi
Tan solo quedara la lluvia
Mojando mi llanto
Y me hablara de ti
Me duele amarte
Los sueños que eran para ti
Se pierden con cada palabra
Con cada momento que espere vivir
Me duele mas imaginar
Que tu te vas y dejaras
Detras de ti
Tu ausencia en mis brazos
Me duele tanto sospechar
Que ni tu sombra volvera
Para abrigar
Mi alma en pedazos
Me duele amarte asi
Hasta morir
Lanzandome a la nada viendote partir
Me duele aquel Abril
Cuando te vi
Por vez primera y dije que eras para mi
Me duele amarte tanto
Me duele amarte
Los sueños que eran para ti
Se pierden con cada palabra
Con cada momento que espere vivir
Me duele mas imaginar
que tu te vas y dejaras
Detras de ti
Tu ausencia en mis brazos
Me duele tanto sospechar
Que ni tu sombra volvera
Para abrigar
Mi alma en pedazos
Me duele amarte asi
Hasta morir
Lanzandome a la nada viendote partir
Me duele aquel Abril
Cuando te vi
Por vez primera y dije que eras para mi
Me duele amarte tanto",0.3320966064929962,0.0683620274066925,0.085341677069664,0.09706241637468338,0.30966007709503174,0.02901964820921421,0.0784575566649437,1,1,148.06,0.59,0.59
Reik,Amigos Con Derechos,"Te presto mis ojos para que veas lo hermosa que eres
Te presto mis manos para que toques las nubes si quieres
Te presto mis dedos para que recuerdes
Todo lo que hicimos esa noche del viernes
Te presto mis besos y me los devuelves
Así tengo una excusa para volver a verte

Yo no te pido que te enamores
Seamos eternos sólo esta noche
Yo no te pido que seamos novios
Si siendo amigos ya nos damos de todo

Amigos con derecho
Y todos tus despechos
Te los quitas conmigo como nadie lo había hecho
Amigos con derecho
Que sea nuestro secreto
Que sólo las paredes sean testigos de lo nuestro

(Hey lady, escucha cómo nos conocimos, jaja, venga)
Eran las 8:15 en la plaza de San Juan
Ibas caminando con par de amigas más
Te hacías la juguetona, como que no quiere la cosa
Me tiraste una mirada misteriosa, yeh
Mátame con esa boquita, embriágame (embriágame)
Con tu cuerpo ven, sedúceme
Quitémonos ya la ropa, que así desnuda te ves más sexy
Para mí tú eres mi lady
Yo soy tu Maluma, baby (jajaja)
Amigos con derecho, tu buen provecho (jaja, muah)

Te-Te-Te presto mis dedos para que recuerdes
Todo lo que hicimos esa noche del viernes
Te presto mis besos, y me los devuelves
Así tengo una excusa para volver a verte

Yo no te pido que te enamores
Seamos eternos sólo esta noche
Yo no te pido que seamos novios
Si siendo amigos ya nos damos de todo

Amigos con derecho
Y todos tus despechos
Te los quitas conmigo como nadie lo había hecho
Amigos con derecho
Que sea nuestro secreto
Que sólo las paredes sean testigos de lo nuestro

Uh-uh-uh-uh (woh-oh)
Uh-uh-uh-uh (yeh-eh)
Vamos a besarnos y que sea nuestro secreto
Uh-uh-uh-uh (woh-oh)
Uh-uh-uh-uh (yeh-eh)
Aunque todo el mundo ya sospeche de lo nuestro
(Dice, dice)
Uh-uh-uh-uh
(Maluma, baby)
Uh-uh-uh-uh
(Dímelo, Reik)
Aunque todo el mundo ya sospeche de lo nuestro
(Colombia, México, worldwide, baby)",0.6481158137321472,0.08482153713703156,0.03268539905548096,0.04843376576900482,0.09961335361003876,0.030391471460461617,0.05593864619731903,1,1,183.98,0.81,0.61
Camilo Séptimo,Miénteme,"Cuando ya no me quieras
Cuando tenga que irme
No me tengas piedad
No estarás lastimando
A mi alma esperando
No me finjas amar
Cuántas veces lo soñé
O me lo imaginé
Siempre pensé en nosotros dos
Y si te decepcioné
Perdón, siempre lo intenté
Eras todo para mí, amor
Si me das más de tus besos
Si me das más de tus labios
Tal vez ya no quiera regresar
Si te doy más de mis besos
Si te doy más de mis labios
Tal vez ya no quieras separarte de mí
(Cuando tenga que irme
No me tengas piedad...)
Cuantas veces lo soñé
O me lo imaginé
Siempre pensé en nosotros dos
Y si te decepcioné
Perdón, siempre lo intenté
Eras todo para mi, amor
Si me das más de tus besos
Si me das más de tus labios
Tal vez ya no quieras regresar
Si te doy más de mis besos
Si te doy más de mis labios
Tal vez ya no quieras separarte de mí
Si me das más de tus besos
Si me das más de tus labios
Tal vez ya no quiera regresar
Si te doy más de mis besos
Si te doy más de mis labios
No te separes de mí
Miénteme otra vez
Sabes que jamás lo notaría con tu sonrisa
Córtame la piel
Sabes que jamás lo esperaría
Lo esperaría de ti",0.3420637845993042,0.054941486567258835,0.10262901335954666,0.11301803588867188,0.2580889165401459,0.07682760059833527,0.052431099116802216,8,0,88.02,0.65,0.64
Camilo Séptimo,No Confíes En Mí,"No confíes en mí
Aún puedes escapar
Aún puedes librarte
De conocerme mas

No confíes en ti
Te puedes encontrar
Puedes decepcionarte
O desconocerte más

Solo tú
Me puedes destrozar
Me puedes reparar
Con un beso basta
Moriré en la sombra del dolor
Que dejaste en mi piel
Pero un beso bastara

No confíes en mi
Aún puedes escapar
Aún puedes librarte
De conocerme mas

No confíes en ti
Prometeme soñar
Prometeme soñarme
Prometo no olvidarte",0.3421632647514343,0.06690281629562378,0.11370620131492615,0.13299702107906342,0.19013693928718567,0.13811001181602478,0.01598372496664524,11,0,117.07,0.78,0.42
Camilo Séptimo,Vicio,"Quiéreme
Aunque sea poquito, quiéreme
Porque eres como un vicio tan hermoso para mí

Vamos, vamos a amarnos
Vamos a desaparecer
A esfumarnos en amor

Sé que entraste en mi mente
Porque hoy me siento diferente
Pienso en ti, necesito de ti

Sé que entraste tú en mi mente
Porque hoy solo quiero tenerte
Solo a ti, necesito de ti

Oye, ¿por qué me gustas tanto?
¿Por qué me robas el aire?
Cuando estás cerca de mí

Vamos, vamos a amarnos
Vamos a desaparecer
A esfumarnos en amor

Sé que entraste en mi mente
Porque hoy me siento diferente
Pienso en ti, necesito de ti

Sé que entraste tú en mi mente
Porque hoy solo quiero tenerte
Solo a ti, necesito de ti

Sé que entraste en mi mente
Porque hoy me siento diferente
Pienso en ti, necesito de ti

Sé que entraste tú en mi mente
Porque hoy solo quiero tenerte
Solo a ti, necesito de ti

Sé que entraste en mi mente
Porque hoy me siento diferente
Pienso en ti, necesito de ti

Sé que entraste tú en mi mente
Porque hoy solo quiero tenerte
Solo a ti, necesito de ti",0.3596090078353882,0.03203466907143593,0.027283117175102234,0.0927431657910347,0.27303987741470337,0.0845470204949379,0.13074316084384918,9,1,120.0,0.45,0.76
Camilo Séptimo,Eres,"La misma conciencia
Hace que, te encuentre
Y te vas soltando más
Para ver lo que te dicen mis besos

Eres, lo más lindo de mi vida
Si tu, si tu no vuelves
Te extrañaré toda la vida
Y mi vida te extraña

La misma conciencia
Viaja por mi karma
Y me voy soltando más
Para ver lo que me dicen tus besos

Eres, lo más lindo de mi vida
Si tu, si tu no vuelves
Te extrañaré toda la vida
Y mi vida te extraña
Y mi vida te extraña

Eres, lo más lindo de mi vida
Si tu, si tu no vuelves
Te extrañaré toda la vida
Y mi vida te extraña
Y mi vida te extraña

Eres, lo más lindo de mi vida
Si tu, si tu no vuelves
Te extrañare toda la vida
Y mi vida te extraña",0.5977905988693237,0.09084554761648178,0.09434166550636292,0.0513533353805542,0.09170059114694595,0.020795492455363274,0.053172767162323,11,0,119.98,0.62,0.69
Camilo Séptimo,No Te Puedo Olvidar,"Sé que nunca me equivoqué en lo que siento
Y cuando me tocas la piel, me desvanezco

Sé que miraremos a la última estrella
Así nos conectaremos
Yo te necesito más de lo que piensas
Más de lo que puedas creer

Siempre serás mi dosis sintética
Te lo prometo, amor
Vives en mí y en mi materia
No te puedo olvidar

Siempre serás mi dosis sintética
Te lo prometo, amor
Vives en mí y en mi materia
No te puedo olvidar

Sé que no te volveré a ver
Aunque te extraño
Te llevo conmigo en la piel
Y duele tanto

Yo te necesito más de lo que piensas
Más de lo que puedas creer

Siempre serás mi dosis sintética
Te lo prometo, amor
Vives en mí y en mi materia
No te puedo olvidar

Siempre serás mi dosis sintética
Te lo prometo, amor
Vives en mí y en mi materia
No te puedo olvidar

Siempre serás mi dosis sintética
Te lo prometo, amor
Vives en mí y en mi materia
No te puedo olvidar

Siempre serás mi dosis sintética
Te lo prometo, amor
Vives en mí y en mi materia
No te puedo olvidar",0.3471256196498871,0.04688242822885513,0.0867411345243454,0.05883941426873207,0.32460036873817444,0.10131300240755081,0.034498006105422974,1,0,99.98,0.6,0.5
Camilo Séptimo,Te veo en el 27,"Antes de partir, bésame
Apagaré al amanecer
Con los ojos embriagados

Antes de subir, mírame
Intentaré desvanecerme
Entre tus sueños anhelados

Somos más
Somos dos en luces que deslumbran

Quédate conmigo siempre
Aquí para siempre, aquí para siempre
Siempre
Quédate conmigo siempre
Aquí para siempre, aquí para siempre
Siempre

Antes de partir, bésame
Te veo en el 27 otra vez
Platiquemos de recuerdos

Antes de subir, mírame
Intentaré reconocerte
Con las luces apagadas

Somos más
Somos dos  en luces que deslumbran

Quédate conmigo siempre
Aquí para siempre, aquí para siempre
Siempre
Quédate conmigo siempre
Aquí para siempre, aquí para siempre
Siempre
Quédate conmigo siempre
Aquí para siempre, aquí para siempre
Siempre
Quédate conmigo siempre
Aquí para siempre, aquí para siempre
Siempre",0.5518286824226379,0.03774922341108322,0.05360811948776245,0.06707978993654251,0.16648897528648376,0.04648200422525406,0.07676324248313904,4,0,129.97,0.78,0.79
Camilo Séptimo,Inevitable,"Ya no sé cómo llamarte
si me ves como enemigo
Y en vez de recuperarte,
nos perdimos

Sé que debo de alejarme
Tal vez tú piensas lo mismo
Intentando rescatarlo
Nos hundimos

Y aunque ya no puedo más
Sin ti no me siento vivo
Ya no te puedo soltar

Es inevitable,
sentir que volvemos a empezar
Aunque ya hemos estado aquí
Todo se vuelve a repetir

Tenemos que aceptar
que de hace tiempo atrás
no somos los mismos

Tal vez no fue lo que esperabas
Muy lejos de lo que solíamos ser
Pero aquí seguimos

Y aunque ya no puedo más
Sin ti no me siento vivo
Ya no te puedo soltar

Es inevitable,
sentir que volvemos a empezar
Aunque ya hemos estado aquí
Todo se vuelve a repetir

Es inevitable,
Sentirme atrapado una vez más
Nuestro ciclo no tiene fin,
todo se vuelve a repetir

Es inevitable,
sentir que volvemos a empezar
Aunque ya hemos estado aquí
Todo se vuelve a repetir

Es inevitable,
Sentirme atrapado una vez más
Nuestro ciclo no tiene fin,
todo se vuelve a repetir",0.30096253752708435,0.029756886884570122,0.20303770899772644,0.07083272933959961,0.2698197066783905,0.07888926565647125,0.04670114815235138,1,0,136.94,0.87,0.78
Camilo Séptimo,Contacto,"Tanto esperamos
Muchos años luz, viajamos
Para hacer por fin
Contacto
Con tus ojos, con tu alma, con tus labios

Extraño tu respirar
Cada segundo que pasas lejos de mi
Muy pronto voy a llegar
En una lluvia de estrellas
Que cae sobre ti

En algún lugar
Que no puedo explicar
Y es tu gravedad
Que me acerca que me eleva
Y me lleva a tu señal
A un punto cardinal en otra realidad

Estoy cerca, muy cerca

Tanto esperamos
Muchos años luz viajamos
Para hacer por fin
Contacto
Con tus ojos, con tu alma, con tus labios

Cuánto soñamos
Un momento así, encontrarnos
Para hacer por fin
Contacto
Con tus ojos, con tu alma, con tus labios

Muy pronto voy a llegar
En una lluvia de estrellas que cae sobre ti
En algún lugar
Que no puedo explicar
Y es tu gravedad
Que me acerca que me eleva
Y me lleva a tu señal
A un punto cardinal
En otra realidad, estoy cerca, muy cerca

Tanto esperamos
Muchos años luz, viajamos
Para hacer por fin
Contacto
Con tus ojos, con tu alma con tus labios

Cuánto soñamos
Un momento así, encontrarnos
Para hacer por fin
Contacto
Con tus ojos, con tu alma, con tus labios

Con tus labios, con tus labios",0.4056989252567291,0.011440904811024666,0.03738512843847275,0.042731236666440964,0.43065357208251953,0.043610431253910065,0.028479797765612602,6,0,95.01,0.74,0.28
Bomba Estéreo,Soy Yo,"Yo caí me pare camine me subí
Me fui contra la corriente y también me perdí
Fracase, me encontré lo viví y aprendí
Cuando más te pegas fuerte más profundo es el beat

Sigo bailando y escribiendo mis letras
Sigo cantando con las puertas abiertas
Atravesando todas estas tierras y no hay
Que viajar tanto pa encontrar la respuesta

Y no te preocupes si no te aprueban
Cuando te critiquen tu solo di
Soy yo
Soy yo soy soy soy
Soy yo

Sigo caminando y sigo riendo
Hago lo que quiero y muero en el intento
A nadie le importa lo que estoy haciendo
Lo único que importa es lo que esta por dentro
A mi me gusta estar en la arena
Bañarme en el mar sin razón sin problema
Estar sentada sin hacer nada
Mirando de lejos y estar relajada

Y no te preocupes si no te aprueban
Cuando te critiquen tu solo di
Soy yo
Soy yo soy soy soy
Soy yo yo yo yo

Soy así soy así
Relaja
Y tu ni me conoces a mi
Bien relaja
Soy así soy así
Relaja
Y tu ni me conoces a mi
Bien relaja
You know what I mean

Y no te preocupes si no te aprueban
Cuando te critiquen tu solo di
Soy yo
Soy yo soy soy soy
Soy yo yo yo yo",0.3880487084388733,0.07966893911361694,0.0656539648771286,0.11032313853502274,0.27023622393608093,0.04836485907435417,0.03770425543189049,11,0,117.04,0.58,0.79
Bomba Estéreo,Fuego,"Fuego,Fuego...Fuego
(no lo dejes apagar)

¡Y grita fuego!
mantenlo prendido ¡fueeego!
no lo dejes apagar(x4)

y no lo dejes apagá
y no lo dejes apagá
y no lo dejes apagá

¡Y grita fuego!
mantenlo prendido ¡fueeego!
no lo dejes apagar(x2)

Que aquí viene Bomba Estéreo
viene con too',
chapeta
raggae music, cumbia y folclor ¡C'mon!
que es un poder que es una bomba atómica,
un poco de folclor con música electrónica.
¡Sigue sigue!
prendiendo esta fiesta
¡sigue sigue!
que a mi no me molesta
vamos a bailar, la noche y la madrugá
hasta que se te ponga, la pollera colorá.
Vamos hasta abajo a mi no me da pena
yo crecí tomando, agua de panela,
helada,
y por allá de frío nada,
ahora te canto pa' que te des la calentada.

Mantenlo prendido
y no lo dejes apagá,
mantenlo prendido
y no lo dejes apagá.

Fueego. Fueego.
Fuego, mantenlo prendido.
Fuego, no lo dejes apagá.
Fuego, mantenlo prendido.
Fuego, no lo dejes apagá.

¡Y grito fuego!
mantenlo prendido ¡fueeego!
no lo dejes apagar(x2)

y si tu no conoces
el poder en la tarima
cuando estamos sonando
por aquí todos se arriman,
unos cantan, celebran, caminan,
otros quieren un poquito más de gasolina.

Y si tu no me conoces
no me llamo Camila,
no me llamo Natalia,
ni tampoco Carolina,
me llamo Li Saumet
de la fiesta soy la dueña,
y me gusta vacilar desde que estaba pequeña.

¡Y grito fuego!
mantenlo prendido ¡fueeego!
no lo dejes apagar
¡Y grito fuego!
mantenlo prendido ¡fueeego!
no lo dejes apagar

y no lo dejes apagá
y no lo dejes apagá.

Fuuego, fuego, fuego.

Y grita fuego,
y mantenlo prendido fueeego,
y no lo dejes apagar
Y grito fuego,
y mantenlo prendido fueeego,
no lo dejes apagar
fuego,
y mantenlo prendido fueeego,
no lo dejes apagar
fuego,
y mantenlo prendido fueeego,
no lo dejes apagar
prendelo",0.15817129611968994,0.26981285214424133,0.04577197879552841,0.34974563121795654,0.0765409842133522,0.040171124041080475,0.059786081314086914,4,0,100.01,0.82,0.16
Bomba Estéreo,To My Love - Tainy Remix,"Estaba pensando en la noche que te vi
La misma que me abandonaste sin pensar
Y yo te entregue mi corazón
Una noche oscura sin mirar atrás

To my love, to my love

Yo te di, to my love
Se fui corriendo y no volvió más
Yo te di, to my love
Se fui corriendo y no volvió más

Estaba mirando tus ojos y me fui
Sintiendo tu sonrisa oyéndote hablar
Y me entregaste tu corazón esa noche oscura sin pedirme
más

To my love, to my love

Yo te di, to my love
Se fui corriendo y no volvió más
Yo te di, to my love
Se fui corriendo y no volvió más

Esa primera noche que me diste
Fue la ultima noche que te vi llegar
Solo una basto pa sentirte
Quiero darte el cielo y quiero darte más
No necesitamos nada más, ya nos dimos todo lo que pudo dar
Cuando entregamos el corazón esa noche oscura, la final

Yo te di, to my love
Se fui corriendo y no volvió más
Yo te di, to my love
Se fui corriendo y no volvió más

Yo te di, to my love
Me fui corriendo y no volvi más
Yo te di, to my love
Me fui corriendo y no volvi más

To my love, to my love",0.29195767641067505,0.17246264219284058,0.28165075182914734,0.07495534420013428,0.14350248873233795,0.02286171354353428,0.012609402649104595,7,1,100.0,0.59,0.28
Bomba Estéreo,Somos Dos,"Ay corazón, corazón, corazón
Tus ojos me están llenando solo con verlos
No necesito si no abrazarte para sentirlo
Y ya no tengo que esperar, para saberlo

Cuando el amor, es amor, es amor, es amor, es amor
Cuando el amor, es amor, es amor, es amor, es amor
Y somos dos, somos dos, somos dos,
Y somos dos, somos dos, somos dos
Y somos dos, somos dos, somos dos, somos dos, somos dos

Ay que emoción, que emoción, que emoción
Ser parte de tu sonrisa y de tu alegría
Para amar, para amar, para amarte toda una vida
Y que me importa, si esta noche es solo tuya y solo mía

Cuando el amor, es amor, es amor, es amor, es amor
Cuando el amor, es amor, es amor, es amor, es amor
Y somos dos, somos dos, somos dos,
Y somos dos, somos dos, somos dos
Y somos dos, somos dos, somos dos, cuando hay amor

El amor!
El amor!

Ay mi amor, ay mi amor, ay mi amor, ay mi amor
Mi cuerpo sobre la arena se desvanece
Me deja mirar el tuyo, tendido aquí en el mar
Y las estrellas llenan el cielo que resplandecen

Cuando el amor, es amor, es amor, es amor, es amor
Cuando el silencio se calla la boca y no pide perdón
Y cunado el alma se siente completa y te da la razón
Cuando tu cuerpo esta conectado a tu corazón

Y somos dos, somos dos, somos dos
Y somos dos, somos dos, somos dos
Y somos dos, somos dos, somos dos
Somos dos, somos dos (x2)

Somos dos, somos dos, somos dos, somos dos, somos dos
Mientras los mundos se juntas, lo nuestro lo hacemos los dos
Que no haya nada más, que tu y yo
El resto desaparece, quiero quedarme con esto para siempre

Para siempre!
Para siempre!
Para siempre...",0.475195050239563,0.07766944169998169,0.06390243023633957,0.12339233607053757,0.13144156336784363,0.040255721658468246,0.08814343810081482,5,0,98.0,0.87,0.93
Bomba Estéreo,El alma y el cuerpo,"Ya se que voy a llorar
Que me voy a quejar
Que me voy a reír
Se que en la oscuridad
No se puede ver nada si tu no estás aquí
Duro dos segundos el atardecer
Me quemo por dentro
El alma y el cuerpo
La sangre hirviendo

Me quemo por dentro
El alma y el cuerpo
Me quemo por dentro
Y yo no puedo estar más así
Y yo no puedo estar más así ah

Sin alma en el cuerpo
Me quemo por dentro
Me quemo por dentro
Sin alma en el cuerpo
Me quemo por dentro
Me quemo por dentro

Ya se que no vendrán
Nadie te va a enseñar
Lo que es estar así
Que en esta soledad
Enfrenta la verdad
Es casi como huir

Duro dos segundos el atardecer
Me quemo por dentro
El alma y el cuerpo
La sangre hirviendo
Me quemo por dentro
El alma y el cuerpo",0.36899036169052124,0.03225504606962204,0.06462359428405762,0.09585393965244293,0.31321194767951965,0.06938956677913666,0.05567552521824837,11,0,107.82,0.73,0.52
Bomba Estéreo,To My Love,"Estaba pensando en la noche que te vi
La misma que me abandonaste sin pensar
Y yo te entregue mi corazón
Una noche oscura sin mirar atrás

To my love, to my love
To my love, to my love
To my love, to my love
To my love, to my love

Yo te di, to my love
Se fue corriendo y no volvió más
Yo te di, to my love
Se fue corriendo y no volvió más

Estaba mirando tus ojos y me fui
Sintiendo tu sonrisa oyéndote hablar
Y me entregaste tu corazón
Esa noche oscura sin pedirme más

To my love, to my love
To my love, to my love
To my love, to my love
To my love, to my love

Yo te di, to my love
Me fui corriendo y no volví más
Yo te di, to my love
Me fui corriendo y no volví más

Esa primera noche que me diste
Fue la última noche que te vi llegar
Solo una bastó pa' sentirte
Quiero darte el cielo y quiero darte más

No necesitamos nada más
Ya nos dimos todo lo que pudo dar
Cuando entregamos el corazón
Esa noche oscura hasta el final

Yo te di, to my love
Se fue corriendo y no volvió más
Yo te di, to my love
Se fue corriendo y no volvió más

Yo te di, to my love
Me fui corriendo y no volví más
Yo te di, to my love
Me fui corriendo y no volví más

To my love, to my love
To my love, to my love
To my love, to my love
To my love, to my love",0.15032880008220673,0.25698405504226685,0.4663242995738983,0.05771581828594208,0.04211892560124397,0.017798878252506256,0.008729196153581142,7,1,100.0,0.59,0.28
Bomba Estéreo,Me Duele,"Ay, qué bonitas son las horas cuando estás aquí
Y qué mal se pone todo cuando tú te vas
Esto sí me abre el pecho, se me va a salir
Lo que tú me haces sentir no lo puedo evitar

Y me duele y me duele y me duele
Y me duele y me duele y me duele
Y me duele y me duele y me duele
Y me duele y me duele y me duele

Hasta que no me duele más
Hasta que no me duele más
Hasta que no puedo llorar
Hasta que no me duele más

No me pidas que me quede si me quiero ir
No me pidas que te espere si me vas a dejar
Las palabras son tan fuertes cuando son así
Lo que no quieres oír, pero es la gran verdad

Y me duele y me duele y me duele
Y me duele y me duele y me duele
Y me duele y me duele y me duele
Y me duele y me duele y me duele

Hasta que no me duele más
Hasta que no me duele más
Hasta que no quiero llorar

Hasta que no me duele más
Hasta que no me duele más

El cariño que te tengo nunca se va a ir
Y los recuerdos en mi mente se van a volar
Lo bonito que se queda, queda dentro de mi
Y lo malo, que se vaya, déjalo pasar

Y me duele y me duele y me duele
Y me duele y me duele y me duele
Y me duele y me duele y me duele
Y me duele y me duele y me duele

Hasta que no me duele más
Hasta que no me duele más
Hasta que no quiero llorar

Hasta que no me duele más
Hasta que no me duele más

Hasta que no me duele más
Hasta que no me duele más",0.4007053077220917,0.04082128033041954,0.08834285289049149,0.17504820227622986,0.20435328781604767,0.06307323276996613,0.027655793353915215,9,0,99.98,0.88,0.92
Bomba Estéreo,Me Pasa,"Déjame entrar esta noche
Y baila' hasta el amanece'
Quiero que sepas conmigo
Te vas a ir de viaje y no vas a volve'
Sin tiquete de regreso
Y sin planearlo muy bien
Nada de andarnos despacio, vamos al espacio volando esta vez

Y cuando estemo' arriba
Nadie no' va a detener
Baby, no veo la salida
Yo creo que aquí me quedé
Te conozco de otra vida
Nos encontramo' otra ve'
Cuando te miro a los ojos, ey
Se me eriza la piel

¿Qué me pasa?
¿Qué me pasa?
El piso se mueve, no hay nadie en la casa
Mi corazón late y eso no me pasa
Pero, ¿qué me importa?
¿Y qué me pasa? Tú me pasas
El piso me mueves, me tumbas la casa
Mi corazón late y ahora me pasa
Pero, ¿qué me importa?
Contigo me basta
Contigo me basta

Llévame a volar
Por todo' los planeta'
Tú eres de las mía', los dos planetarios bailando champeta
Vamo'a atravesar como los cometa'
Prendidos en fuego mientras resolvemos de quién es la arepa, já
Vamos a romperlo todito, te voy a dejar bien contenta
Me gustan así, hippie, John Lennon, Yoko en los 70's
Te veo a los ojos y no hay gravedad, 'tamos en cámara lenta
Estamos flotando burbujas de amor, Juan Luis y su 440

Y cuando estemos arriba
Nadie nos va a detener
Baby, no veo la salida
Creo que aquí me quedé
Te conozco de otra vida
Nos encontramo' otra ve'
Cuando te miro a los ojos
Se me eriza la piel

¿Qué me pasa?
¿Qué me pasa?
El piso se mueve, no hay nadie en la casa
Mi corazón late y eso no me pasa
Pero, ¿qué me importa?
¿Y qué me pasa? Tú me pasas
El piso me mueves, me tumbas la casa
Mi corazón late y ahora me pasa
Pero ¿qué me importa?
Contigo me basta
Contigo me basta

¿Qué me pasa?
¿Qué me pasa?
Vamo'a aterrizar la nave en la terraza
Te invito un café mirando la playa, verás lo que pasa",0.43386849761009216,0.04389132931828499,0.06214439123868942,0.06917500495910645,0.2622862160205841,0.03293401002883911,0.09570053964853287,4,0,105.98,0.66,0.47
Calle 13,Atrévete-te-te,"Atrévete te te salte del closet,
destápate quítate el esmalte,
deja de taparte que nadie va a retratarte
levántate ponte hiper,
préndete sácale chispa al estalter
préndete en fuego como un lighter
sacúdete el sudor como si fueras un wiper,
que tu eres callejera street fighter.

Cambia esa cara de seria,
esa cara de intelectual de enciclopedia
que te voy a inyectar con la bacteria
pa? que des vueltas como machina de feria,
señorita intelectual
ya se que tienes el área abdominal
que va a explotar como fiesta patronal

que va a explotar como palestino.

Yo se que a ti te gusta el pop rock latino
pero este reggaeton se te mete por los intestinos por debajo de la falda como un submarino
y te saca lo de indio taino
ya tu sabes en taparrabo mama
en el nombre de agueymana no hay mas na',
para na? q' yo te voy a mentir
yo se que yo también quiero consumir de tu perejil
y tu viniste amazónica como Brasil
tu viniste a matarlas como Kill Bill
tu viniste a beber cerveza de barril
tu sabes que conmigo tu tienes refill

Atrévete te te salte del closet
destápate quítate el esmalte

deja de taparte que nadie va a retratarte
levántate ponte hiper
préndete sácale chispa al estalter
préndete en fuego como un lighter
sacúdete el sudor como si fueras un wiper
que tu eres callejera street fighter

Hello, deja el show
súbete la mini falda hasta la espalda
súbetela deja el show mas alta
que ahora vamos a bailar por toa las altas
ahora nena quieres tu zipi,
no importa si eres rapera o eres hippie
si eres de Bayamón o de guaynabo city
conmigo no te pongas picky
esto es hasta abajo cójele el tricky
esto es fácil, esto es un mamey,
que importa si te gusta green day,

que importa si te gusta cold play
esto es directo sin parar one way,
yo te lo juro de que por ley
aquí toas las boricuas saben karate
ellas cocina con salsa de tomate,
mojan el arroz con un poco de aguacate
pa' cosechar nalgas de 14 quilates

Atrévete te te salte del closet
destápate quítate el esmalte
deja de taparte que nadie va a retratarte
levántate ponte hiper
préndete sácale chispa al estalter
préndete en fuego como un lighter,
sacúdete el sudor como si fueras un wiper
que tu eres callejera street fighter (bis)",0.8531628847122192,0.0667814388871193,0.012563999742269516,0.011353220790624619,0.010859716683626175,0.004066497087478638,0.04121227562427521,9,1,87.99,0.76,0.92
Calle 13,Muerte En Hawaii,"Yo he peleado con cocodrilos
Me he balanceado sobre un hilo cargando más de 500 kilos
Le he dao la vuelta al mundo en menos de un segundo
He cruzao 100 laberintos y nunca me confundo

Respiro dentro y fuera del agua como las focas
Soy a prueba de fuego, agarro balas con la boca
Mi creatividad vuela como los aviones
Puedo construir un cerebro sin leer las instrucciones

Hablo todos los idiomas de todos los abecedarios
Tengo más vocabulario que cualquier diccionario
Tengo vista de águila, olfato de perro
Puedo caminar descalzo sobre clavos de hierro

Soy inmune a la muerte
No necesito bendiciones porque siempre tengo buena suerte
Ven conmigo a dar un paseo por el parque
Porque tengo más cuentos que contarte que García Márquez

Por ti, todo lo que hago lo hago por ti
Es que tú me sacas lo mejor de mí
Soy todo lo que soy
Porque tú eres todo lo que quiero
Por ti, todo lo que hago lo hago por ti
Es que tú me sacas lo mejor de mí
Soy todo lo que soy
Porque tú eres todo lo que quiero

Puedo brincar la cuerda con solo una pierna
Veo en la oscuridad sin usar una linterna
Cocino lo que quieras, yo soy todo un chef
Tengo sexo 24-7 todo el mes

Puedo soplar las nubes grises pa' que tengas un buen día
También se como comunicarme por telepatía
Por ti, cruzo las fronteras sin visa
Y le saco una buena sonrisa a la Mona Lisa

Por ti, respiro antes de morirme
Por ti voy a la Iglesia y escucho toda la misa sin dormirme
Sigo siendo el Rey, aunque no tenga reino
Mi sudor huele a perfume y nunca me despeino

Se pelear todas las artes marciales
También se como comunicarme con los animales
Mientras más pasa el tiempo me veo más joven
Esta canción la compuse sin escuchar como Beethoven

Por ti, todo lo que hago lo hago por ti
Es que tú me sacas lo mejor de mí
Soy todo lo que soy
Porque tú eres todo lo que quiero
Por ti, todo lo que hago lo hago por ti
Es que tú me sacas lo mejor de mí
Soy todo lo que soy
Porque tú eres todo lo que quiero",0.7409874200820923,0.03354567661881447,0.039625685662031174,0.029434917494654655,0.10082020610570908,0.0120488116517663,0.04353735223412514,3,1,79.99,0.59,0.88
Calle 13,La Vuelta Al Mundo,"No me regalen más libros porque no los leo
Lo que he aprendido es porque lo veo
Mientras más pasan los años me contradigo cuando pienso
El tiempo no me mueve yo me muevo con el tiempo

Soy, las ganas de vivir, las ganas de cruzar
Las ganas de conocer lo que hay después del mar
Yo espero que mi boca nunca se calle
También espero que las turbinas de este avión nunca me fallen

No tengo todo calculado, ni mi vida resuelta
Sólo tengo una sonrisa y espero una de vuelta
Yo confio en el destino y en la marejada
Yo no creo en la iglesia, pero creo en tu mirada

Tú eres el sol en mi cara cuando me levanta
Yo soy la vida que ya tengo, tú eres la vida que me falta
Así que agarra tu maleta, el bulto, los motetes
El equipaje, tu valija, la mochila con todos tus juguetes y…

Dame la mano y vamos a darle la vuelta al mundo
Darle la vuelta al mundo
Darle la vuelta al mundo

Dame la mano y vamos a darle la vuelta al mundo
Darle la vuelta al mundo
Darle la vuelta al mundo

La renta, el sueldo, el trabajo en la oficina
Lo cambié por las estrellas y por huertos de harina

Me escapé de la rutina, para pilotear mi viaje
Porque el cubo en el que vivía se convirtió en paisaje

Yo era un objeto esperando a ser ceniza
Un día decidí hacerle caso a la brisa
A irme resbalando detrás de tu camisa
No me convenció nadie, me convenció tu sonrisa

Y me fui tras de ti persiguiendo mi instinto
Si quieres cambio verdadero, pues camina distinto
Voy a escaparme hasta la constelación más cercana
La suerte es mi oxígeno, tus ojos son mi ventana

Quiero correr por siete lagos en un mismo día
Sentir encima de mis muslos el clima de tus nalgas frías

Llegar al tope de la sierra, abrazarme con las nubes
Sumergirme bajo el agua y ver cómo las burbujas suben, y…

Dame la mano y vamos a darle la vuelta al mundo
Darle la vuelta al mundo
Darle la vuelta al mundo

Dame la mano y vamos a darle la vuelta al mundo
Darle la vuelta al mundo
Darle la vuelta al mundo",0.5117822885513306,0.03853462636470795,0.062294404953718185,0.06253012269735336,0.24268026649951935,0.024968182668089867,0.05721009522676468,0,1,124.97,0.54,0.78
Calle 13,Ojos Color Sol,"Hoy el sol se escondió
Y no quiso salir
Te vio despertar
Y le dio miedo de morir.
Abriste los ojos
Y el sol guardo su pincel
Porque tu pintas el paisaje
Mejor que él.

Cuando amanece, tu lindura,
Cualquier constelación se pone insegura.
Tu belleza huele a mañana
Y me da de comer
Durante toda la semana
Tus ojos hacen magia, son magos,
Los abriste y ahora se reflejan las montañas
En los lagos, la única verdad absoluta es
Que cuando naciste tu
A los arboles le nacieron frutas
Naranja dulce,
Siembra de querubes
Como el sol tenia miedo
Se escondió en una nube.
Hoy el sol no hace falta, esta en receso
La vitamina D me la das tú con un beso.

La luna sale a caminar
Siguiendo tus pupilas.
La noche brilla original
Después que tú la miras.
Ya nadie sabe ser feliz
A costa del despojo,
Gracias a ti
Y a tus ojos.

Eres un verso en riversa, un riverso.
Despertaste y le diste vuelta mi universo.
Ahora se llega a la cima
Bajando por la sierra,
La Tierra ya no gira,
Tú giras por la Tierra.
En las guerras se dan besos,
Ya no se pelean.
Hoy, las gallinas mugen
Y las vacas cacarean.
Las lombrices y los peces
Pescan los anzuelos,
Se vuela por el mar
Y se navega por el cielo.

Crecen flores En la arena,
Cae lluvia En el desierto.
Ahora los sueños Son reales,
Porque se sueña Despierto.
Y ése sueño Es seguro,
Y así se reproduce
Y la inocencia Por fin
No se esconde de las luces.

La escasez de comida
Se vuelve deliciosa,
Porque tenemos la barriga llena de mariposas.
Las galaxias revela su comarca escondida
Y en la Tierra parece
Que comienza la vida.

La luna sale a caminar
Siguiendo tus pupilas.
La noche brilla original
Después que tú la miras.
Ya nadie sabe ser feliz
A costa del despojo,
Gracias a ti Y a tus ojos.

En la academia militar
Enseñan medicina
Y los banqueros ahora dan
Viviendas y comida
Ya nadie sabe ser feliz
A costa del despojo,
Gracias a ti Y a tus ojos.",0.4465841054916382,0.016304314136505127,0.057104937732219696,0.06311003118753433,0.34769436717033386,0.0503610335290432,0.018841153010725975,2,1,78.07,0.44,0.45
Calle 13,Baile De Los Pobres,"No Tengo Mucha Plata
Pero Tengo Cobre
Aquí Se Baila Como Bailan Los Pobres

No Tengo Mucha Plata
Pero Tengo Cobre
Aquí Se Baila Como Bailan Los Pobres

Mesie Aquí Llego Tu Robin Hood
A Meter Las Bolas En Los Boquetes Como Tiger Wood
Tu Eres Clase Alta Yo Clase Baja
Tu Vistes De Seda Y Yo De Paja
Nos Complementamos Como Novios
Tu Tomas Agua Destilada Yo Agua Con Microbios
Tu La Vida Es Fácil Y Yo Me Fajo
Tu Sudas Perfume Yo Sudo Trabajo
Tu Tienes Chofer Yo Camino A Patas
Tu Comes Filete Yo Carne De Lata

Nuestro Parecido Es Microscópico
Pero Es Que Por Ti Me Derrito Como Gringo En El Trópico
Pégate A Mi, Que No Te Contaminas
Con Un Besito Vamos A Pegarnos La Porcina

No Se Necesita Plata Pa' Moverse
Necesitas Onda Y Música Cachonda
Ca-Cachonda, Ca-Ca-Cachonda

No Tengo Mucha Plata
Pero Tengo Cobre
Aquí Se Baila Como Bailan Los Pobres
Ca-Cachonda, Ca-Ca-Cachonda

No Tengo Mucha Plata
Pero Tengo Cobre
Aquí Se Baila Como Bailan Los Pobres

Se Baila Sin Mantel, Sin Cubierto Y Sin Bandeja
Con Ganas De Comerse A La Pareja
Se Baila Pega'o Como Bachata
Sin Traje Y Sin Corbata
Embriagando Las Neuronas Con Vodka Barata
Blancas, Amarillas O Mulatas
Se Baila Con Cualquier Bom Bom Que Suelte La Piñata
Lo Bueno De Ser Pobre, Al Final De La Jornada
Es Que Nadie Nos Roba
(Porque No Tenemos Nada!)

Apretaditos Como En Una Lata De Sardinas
Agarrando Nalgas Porque Esta Incluida La Propina
Dicen Que Eres La Reina De Todos Los Rosales
Pero Hoy Te Voy A Bajar Cuatro Clases Sociales

Calentita Como Pan De Panadero
Barriendo El Piso Con El Trasero
Toda La Grasa Se Desplaza Por La Terraza
Quiero Que Hagas Lo Que No Puedes Hacer En Tu Casa

No Se Necesita Plata Pa' Moverse
Necesitas Onda Y Música Cachonda
Ca-Cachonda, Ca-Ca-Cachonda
Wii...!
Barararan!

No Tengo Mucha Plata
Pero Tengo Cobre
Aquí Se Baila Como Bailan Los Pobres
Ca-Cachonda, Ca-Ca-Cachonda

No Tengo Mucha Plata
Pero Tengo Cobre
Aquí Se Baila Como Bailan Los Pobres
Ca-Cachonda, Ca-Ca-Cachonda

No Tengo Mucha Plata
Pero Tengo Cobre
Aquí Se Baila Como Bailan Los Pobres

Tu Me Tienes Por El Aire Volando
Como Si Estuviera Bajo El Agua Flotando
Como, Como, Como, Como
Como, Como, Como, Como
Como Si Estuviera Bajo El Agua Flotando

Tu Me Tienes Por El Aire Volando
Como Si Estuviera Bajo El Agua Flotando
Como (Wii...!), Como, Como, Como
Como, Como, Como, Como
Como Si Estuviera Bajo El Agua Flotando

(Gracias a SirGecko por esta letra)",0.7225461602210999,0.07679000496864319,0.05089641362428665,0.02947271801531315,0.03746095672249794,0.016384342685341835,0.06644939631223679,11,0,179.94,0.84,0.49
Calle 13,Latinoamérica,"Soy, soy lo que dejaron, Soy las sobras de lo que te robaron,
Un pueblo escondido en la cima, Mi piel es de cuero por eso aguata cualquier clima,
Soy una fábrica de humo, Mano de obra campesina para tu consumo,
En el medio del verano, El amor en los tiempos del cólera,
Mi hermano!

Soy el que nace y el día que muere, Con los mejores atardeceres,
Soy el desarrollo en carne viva, Un discurso sin saliva,
Las caras más bonitas que he conocido, Soy la fotografía de un desaparecido,
La sangre dentro de tus venas, Soy un pedazo de tierra que vale la pena,
Una canasta con frijoles.

Soy Maradona contra Inglaterra Anotándole dos goles.
Soy lo que sostiene mi bandera, La espina dorsal de mi planeta, en mi cordillera.
Soy lo que me enseño mi padre, El que no quiere a su patria no quiere a su madre.
Soy América Latina un pueblo sin piernas pero que camina.

Tú no puedes comprar al viento,
Tú no puedes comprar al sol
Tú no puedes comprar la lluvia,
Tú no puedes comprar al calor.
Tú no puedes comprar las nubes,
Tú no puedes comprar mi alegría,
Tú no puedes comprar mis dolores.

Tengo los lagos, tengo los ríos, Tengo mis dientes pa cuando me sonrío,
La nieve que maquilla mis montañas, Tengo el sol que me seca y la lluvia que me baña,
Un desierto embriagado con pellotes, Un trago de pulque para cantar con los coyotes,
Todo lo que necesito!

Tengo a mis pulmones respirando azul clarito,
La altura que sofoca, Soy las muelas de mi boca mascando coca,
El otoño con sus hojas desmayadas, Los versos escritos bajo las noches estrelladas,
Una viña repleta de uvas, Un cañaveral bajo el sol en cuba,
Soy el mar Caribe que vigila las casitas, Haciendo rituales de agua bendita,
El viento que peina mi cabello, Soy todos los santos que cuelgan de mi cuello,
El jugo de mi lucha no es artificial porque el abono de mi tierra es natural.
Vamos caminando, vamos dibujando el camino!

Trabajo bruto pero con orgullo, Aquí se comparte lo mío es tuyo,
Este pueblo no se ahoga con marullos, Y si se derrumba yo lo reconstruyo,
Tampoco pestañeo cuando te miro, Para que te recuerdes de mi apellido,
La operación cóndor invadiendo mi nido, Perdono pero nunca olvido, oye!

Vamos caminado, aquí se respira lucha.
Vamos caminando, yo canto porque se escucha.
Vamos caminando, aquí estamos de pie.
Que viva Latinoamérica.
No puedes comprar mi vida!

(Gracias a Andrea L. por esta letra)",0.3844771087169647,0.03881426155567169,0.036611251533031464,0.13722588121891022,0.29054173827171326,0.04645563289523125,0.06587406247854233,2,0,142.5,0.81,0.87
Calle 13,No Hay Nadie Como Tú,"En el mundo hay gente bruta y astuta,
hay vírgenes y prostitutas.
Ricos, pobres, clase media,
cosas bonitas y un par de tragedias.
Hay personas gordas, medianas y flacas,
caballos, gallinas, ovejas y vacas.
Hay muchos animales con mucha gente,
personas cuerdas y locos demente.
En el mundo hay mentiras y falsedades,
hechos, verdades y casualidades,
hay mentalidades horizontales, verticales y diagonales.
Derrotas y fracasos accidentales,
medallas, trofeos y copas mundiales.
En el mundo hay vitaminas y proteínas,
marihuana, éxstasis y cocaína.

Hay árboles, ramas, hojas y flores,
hay muchas montañas de colores.
En el mundo hay decisiones divididas,
entradas, salidas, debut, despedidas.
Hay inocentes, hay homicidas,
hay muchas bocas y poca comida.
Hay gobernantes y presidentes,
hay agua fría y agua caliente.
En el mundo hay micrófonos y altoparlantes,
hay seis mil millones de habitantes.
Hay gente ordinaria y gente elegante,
pero, pero, pero...

CORO x2:
No hay nadie como tú
no hay nadie como tú mi amor,
No hay nadie como tú.

En el mundo siempre se mueve la tierra,
hay tanques de oxígeno, tanques de guerras.
El sol y la luna nos dan energía,
se duerme de noche y se vive de día.
Hay gente que rectifica lo que dice,
hay mucha gente que se contradice.
Hay algarrobas y alga marinas,
hay vegetarianos y carnicerías.
Hay tragos amargos y golosinas,
hay enfermedades y medicinas.
Hay bolsillos llenos, carteras vacías,
hay más ladrones que policías.
hay religiones, hay ateísmo,
hay capitalismo y comunismo.
Aunque nos parecemos no somos los mismos,
porque, porque...

CORO x2:

No hay nadie como tú
no hay nadie como tú mi amor,
No hay nadie como tú.

En el mundo existen muy buenas ideas,
hay Don Quijotes y Dulcineas.
Hay sexo en el baño, sexo en la cama,
sexo sin ropa, sexo en pijama.
Hay cosas reales y melodramas,
hay laberintos y crucigramas.
Existen llamadas que nadie contesta,
hay muchas preguntas y pocas respuestas.
Hay gente valiente, gente con miedo,
gente que el mundo no le importa un bledo.
Gente parada, gente sentada,
gente soñando, gente despertando.
Hay gente que nace, gente que muere,
Hay gente que odia y gente que quiere.

En este mundo hay mucha gente,
pero, pero, pero...

CORO x7:
No hay nadie como tú
no hay nadie como tú mi amor,
No hay nadie como tú.",0.8602408766746521,0.009890581481158733,0.01521037146449089,0.02457224391400814,0.03771262988448143,0.03835306689143181,0.014020256698131561,0,1,199.95,0.86,0.69
Calle 13,Un Beso de Desayuno,"Yo quiero caminar por encima de tu pelo
Hasta llegar a tu ombligo de tu oreja
y recitarte un poquito de cosquillas
y regalarte una sabana de almejas
darte un beso de desayuno
para irnos volando hasta Neptuno
si hace frio te caliento con una sopa de
amapolas
y con un fricase de acerolas(X2)

Tu eres un panal de dulces
Fruta fresca
Tu tienes una mirada demasiao pintoresca
una mirada color infinito
tu me pones el estomago blandito
vamos pasito a pasito, siguiendonos las huellas

caminando en una tombola de estrellas
un trayecto con clima perfecto
regalame una sonrisita con sabor a viento
tu eres mi vitamina del pecho, mi fibra
tu eres todo que me equilibra
un balance, lo que me complementa
un masajito con sabor a menta
tu...tienes una cosita que brilla
que sobresale
por eso quiero que tu me regales
30 carnavales, 400 mil cuentos
una cajita pa' guardar momentos
vamos a hacer burbujas dentro el cafe
vamos a tener 100 bebes y a dejar los cliches pa'
otro dia
tu me hiciste brujeria, bruja
vamonos pa' Cuba
a cien millas, patinando por las Antillas

vamo a ser un compromiso sin capilla
con una siembra de trigo y con la luna de testigo
enrolladitos usando el mismo abrigo

Yo quiero caminar por encima de tu pelo
Hasta llegar a tu ombligo de tu oreja
y recitarte un poquito de cosquillas
y regalarteuna sabana de almejas
darte un beso de desayuno
para irnos volando hasta Neptuno
si hace frio te caliento con una sopa de
amapolas
y con un fricase de acerolas

tu eres todo un evento, una pintura
en movimiento
un arbol que respira...tu eres una diosa kalima
tu rimas

conmigo tu combina, que tal?
si me inyecto el pulgar
en la boca y me inflo como un globo?
nos estacionamos en un arbol de algarrobo
vamonos que el tiempo es oro
la noche a da'o un estiron
y tengo el oceano de chaperon
mis piernas se convirtieron en algodon
Por que estar contigo se siente cabron.

I want to walk over your hair
To arrive at your navel to your ear
recitarte and a little tickling
regalarte and a savanna of clams
give you a kiss breakfast
to go flying up Neptune
if it is cold you with a warm soup

poppies
and an Africa of acerola (X2)

You are honeycombed with sweet
Fresh Fruit
You have a look picturesque demasiao
a look infinite color
I put your stomach blandit
pasito going to pasito, following in the footsteps
walking into a tombola of stars
a journey with perfect climate
regalame a sonrisita flavored wind
you are vitamin my chest, my fiber
you are everything to me balances
stock, which complements me
masajito a flavored mint
... you have a shining cosita
who excels

that's why I want you gave me
30 carnivals, 400 thousand stories
a box pa 'save moments
we will make bubbles inside the cafe
we will have 100 babies to leave the clichés and pa '
another day
I did your brujeria, witch
vámonos PA 'Cuba
a hundred miles, skating in the Antilles
vamo to be a compromise without chapel
with a wheat sowing and the moon witness
enrolladitos using the same coat

I want to walk over your hair
To arrive at your navel to your ear
recitarte and a little tickling
regalarteuna savanna and clams

give you a kiss breakfast
to go flying up Neptune
if it is cold you with a warm soup
poppies
and an Africa of acerola

you are an entire event, a painting
moving
a tree that breathes ... you are a goddess kalima
your rhymes
Your combines with me that this?
if I inject the thumb
in the mouth and I swelled like a balloon?
We are stationed in a carob tree
vámonos that time is money
da'o night to a estirón
and I have the ocean of chaperon
my legs became cotton

Why be you feel cabron.",0.6771538257598877,0.08238544315099716,0.038676146417856216,0.047992315143346786,0.06175706163048744,0.007136260624974966,0.08489888906478882,5,0,85.05,0.86,0.76
iLe,En Cantos,"Mmm, mmm, mmm, mmm
Mmm, mmm, mmm, mmm

Yo te puedo sentir aunque no esté' ni cerca
Yo te puedo sentir aunque no esté' ni cerca
Porque te pienso al dormir y te sueño despierta
Porque te pienso al dormir y te sueño despierta

Todas tus luces me brillan y me alumbran por dentro
Todas tus luces me brillan y me alumbran por dentro
Y tus ojos me acuchillan cuando me los encuentro
Tus me acuchillan el alma cuando me los encuentro

Ay, no me llames loca por quererte así
Ay, yo que estaba entera y ahora estoy volando en cantos por ti

Por las curvas de tu boca quisiera recostarme
Por las curvas de tu boca quisiera recostarme
Tú me recuerdas a cosas que no quisiera olvidarme
Tú me recuerdas a cosas que no quisiera olvidarme

Ere' bálsamo que calma todo lo que me duele
Ere' bálsamo que calma todo lo que me duele
Me acaricias con tus palma' y tú hace' que vuele
Me acaricias con tus palma' y tú hace' que yo vuele

Ay, no me llames loca por quererte así
Ay, yo que estaba entera y ahora estoy volando en cantos por ti

Quiero ponerte en mi mesita de noche
Que me quieras sin que me reproche'
Quiero ponerte en mi mesita de noche
Que me quieras sin que me reproche'
Quiero ponerte en mi mesita de noche
Que me quieras sin que me reproche' (Que me quieras sin que)
Quiero ponerte en mi mesita de noche
Que me quieras sin que me reproche' (Que me quieras sin que me reproche')

Ay, no me llames loca por quererte así
(No me llames loca por quererte así)
Ay, yo que estaba entera y ahora estoy volando en cantos por ti
(Estoy volando en canto' por ti)
Ay, no me llames loca por quererte así
Ay, yo que estaba entera y ahora estoy volando en cantos por ti",0.4328354299068451,0.030704250559210777,0.08013477921485901,0.05993877723813057,0.2802181541919708,0.04974513128399849,0.06642347574234009,3,0,94.93,0.65,0.27
iLe,Te Quiero Con Bugalú,"Te quiero
Con Bugalú
Sin tigo
Pero con tu

Me gusta la posibilidad, de acostarme contigo
Pero contigo mi vida, yo no puedo vivir
La facilidad de bailar siempre contigo
Me fascina, pero contigo no puedo vivir

Quiero llenarte de agua las caderas
Que hablan delirios y ralladuras
Suavizarte las coyunturas
Nadarte adentro como ballena
Eres mi erizo de mar, yo soy tu almeja
Cómeme lento, quiero que me disuelvas

Te quiero, con Bugalú
Pero que yo te quiero con Bugalú
Sin tigo, pero con tu
Como un oso panda a su bambú
La vida es buena cuando estas tu

Bugalú, Bugalú
Contigo no puedo vivir

Que me toques toda en arpegios
Sentir mi cáliz por mi cintura
Soltar los ríos de mi armadura
Y que disfrutes este cruel privilegio
Tu sonrisa en la ventana de todas mis miradas
Y nos decimos adiós hasta que vuelvas

Te quiero con Bugalú
Tu eres mi chino, yo tu lulo
Sin tigo, pero con tu
Te quiero con aguacate y con mangu
Yo ya te lo dije...
Que te lo cuente piro, rodriguez",0.5089313983917236,0.05906299874186516,0.054557934403419495,0.1158200204372406,0.11849793046712875,0.07699604332447052,0.06613364815711975,0,0,139.99,0.81,0.89
iLe,Tu Rumba,"Yo no sé si es el rabito de tus ojos
Que esta buscando encontrarse con los míos
Pero siento que hay un algo tuyo que me llama entre en medio de tanto gentío
Yo no sé si tu silencio me está hablando
Yo no sé si nos habremos conocido
O sí es mi locura que anda delirando y que al final soy sólo yo que lo imagino
Hermosura que sale de ti va flotando hasta llegar a mi
No sé si tu rumba vaya con mi mambo pero tu tienes lo que estoy necesitando
No sé si tu rumba vaya con mi mambo pero tienes lo que estoy necesitando
Yo no quiero confundir las emociones
Esto puede que no vaya a funcionar
Nuestro ritmo ya tiene en su propio peso
Y no sé si la clave pueda aguantar
Dime al menos lo que pasa por tu mente para no morirme de tanta curiosidad
Dime algo y dímelo sin miedo que esto es entre nosotros nada más
Hermosura que sale de ti va flotando hasta llegar a mi
No sé si tu rumba vaya con mi mambo pero tu tienes lo que estoy necesitando
No sé si tu rumba vaya con mi mambo pero tienes lo que estoy necesitando. X2",0.6170127987861633,0.024985933676362038,0.030396489426493645,0.059057533740997314,0.16649556159973145,0.06403473019599915,0.038016948848962784,7,0,150.05,0.52,0.6
iLe,Temes,"¿Por qué me temes?
Si soy fruto de algo que no tiene nombre
El error que no comete nunca el hombre
¿Por qué me temes?

¿Por qué me temes?
Si estoy hecha para estar arrepentida
Y mi historia se ha quedado ya sin vida
¿Por qué me temes?

Si tus celo' me acuchillan por la espalda
Y e' mi culpa por haber estado sola
Si tu ira me dispara en la cabeza
¿Por qué me temes? ¿Por qué me temes?
Si mi liberta' la tiene tu despojo
Y mi cuerpo e' recipiente de tu antojo
Si mi sombra está detrá' de tu figura
¿Por qué me temes?

Si el mundo juzga con ojos cerrado'
Y todo lo que hago es un pecado
Pero si tú lo tiene' todo controlado
¿Por qué me temes?
¿Por qué me temes?

Si me arrancas todo el aire que respiro
Y mi voz la vas dejando sin sonido
Si te crees que yo sin ti no sobrevivo
¿Por qué me temes?

Si el mundo juzga con ojos cerrado'
Y todo lo que hago es un pecado
Pero si tú lo tiene' todo controlado
¿Por qué me temes?
¿A qué me temes?",0.2963123023509979,0.011066528037190437,0.024155886843800545,0.12301841378211975,0.4175076484680176,0.048896532505750656,0.07904274016618729,6,0,96.04,0.22,0.52
iLe,traguito,"En papel de la sufrida
Voy a vivirme la escena
De borracha y destruída
De tristeza y luna llena
Llorando su despedida
Me desangro por las venas
Salpico alcohol en la herida
Como si ardiera la pena

Dice que yo no soy fácil
Y qué aburrido sería
No es que yo fuera difícil
Es que fui como quería
Y por eso esoy aquí
Confesándome de nuevo
Pidiéndome otro traguito
Haciéndome que le quiero
Pidiéndome otro traguito
Hacíendome que le quiero

Que el dolor me tiene miedo
Eso se dice de mí
Que estoy hecha de veneno
Que en mala yerba me volví
Que no tengo salvación
Me deberían de encerrar
Soy solo un pobre corazón
Que se cansó de callar

Dice que yo no soy fácil
Y qué aburrido sería
No es que yo fuera difícil
Es que fui como quería
Y por eso esoy aquí
Confesándome de nuevo
Pidiéndome otro traguito
Haciéndome que le quiero
Pidiéndome otro traguito
Hacíendome que le quiero

Salud mis amores
Que beber es un placer
Como también es un derecho
Para arrancarnos del pecho dolores
Que no hay que soportar
Y si una sabe querer
Así mismo sabrá olvidar

Dice que yo no soy fácil
Y qué aburrido sería
No es que yo fuera difícil
Es que fui como quería
Y por eso esoy aquí
Confesándome de nuevo
Pidiéndome otro traguito
Haciéndome que le quiero
Pidiéndome otro traguito
Hacíendome que le quiero",0.2757132649421692,0.03944075107574463,0.06263723224401474,0.17500083148479462,0.28548097610473633,0.13678574562072754,0.02494123764336109,7,0,130.0,0.39,0.37
iLe,Triángulo,"Tengo un triangulo
Perdón, hay un triangulo
En el espacio abierto
De mis concavidades

Tengo hilos
Perdón hay tres hilos
Que me amarran los dedos
De mis extremidades

Tengo robles
Hay dos robles
Que se estiran cual sobo
Al rededor de mi

Tengo un hueco
Perdón, hay un hueco
Que me deshace toda
Hasta que no soy nadie

Tengo amargos
Perdón, hay un llanto
En el espacio abierto
De mis concavidades

Tengo fríos
Perdón, hay morimos
Quise amarrar los dedos
De mis extremidades

Tengo olores
Perdón, hay dolores
Que me estiran cual sobo
Al rededor de mi

Tengo ecos, perdón
Hay roguemos, que me besaba toda
Hasta que no soy nadie
Que me desgarra toda, hasta que soy sin ti",0.6002026200294495,0.02012161910533905,0.05017551779747009,0.07720024138689041,0.16652902960777283,0.02298165298998356,0.06278930604457855,0,0,134.99,0.32,0.41
iLe,Caníbal,"Se estrujan mis sentidos
No puedo despertar
Mi cuerpo ya curtido
Quiere reintentar

Acuchillar mis miedos
Dejarlos desangrar
Desenchufar todos mis dedos
Llegar a algún lugar

Caí
Estando arriba
Creí
Y era mentira
Estoy suspendida

La altivez me perseguía
No la supe detener
Cuando todo decrecía
Encontré como transcender

Abriendo cual cirugía
Fui descosiendo mi ser
Consumiendo en carne viva
A quien quise pretender

Caí
Estando arriba
Creí
Y era mentira
Estoy sumergida

Mientras me iba hundiendo
Un cuerpo fue devorado
El corazón desplumado
En mi estaba latiendo

Caí
Estando arriba
Creí
Y era mentira
Estoy desprendida

Caí
Estando arriba
Creí
Y era mentira",0.24854044616222382,0.0308678038418293,0.05723513662815094,0.2057664692401886,0.3374675512313843,0.08680591732263565,0.03331670165061951,11,0,120.01,0.58,0.43
Nicola Cruz,Colibria,"Cuenta la historia
de una niña
que nació del volcán
que nació del volcán,
no le tiene miedo a nada, no.

Apenas aprendí a caminar
me dejaron solita en la cascada.

Dime qué color tú ves,
dime que color tú ves
Dime si éste es amarillo,
dime si éste es azul.

Yo no entiendo nada,
todo tiene nombre.
Yo no entiendo nada,
todo tiene nombre.

Me convierto en agua,
me convierto en ola.
En agua sala'
yo vo' a nacer.

Vamos todos descalzos,
voy metiendo mis piernas.
Yo me hundo en el musgo,
voy nadando en la tierra,
voy juntando mis raíces.

Se me juntan
los brazos,
las piernas,
los hombros,
los ojos,
la nariz,
la lengua
...
la lengua,
las sienes,
el cráneo
y la nuca la siento.

No me toques la rodilla,
no me pises las plantas,
no me toques el párpado.

Apenas aprendí a caminar,
me dejaron solita en la cascada.

(Gracias a Soluna por esta letra)",0.7146792411804199,0.013696671463549137,0.030192259699106216,0.05391984432935715,0.07334111630916595,0.0984169989824295,0.01575392298400402,9,0,90.02,0.41,0.27
Chancha Vía Circuito,Ilaló,"Virgen de la madrugada
Dame claridad y tranquilidad
Lucero de la mañana
Dame luz y dame calma
Virgen de la madrugada
Dame claridad y tranquilidad
Lucero de la mañana
Dame luz y dame calma
Virgen de la madrugada
Dame claridad y tranquilidad
Lucero de la mañana
Dame luz y dame calma

Bajando por la montaña, la Luna me regaló
Un lucero en la mañana, lunita del Ilaló
Alma de la oscuridad, salvia de mi vida
Alma de la oscuridad, salvia de mi vida
Ay, ay, ay ay

Monte Seco, Padre Volcán o Madre Ilaló, Taita Coturco
Cerro Sangay, Río Upano Coto ay, ay, ay, ay
Tuna Chiguacero es mi corazón de aguacero
Miradores sobre cielo, miran al cosmos, miran al todo, miran

Frailejones dorados danzan en torno a una curandera
Una fuerte hogera, rompe descalzo
Mis pies se queman ay-ay-ay, ay-ay-ay vuelan

Bajando por la montaña, la Luna me regaló
Un lucero en la mañana, lunita del Ilaló
Alma de la oscuridad, salvia de mi vida
Alma de la oscuridad, salvia de mi vida
Ay, ay, ay ay",0.5778493881225586,0.33561015129089355,0.02171199582517147,0.018458174541592598,0.011752795428037643,0.009770439937710762,0.024847019463777542,9,1,95.02,0.57,0.11
Chancha Vía Circuito,Jardines,"Un jardín comienza con una semilla
Y una visión alimentada con la luz del sol
Sigue así, sigue así, amor mío sigue así
Riega todo al rededor tus sueños viven en mi cuerpo
Vida aquí vida aquí nada es justo vida aquí
Te regalo el resplandor, amanece en el desierto
Quiero ir quiero, quiero ir, detrás tuyo quiero ir
Comenzar la humanidad de otro planeta y universo
Corazón de paja, alma de lava, saliva de pan, colombiano sin ancestros

Un jardín de flores rojas y amarillas, tiene tu luz acurrucada en la raiz
Quiero ir, quiero ir delante tuyo quiero ir
Mostrarte mi camino de esmeraldas y diamantes
Corazón de paja, alma de lava, saliva de pan, colombiano sin recuerdos

Los jardines se iban nutriendo, se iban nutriendo con el rio Magdalena
Los delfines, delfines rosados, me iban saludando con una tierna sonrisa
Yo quisiera ser como la brisa, ser la brisa para batir tus cabellos
Y meterme, meterme dentro de ellos
Para poder ver y escuchar tu sonrisa, de flores rojas y amarillas

Viene tu luz, acurrucada en la raiz",0.7177720665931702,0.011206233873963356,0.06827875971794128,0.057324107736349106,0.06316983699798584,0.04290567710995674,0.03934339061379433,10,0,91.99,0.53,0.61
