artist,song,lyrics,sadness,fear,neutral,surprise,joy,anger,disgust,key,mode,tempo,energy,valence
Aphex Twin,Xtal,"Could those little drops of water meeting under your chin be teardrops
could that pain in your heart be there because you love a new love
well I know just how you feel
I felt that way for so many years
ever since that cloudy day you told me goodbye
and with her you walked away
now baby you're welcome
now baby you're welcome back
now baby you're welcome back to me

Did she put you down cause the new love she found looks better
did you find that a few nights of fun were all she was after
well I know just how you feel
I felt that way for so many years
ever since that cloudy day you told me goodbye
and with her you walked away
now baby you're welcome
now baby you're welcome back
now baby you're welcome back to me

Baby you're welcome
now baby you're welcome back
now baby you're welcome back to me",0.9046074748039246,0.0355719178915023,0.0242952704429626,0.0212589185684919,0.0084631107747554,0.0041182287968695,0.0016850923420861,9,0,114.53,0.51,0.32
Aphex Twin,Pulsewidth,"Could those little drops of water meeting under your chin be teardrops
could that pain in your heart be there because you love a new love
well I know just how you feel
I felt that way for so many years
ever since that cloudy day you told me goodbye
and with her you walked away
now baby you're welcome
now baby you're welcome back
now baby you're welcome back to me

Did she put you down cause the new love she found looks better
did you find that a few nights of fun were all she was after
well I know just how you feel
I felt that way for so many years
ever since that cloudy day you told me goodbye
and with her you walked away
now baby you're welcome
now baby you're welcome back
now baby you're welcome back to me

Baby you're welcome
now baby you're welcome back
now baby you're welcome back to me",0.9046074748039246,0.0355719178915023,0.0242952704429626,0.0212589185684919,0.0084631107747554,0.0041182287968695,0.0016850923420861,1,1,119.32,0.49,0.3
Aphex Twin,i,"Could those little drops of water meeting under your chin be teardrops
could that pain in your heart be there because you love a new love
well I know just how you feel
I felt that way for so many years
ever since that cloudy day you told me goodbye
and with her you walked away
now baby you're welcome
now baby you're welcome back
now baby you're welcome back to me

Did she put you down cause the new love she found looks better
did you find that a few nights of fun were all she was after
well I know just how you feel
I felt that way for so many years
ever since that cloudy day you told me goodbye
and with her you walked away
now baby you're welcome
now baby you're welcome back
now baby you're welcome back to me

Baby you're welcome
now baby you're welcome back
now baby you're welcome back to me",0.9046074748039246,0.0355719178915023,0.0242952704429626,0.0212589185684919,0.0084631107747554,0.0041182287968695,0.0016850923420861,2,1,76.92,0.09,0.03
Aphex Twin,Ageispolis,"Could those little drops of water meeting under your chin be teardrops
could that pain in your heart be there because you love a new love
well I know just how you feel
I felt that way for so many years
ever since that cloudy day you told me goodbye
and with her you walked away
now baby you're welcome
now baby you're welcome back
now baby you're welcome back to me

Did she put you down cause the new love she found looks better
did you find that a few nights of fun were all she was after
well I know just how you feel
I felt that way for so many years
ever since that cloudy day you told me goodbye
and with her you walked away
now baby you're welcome
now baby you're welcome back
now baby you're welcome back to me

Baby you're welcome
now baby you're welcome back
now baby you're welcome back to me",0.9046074748039246,0.0355719178915023,0.0242952704429626,0.0212589185684919,0.0084631107747554,0.0041182287968695,0.0016850923420861,6,0,101.76,0.39,0.44
Aphex Twin,Tha,"Could those little drops of water meeting under your chin be teardrops
could that pain in your heart be there because you love a new love
well I know just how you feel
I felt that way for so many years
ever since that cloudy day you told me goodbye
and with her you walked away
now baby you're welcome
now baby you're welcome back
now baby you're welcome back to me

Did she put you down cause the new love she found looks better
did you find that a few nights of fun were all she was after
well I know just how you feel
I felt that way for so many years
ever since that cloudy day you told me goodbye
and with her you walked away
now baby you're welcome
now baby you're welcome back
now baby you're welcome back to me

Baby you're welcome
now baby you're welcome back
now baby you're welcome back to me",0.9046074748039246,0.0355719178915023,0.0242952704429626,0.0212589185684919,0.0084631107747554,0.0041182287968695,0.0016850923420861,4,0,134.76,0.41,0.33
Buena Vista Social Club,Chan Chan,"De Alto Cedro voy para Macané
Luego a Cueto voy para Mayarí

El cariño que te tengo
Yo no lo puedo negar
Se me sale la babita
Yo no lo puedo evitar

Cuando Juanica y Chan Chan
En el mar cernían arena
Como sacudía el \'jibe\'
A Chan Chan le daba pena

Limpia el camino de pajas
Que yo me quiero sentar
En aquel tronco que veo
Y así no puedo llegar

De Alto Cedro voy para Macané
Luego a Cueto voy para Mayarí",0.1113781780004501,0.1868776381015777,0.3459314107894897,0.0351058468222618,0.0918976813554763,0.1149213761091232,0.1138878539204597,2,0,165.65,0.5,0.68
Buena Vista Social Club,Dos Gardenias,"Dos gardenias para ti
Con ellas quiero decir
Te quiero, te adoro, mi vida.

Ponles toda tu atención
Porque son tu corazón y el mío.

Dos gardenias para ti
Que tendrán todo el calor de un beso
De esos que te di
Y que jamás encontrarás
En el calor de otro querer.

A tu lado vivirán y te hablarán
Como cuando estas conmigo
Y hasta creerás
Que te dirán te quiero.

Pero si un atardecer
Las gardenias de mi amor se mueren
Es porque han adivinado
Que tu amor me ha traicionado
Porque existe otro querer.

Dos gardenias...para tí.",0.0415310114622116,0.5135056376457214,0.2386100590229034,0.0108766043558716,0.0296472366899251,0.0985996350646019,0.0672298073768615,4,0,91.77,0.2,0.55
Buena Vista Social Club,El cuarto de tula,"En el barrio la Cachimba se ha formado la corredera.
En el barrio la Cachimba se ha formado la corredera.
Allà fueron los bomberos con sus campanas y sus sirenas.
Allà fueron los bomberos con sus campanas y sus sirenas.
Ay mamà! Que pasò?
Ay mamà! Que pasò?

El cuarto de Tula, le cogiò candela.
Se quedò dormida y no,apagò la vela.

Que llamen a Ibrahim Ferrer, que busquen los bomberos!
Que yo creo que Tula lo que quieres es que le apaguen el fuego.

Ay, por ahì viene Eliades, en tremenda corredera.
Viene a observar el cuarto de Tula que ha cogido candela.

Carlo y Marco estàn mirando este fuego.
Si ahora no se apaga, se apaga luego.

Puntillita ve y busca Marco, pà que busque al Sierra Maestra.
Que vengan par acà rapido que la Tula, mira cogiò candela.

Ey Marcos, coge pronto el cubito y no te quedè allà fuera.

Llenalo de agua y ven a apagar el cuarto de Tula que ha cogido candela.
Tula està encendida, llama a los bomberos.
Tu eres candela.
Afina los cueros.

Candela, muchacho.
Se volviò loco Barbarito, hay que ingresarlo.",0.0118037005886435,0.052575871348381,0.6197972893714905,0.2121176719665527,0.0109804663807153,0.0608034431934356,0.0319215953350067,9,1,104.78,0.66,0.86
Caetano Veloso,Samba de Verão,"Você viu só que amor
Nunca vi coisa assim
E passou, nem parou
Mas olhou só pra mim...

Se voltar vou atrás
Vou pedir, vou falar
Vou dizer que o amor
Foi feitinho prá dar...

Olha, é como o verão
Quente o coração
Salta de repente
Para ver
A menina que vem...

Ela vem sempre tem
Esse mar no olhar
E vai ver, tem que ser
Nunca tem quem amar
Hoje sim, diz que sim
Já cansei de esperar
Não parei, nem dormi
Só pensando em me dar...

Peço, mas você não vem
Bem!
Deixo então!
Olho o céu
Falo só
Mas você vem...

Deixo então!
Olho o céu
Falo só
Mas você vem... (2x)

(Thanks to Rafael for these lyrics)",0.0832852870225906,0.434107631444931,0.1464744359254837,0.0362004972994327,0.0606242567300796,0.1532482802867889,0.0860595926642417,5,1,119.77,0.3,0.46
Caetano Veloso,Sampa,"Alguma coisa acontece no meu coração
Que só quando cruza a Ipiranga e a avenida São João
É que quando eu cheguei por aqui eu nada entendi
Da dura poesia concreta de tuas esquinas
Da deselegância discreta de tuas meninas

Ainda não havia para mim Rita Lee
A tua mais completa tradução
Alguma coisa acontece no meu coração
Que só quando cruza a Ipiranga e a avenida São João

Quando eu te encarei frente a frente não vi o meu rosto
Chamei de mau gosto o que vi, de mau gosto, mau gosto
É que Narciso acha feio o que não é espelho
E à mente apavora o que ainda não é mesmo velho
Nada do que não era antes quando não somos mutantes

E foste um difícil começo
Afasto o que não conheço
E quem vende outro sonho feliz de cidade
Aprende depressa a chamar-te de realidade
Porque és o avesso do avesso do avesso do avesso

Do povo oprimido nas filas, nas vilas, favelas
Da força da grana que ergue e destrói coisas belas
Da feia fumaça que sobe, apagando as estrelas
Eu vejo surgir teus poetas de campos, espaços
Tuas oficinas de florestas, teus deuses da chuva

Pan-Américas de Áfricas utópicas, túmulo do samba
Mais possível novo quilombo de Zumbi
E os novos baianos passeiam na tua garoa
E novos baianos te podem curtir numa boa",0.1777334362268448,0.0993024557828903,0.2353293746709823,0.0622451268136501,0.0781561136245727,0.2724802792072296,0.0747532323002815,0,1,114.32,0.28,0.62
Caetano Veloso,Sonhos,"Tudo era apenas uma brincadeira
E foi crescendo, crescendo, me absorvendo
E de repente eu me vi assim completamente seu
Vi a minha força amarrada no seu passo
Vi que sem você não há caminho,
eu não me acho
Vi um grande amor gritar dentro de mim como
eu sonhei um dia
Quando o meu mundo era mais mundo
E todo mundo admitia
Uma mudança muito estranha
Mais pureza, mais carinho mais calma,
mais alegria
No meu jeito de me dar
Quando a canção se fez mais clara e mais sentida
Quando a poesia realmente fez folia em minha vida
Você veio me falar dessa paixão inesperada
Por outra pessoa
Mas não tem revolta não
Eu só quero que você se encontre
saudade até que é bom
É melhor que caminhar vazio
A esperança é um dom
Que eu tenho em mim
Eu tenho sim
Não tem desespero não
Você me ensinou milhões de coisas
Tenho um sonho em minhas mãos
Amanhã será um novo dia
Certamente eu serei mais feliz

(Thanks to Rafael for these lyrics)",0.0582607463002204,0.3324735462665558,0.2794240713119507,0.0714174509048461,0.0541282966732978,0.122047372162342,0.0822485089302063,0,0,121.17,0.09,0.47
Caetano Veloso,Queixa,"Um amor assim delicado
Você pega e despreza
Não devia ter despertado
Ajoelha e não reza

Dessa coisa que mete medo
Pela sua grandeza
Não sou o único culpado
Disso eu tenho a certeza

Princesa, surpresa, você me arrasou
Serpente, nem sente que me envenenou
Senhora, e agora, me diga onde eu vou
Senhora, serpente, princesa

Um amor assim violento
Quando torna-se mágoa
É o avesso de um sentimento
Oceano sem água

Ondas, desejos de vingança
Dessa desnatureza
Bateu forte sem esperança
Contra a tua dureza

Princesa, surpresa, você me arrasou
Serpente, nem sente que me envenenou
Senhora, e agora, me diga onde eu vou
Senhora, serpente, princesa

Um amor assim delicado
Nenhum homem daria
Talvez tenha sido pecado
Apostar na alegria

Você pensa que eu tenho tudo
E vazio me deixa
Mas Deus não quer que eu fique mudo
E eu te grito esta queixa

Princesa, surpresa, você me arrasou
Serpente, nem sente que me envenenou
Senhora, e agora, me diga onde eu vou
Senhora, serpente, princesa

(Thanks to Rafael for these lyrics)",0.0360515862703323,0.6089812517166138,0.0602378062903881,0.0121714444831013,0.0366567932069301,0.1987085342407226,0.0471925549209117,11,0,104.4,0.47,0.59
D'Angelo,Untitled,"Girl, it's all on you
Have it your way
And if you want, you can decide
And if you'll have me
I can provide everything that you desire
If you get a feeling
Feeling that I'm feeling
Won't you come closer (Mm) to me, baby? (Hey)
Girl, you already got me right where you want me, baby
I, I just wanna be your man

How does it feel? Yeah (Oh)
How does it feel? Yeah, yeah (Said I wanna know, how does it feel?)
How does it feel? Yeah (How?)

How does it feel? Yeah (Yeah, oh)

I wanna stop (Wanna stop)
(Playing all) Silly little games you and me play
And I am feeling right on
If you feel the same way, baby
Let me know (Let me know) right away
I'd love to make you wet
In between your thighs 'cause
I love when it comes inside you, mm
I get so excited when I'm around you (Oh)
Baby (Woah)
Oh, ah, oh, baby

How does it feel? Yeah (Wanna know how it feels, yeah)
How does it feel? Yeah (Said did it ever cross your mind?)

How does it feel? Yeah (How, baby? Oh)
How does it feel? Yeah (Oh)
How does it feel? Yeah (Tell me how it feels, yeah)
How does it feel? Yeah (Said it's been on my mind)
How does it feel? Yeah (Oh, oh)
How does it feel? Yeah
Ooh, long time, uh

Said it's been on my mind, yeah
Baby, close the door
Listen, girl, I've got something I wanna show you
All I wanna do
Wish you'd open up (Wish you'd open up)
'Cause I wanna take the walls down with you
Oh, yeah
If you want me to, baby (Yeah)

Only if you want me to, baby (Yeah)
Baby, baby, baby
Ah-ah (Ah)
Ah-ah (Ah)
Ah, only if you want me to, baby

I wanna
I wanna lay you down
Kiss you all around
All around, all around
Make you feel
Oh-oh

Yeah, yeah
Yeah, yeah
Yeah, yeah
Yeah, yeah
How does it feel? (Woo, feel)

How does it feel? (Said I gotta know right now, yeah)
How does it feel? (Let me take off your clothes and I'll)
How does it feel? (I'll-I'll-I'll, I'll-I'll, yeah, yeah, baby)
How does it feel? (Wanna take you away from here, baby)
How does it feel? (Take you on a little trip back home, yeah)
How does it feel? (Do you know what I'm talkin' about, baby?)
How does it feel? (Yeah, yeah, yeah, yeah, yeah)
How does it feel? (Yeah, yeah)
How does it feel? (Yeah, yeah, yeah)
(Yeah, yeah, yeah)
How does it feel? (Yeah, yeah, yeah)
(Yeah, yeah, yeah)

How does it feel?",0.0604686550796031,0.581596851348877,0.1288709789514541,0.0095329349860548,0.0242191720753908,0.1177693605422973,0.0775420814752578,4,0,112.62,0.3,0.22
D'Angelo,Lady,"You're my lady
You're my lady
You're my lady
You're my lady

Don't think I don't see them looking at ya
All of them wishing they could have ya
And as a matter of fact, uh
A bunch of them are itchin'for you to scratch'em
I'm tired of hiding what we feel
I'm trying to get with the real
And I'm-a gonna make it known
'Cause I want them to know

You're my lady
You're my lady

You're my lady
You're my lady

You're my little baby, my darling baby
I swear you're the talk of the town
And everybody wants to know what's going down
Babe, I know they've seen us before
Maybe at the liquor store, or maybe at the health food stand
They don't know that I'm your man

You're my lady
You're my lady
You're my lady
You're my lady

I can tell they're looking at us
I pick you up everyday from your job

And every guy in the parking lot wants to rob me of my girl
And my heart and soul, and everybody wants to treat me so cold
But I know I love you and you love me
There's no other lover for you or me
You're my lady

You're my lady
My divine lady
You're my lady
Such a wonderful lady
I can tell they're looking at us.",0.249738335609436,0.0873430520296096,0.3083308041095733,0.1007958129048347,0.0530595853924751,0.0808613002300262,0.1198711171746254,8,0,84.9,0.36,0.72
D'Angelo,Really Love,"[Gina Figueroa]
¿Me amas? ¿Sí? ¿Me amas?
Yo te quiero mucho
Todo el tiempo que pasamos
Lo que te quería decir es que tú está' jodiéndome la vida
Yo no quería pelear contigo, yo solamente te quería amar
Pero tú era' muy celoso, querías ser mi dueño
Pero yo soy libre
¿Quieres ser mi rey y yo tu reina?
No sé si confío en ti
Pero yo te quiero mucho

[D'Angelo]
When you call my name

When you love me gently
When you're walking near me
Doo doo, wah, I'm in really love with you
I'm in really love with you

[D'Angelo]
When you look at me, oh, my Lord
I open up instantly
I fall in love so quickly
Doo doo, wah, I'm in really love with you
Doo doo, wah, I'm in really love with you
I'm in really love with you

[D'Angelo]
All night beside you I'd lay
I love you deep when you come to my bed
Doo doo, wah, I'm in really love with you
Wah, I'm in really love with you, huh

I'm in really love with you

[D'Angelo]
When you touch me there (Touch me there)
When you make me tingle
When our nectars mingle
Doo doo, wah, I'm in really love with you
I'm in really love
I'm not an easy man, no, to overstand, you feel me?
But girl, you're patient with me
Doo doo, wah, I'm in really love with you, yeah, yeah
I'm in really love with you

[D'Angelo]
All night I wish for you here
Lay your head beside of my hip

Doo doo, wah, I'm in really love with you
I'm in really love with you
Love me, baby

[D'Angelo]
Doo doo, wah, I'm in really love with you
I'm in really love with you
Doo doo, wah, I'm in really love with you
I'm in really love with you, ooh
Yeah, yeah, I'm in really love with you
Oh, how I love the little things you do
I'm in really love with you
I'm in really love with you, yeah
I'm in really love with you
I'm in really love with you",0.0180696137249469,0.2487357556819915,0.3646290004253387,0.1729865819215774,0.0188125632703304,0.1018663495779037,0.0749000161886215,4,0,78.52,0.4,0.32
Erykah Badu,Next Lifetime,"{1} - Now what am I supposed to do
When I want you in my world
How can I want you for myself
When I'm already someone's girl? {2 times}

First time that I saw you boy
It was a warm and sunny day
All I know is I wanted you
I really hoped you looked my way
When you smiled at me
So warm and sweet
I could not stay
You make me feel like a lilting girl
What do you do to me

{Repeat 1 (2 times)}

I guess I'll see you next lifetime
No hard feelings
I guess I'll see you next lifetime
I'm gonna be there

You're imaging
Feels so damn good to me
It picks me up don't wanna come down
You got me spinning all around
Yeah
You need to know
I've got that somebody
You're beautiful
But it ain't that type of party

{Repeat 1 (2 times)}

Well I guess I'll see you next lifetime
Baby we'll be butterflies
I guess I'll see you next lifetime
That sounds so divine
I guess I'll see you next lifetime
I guess I will now
I guess I'll see you next lifetime
Wait
Wait a little while

See it ain't nothing wrong with dreaming
Boy don't get me wrong
Cause every time (every time) I see you (every single time)
I know just how strong (every single time)
That my love is for my baby
But emotions just don't lie
Well I know I'm a lot of woman
But not enough to divide the pie

{Repeat 1 (1 time)}

I guess I'll see you next lifetime
You know I want to stay around
I guess I'll see you next lifetime
I'm so confused now

{Repeat 1 (1 time)}

I guess I'll see you next lifetime
Already
I'm going to be there
I guess I'll see you next lifetime
I'm going to look for you

{Repeat 1 (1 time)}

I guess I'll see you next lifetime
Oh
Oh baby
I'm gonna be there
I'm gonna be there",0.0069650295190513,0.0081556569784879,0.0335214287042617,0.0182326752692461,0.920307159423828,0.008740740828216,0.0040773856453597,8,0,129.91,0.42,0.33
Erykah Badu,Appletree,"I'd like to dedicate this to all the children
I have some food in my bag for you
Not the edible food, the food you eat, no
Perhaps some food for thought
Since knowledge is infinite
It has infinitely fell on me, so um...

It was a stormy night, you know the kind where the lightnin' strike
And I was hangin' out with some my yatzhee friends
ooh wee ooh wee ooh wee
The night was long, the night went on, people coolin' out until the break of dawn
Incense was burnin' so I'm feelin' right, aight

See I picks my friends like I pick my fruit
My Ganny told me that when I was only a youth
I don't walk around trying to be what I'm not
I don't waste my time trying to get what you got
I work at pleasin' me
Cause I can't please you and that's why I do what I do
My soul flies free like a willow tree
doo wee doo wee doo wee

And if you don't want to be down with me, then you don't want to pick from my
apple tree x3
And if you don't want to be down, you just don't want to be down

I have a hoe
And I take it everywhere I go
Cause I'm plantin' seeds so I reaps what I sow, ya know, ya know
On and on, and on and on my (?) keep's movin' like a rollin' stone
I can't control the soul flowin' in me
ooh wee ooh wee

See I picks my friends like I pick my fruit
My Ganny told me that when I was only a youth
I don't walk around trying to be what I'm not
I don't waste my time trying to get what ya got
I work at pleasin' me
Cause I can't please you and that's why I do what I do
My soul flies free like a willow tree
doo wee doo wee doo wee

And if you don't want to be down with me, you don't want to pick from my apple tree x3
And if you don't want to be down with me, you just don't want to be down
Oh my my my my, oh my my my my, oh my my my my my my my

I picks my friends like I pick my fruit
My Ganny told me that when I was only a youth
I don't walk around trying to be what I'm not
I don't waste my time trying to get what you got
I work at pleasin' me
Cause I can't please you, and thats why I do what I do
My soul flies free like a willow tree
doo wee doo wee doo wee

And if you don't want to be down with me, you don't want to pick from my apple tree
And if you don't want to be down with me, dum dum diddy
And if you don't want to be down with me, you don't want to pick from my apple tree
And if you don't want to be down with me, you just don't want to be down
You just don't want to be down,
You just don't want to be down

Fade",0.1354140490293502,0.4668835997581482,0.1915315836668014,0.1124539449810981,0.0218854714184999,0.0630197450518608,0.0088116396218538,7,1,94.87,0.45,0.59
Erykah Badu,Window Seat,"So, presently
I'm standing here right now
You're so demanding
Tell me what you want from me

Concluding, concentrating
On my music, lover and my babies
Makes me wanna ask the lady
For a ticket outta town

So can I get a window seat?
Don't want nobody next to me
I just want a ticket outta town
A look around and a safe touch down

Window seat
Don't want nobody next to me
I just want a chance to fly
A chance to cry and a long bye-bye

But I need you to want me
Need you to miss me
I need your attention
I need you next me

I need someone to clap for me
I need your direction
Somebody say, come back
Come back, baby, come back
I want you to need me

Come back, come back, baby, come back
Come back, come back, baby, come back
Come back, come back, baby, come back

So, in my mind I'm tusslin'
Back and forth 'tween here and hustlin'
I don't wanna time travel no more
I wanna be here, I'm thinking

On this porch I'm rockin'
Back and forth like Lightning Hopkins
If anybody speak to Scotty
Tell him, beam me up

So can I get a window seat?
Don't want nobody next to me
I just want a ticket outta town
A look around and a safe touch down

Window seat
Don't want nobody next to me
I just want a chance to fly
A chance to cry and a long bye-bye

But I need you to miss me
Need somebody come get me
I need your attention
Need your energy, yes, I do

I need someone to clap for me
Need your affection
Somebody say, come back
Come back, baby, come back
I want you to need me

Come back, come back, baby, come back
Come back, come back, baby, come back
Come back, come back, baby, come back

But can I get a window seat?
Don't want nobody next to me
I just want a ticket outta town
A look around and a safe touch down

I just need a chance to fly
A chance to cry and a long bye-bye",0.0492699183523654,0.1548314541578292,0.1945647597312927,0.1076579466462135,0.0079215308651328,0.4194220006465912,0.0663323029875755,0,0,82.19,0.54,0.56
Erykah Badu,Bag Lady,"Bag lady you gone hurt your back
Dragging all them bags like that
I guess nobody ever told you
All you must hold on to
Is you, is you, is you

One day all them bags gone get in your way
One day all them bags gone get in your way
I said one day all them bags gone get in your way
One Day all them bags gone get in your way

So pack light
Pack light
Pack light
Ooh ooh

Bag lady you gone miss your bus
You can't hurry up
Cause you got too much stuff
When they see you comin
Niggas take off runnin
>From you it's true oh yes they do

One day he gone say you crowdin my space
One day he gone say you crowdin my space
I said one day he gone say you crowdin my space
One day he gone say you crowdin my space

So pack light
Pack light
Pack light
Ooh ooh

Girl I know sometimes it's hard
And we can't let go
Oh when someone hurts you oh so bad inside
You can't deny it you can't stop crying
So oh, oh, oh
If you start breathin
Then you won't believe it
You'll feel so much better
(So much better baby)

Bag lady
Let it go, let it go, let it go, let it go
Ooh, ooh
Girl you don't need it
I betcha love can make it better
Betcha love can make it better
Betcha love can make it better
(Need someone to love you right)
Betcha love can make it better
(I betcha love, betcha love)
Betcha love can make it better
Betcha love can make it better
Betcha love can make it better
Betcha love can make it better
(I betcha love, betcha love)
Betcha love can make it better
(I betcha love, I betcha love, oh)
Betcha love can make it better
Betcha love can make it better
(Oh...)
Betcha love can make it better...

Bag lady, hmm
Let it go, let it go, let it go, let it go
Girl you don't need that, hmm",0.2068842351436615,0.0516079440712928,0.2064867317676544,0.2546016275882721,0.0130985146388411,0.132549375295639,0.1347716003656387,5,0,151.18,0.42,0.58
Erykah Badu,Orange Moon,"I'm an Orange Moon
I'm an Orange Moon
Reflecting the light of the sun

Many nights he was alone
Many, many, many nights
His light was so bright that they turned away
And he stood alone
Every night and every day
Then he turned to me
He saw his reflection in me
And he smiled at me when he turned to me
Then he said to me

How good it is, how good it is
How good it is, how good it is

I'm an Orange Moon
I'm brighter than before
Brighter than ever before
I'm an Orange Moon and I shine so bright
Cause I reflect the light of my sun
I praise the day, he turned my way
And smiled at me
He gets to smile and I get to be orange, that I love to be

How good it is, how good it is
How good it is, how good it is
How good it is, how good it is
How good it is, how good it is

(Oh...)
Shine so bright
(Oh...)
He ruled the day, I ruled the night
(Oh...)
Shine, shine, shine
(Oh...)

How good it is, how good it is
How good it is, how good it is
How good it is, how good it is
How good he is, how god is
How good it is, how good it is
How good it is, how god is
How good it is, how good it is

I'm an orange moon
I'm brighter than before, brighter
Reflecting the light of the sun
Smile at me",0.8965056538581848,0.0394353605806827,0.0219065118581056,0.0063215256668627,0.0233783964067697,0.0038909390568733,0.0085615068674087,5,0,97.97,0.15,0.12
Flume,Never Be Like You,"What I would do to take away this fear of being loved
Allegiance to the pain
Now I'm fucked up and I'm missing ya
He'll never be like you
I would give anything to change this fickle-minded heart
That loves fake shiny things
Now I'm fucked up and I'm missing ya
He’ll never be like you

I'm only human can't you see
I made, I made a mistake
Please just look me in my face
Tell me everything's okay
Cause I got it
He’ll never be like you

I'm only human can't you see
I made, I made a mistake
Please just look me in my face
Tell me everything's okay
Cause I got it
He’ll never be like you

How do I make you wanna stay?
Hate sleeping on my own, missing the way you taste
Now I'm fucked up and I'm missing ya
He’ll never be like you
Stop looking at me with those eyes
Like I could disappear and you wouldn't care why
Now I'm fucked up and I'm missing ya
He’ll never be like you

I'm only human can't you see
I made, I made a mistake
Please just look me in my face
Tell me everything's okay
Cause I got it (ooh)
He’ll never be like you

I'm only human can't you see
I made, I made a mistake
Please just look me in my face
Tell me everything's okay
Cause I got it (ooh)
He’ll never be like you

I'm falling on my knees
Forgive me, I'm a fucking fool
I'm begging, darling, please
Absolve me of my sins, won't you?

Oooh
I'm falling on my knees
Forgive me, I'm a fucking fool
I'm begging, darling, please
Absolve me of my sins, won't you?

I'm only human can't you see
I made, I made a mistake
Please just look me in my face
Tell me everything's okay
Cause I got it (ooh)
He’ll never be like you

I'm only human can't you see
I made, I made a mistake
Please just look me in my face
Tell me everything's okay
Cause I got it (ooh)
He’ll never be like you

Baby, baby please believe me
C'mon take it easy
Please don't ever leave me (ooh)
He’ll never be like you",0.007643979974091,0.9406840205192566,0.0064270291477441,0.0013568137073889,0.0019849564414471,0.0392379239201545,0.0026653432287275,0,1,115.06,0.56,0.3
Flume,Never Be Like You,"What I would do to take away
This fear of being loved Allegiance to the pain
Now I'm fucked up and I'm missing ya
He'll never be like you

I would give anything to change
This fickle-minded heart
That loves fake shiny things
Now I'm fucked up and I'm missing ya
He'll never be like you

I'm only human, can't you see?
I made, I made a mistake
Please just look me in my face
Tell me everything's okay
'Cause I got it
He'll never be like you

I'm only human, can't you see?
I made, I made a mistake
Please just look me in my face
Tell me everything's okay
'Cause I got it
He'll never be like you

How do I make you wanna stay?
Hate sleeping on my own,
Missing the way you taste
Now I'm fucked up and I'm missing ya
He'll never be like you

Stop looking at me with those eyes
Like I could disappear
And you wouldn't care why
Now I'm fucked up and I'm missing ya
He'll never be like you

I'm only human, can't you see?
I made, I made a mistake
Please just look me in my face
Tell me everything's okay
'Cause I got it
He'll never be like you

I'm only human, can't you see?
I made, I made a mistake
Please just look me in my face
Tell me everything's okay
'Cause I got it
He'll never be like you

I'm falling on my knees
Forgive me, I'm a fucking fool
I'm begging, darling, please
Absolve me of my sins, won't you?

I'm falling on my knees
Forgive me, I'm a fucking fool
I'm begging, darling, please
Absolve me of my sins, won't you?

I'm only human, can't you see?
I made, I made a mistake
Please just look me in my face
Tell me everything's okay
'Cause I got it
He'll never be like you

I'm only human, can't you see?
I made, I made a mistake
Please just look me in my face
Tell me everything's okay
'Cause I got it
He'll never be like you

Baby, baby please believe me
C'mon take it easy
Please don't ever leave me
He'll never be like you",0.0065690451301634,0.9025020003318788,0.0083190826699137,0.0038230519276112,0.0021432375069707,0.074244737625122,0.002398746786639,0,1,115.06,0.56,0.3
Flume,Drop the Game,"(with Chet Faker)

I've been seeing all, I've been seeing your soul
Give me things that I've wanted to know
Tell me things that you've done
I've been feeling old, I've been feeling cold
You're the heat that I know
Listen, you are my sun

Oh oh oh oh oh

Hush, I said there's more to life than rush
Not gonna leave this place with us
Drop the game, it's not enough
Hush, I said there's more to life than rush
Not gonna leave this place with us
Drop the game, it's not enough

I've been seeing all, I've been seeing your soul
Give me things that I've wanted to know
Tell me things that you've done
I've been feeling old, I've been feeling cold
You're the heat that I know
Listen, you are my sun

Oh oh oh oh oh

I've been seeing all, I've been seeing your soul
Give me things that I've wanted to know
Tell me things that you've done
I've been feeling old, I've been feeling cold
You're the heat that I know
Listen, you are my sun

Oh oh oh oh oh

I've been seeing all, I've been seeing your soul
Give me things that I've wanted to know
Tell me things that you've done
I've been feeling old, I've been feeling cold
You're the heat that I know
Listen, you are my sun

Oh oh oh oh oh",0.5179173350334167,0.150551438331604,0.1307653039693832,0.0511547438800334,0.014268790371716,0.0656223222613334,0.0697199553251266,4,0,77.87,0.66,0.41
Flume,The Difference,"The difference in between
All the faces you read
When the grass ain't green
When you fix everything

I don't know about you but I got to get it out and I don't know how soon
But if we die, I want to bring the whole thing

Ooooooh

Who cares about a game
When it's all been replaced
Each level feels the same
It really goes either way

I don't know about you but I got to get it out and I don't know how soon
But if we die, I want to bring the whole thing

Ooooooh

Just another world that I gotta get a grip of and hold onto
Just another world that I gotta get a grip of and hold on
Just another world that I gotta get a grip of and hold onto
Just another world that I gotta get a grip of and hold onto",0.414203405380249,0.06909691542387,0.1037657409906387,0.2676992118358612,0.0137574458494782,0.0523270145058631,0.0791502892971038,1,1,159.96,0.87,0.42
Flume,Holdin On,"To keep on holdin' on, holdin' on
To keep on holdin' on, holdin' on

Ya'll know (yes I do)
Alotta hip shaking, mama I love you (I know)

Can't turn you loose, no, no
Cause I need all the joy you bring, oh
Hey, I can't let you go with nobody
Cause I love you baby, yes I do

Don't give you everything I hope
Cause I gotta, gotta keep holdin' on, holdin' on
I can't, I can't (let you) let you go away no no, away, no no
You keep holdin' up, you keep holdin' up, holdin' on

I can't, I can't, I can't tell you",0.0410360768437385,0.7975452542304993,0.0357434600591659,0.0024667924735695,0.0150901060551404,0.0947142019867897,0.0134040676057338,8,1,90.05,0.44,0.22
Flume,Say It,"Feeling the song, party done
Shadows walking home
Walking with our game
You are my kind, classic mind
And you look so fine
Mmm, mmm, mmm, mmm
Loving the cold, smoke a roll
See your fingers shake
I'm getting through your heart break
Some kinda freak, sing for me
Don't know what I need
Mmm, mmm, mmm, mmm

Don't doubt me babe
You make me wanna change
Break my bed to make me wanna stay
I can't...
Bite me babe
You make me love the pain
Break my bed to make me wanna stay
I can't...

When you say it like that
Oh, oh, oh, oh
Got me falling right back
Oh, oh, oh, oh
Mmm, mmm, mmm, mmm
When you say it like that
Oh, oh, oh, oh
Let me fuck you right back
Oh, oh, oh, oh
Mmm, mmm, mmm, mmm

I'm getting the door, silent walk
Whose the first to speak?
Speak it like a real freak
Voice in my head, in my bed
Filled with you instead
Mmm, mmm, mmm, mmm
Taking your time, work my mind
And I play with you
I play pretend it's so true
Follow me down
Listen 'round to the deep dark sound
Mmm, mmm, mmm, mmm

Don't doubt me babe
You make me wanna change
Break my bed to make me wanna stay
I can't...
Bite me babe
You make me love the pain
Break my bed to make me wanna stay
I can't...

When you say it like that
Oh, oh, oh, oh
Got me falling right back
Oh, oh, oh, oh
Mmm, mmm, mmm, mmm
When you say it like that
Oh, oh, oh, oh
Let me fuck you right back
Oh, oh, oh, oh
Mmm, mmm, mmm, mmm

Oh, oh, oh, oh
Oh, oh, oh, oh
Oh, oh, oh, oh
Oh, oh, oh, oh
When you say it like that
Oh, oh, oh, oh

Don't doubt me babe
You make me wanna change
Break my bed to make me wanna stay
I can't...
Bite me babe
You make me love the pain
Break my bed to make me wanna stay
I can't...

When you say it like that
Oh, oh, oh, oh
Got me falling right back
Oh, oh, oh, oh
Mmm, mmm, mmm, mmm
When you say it like that
Oh, oh, oh, oh
Let me fuck you right back
Oh, oh, oh, oh
Mmm, mmm, mmm, mmm",0.027272529900074,0.8773197531700134,0.0383332893252372,0.0112511524930596,0.0221507791429758,0.0168556328862905,0.0068167895078659,3,0,74.96,0.53,0.26
Flume,Say It,"Feelin' the sun, party done
Shadows walking home
Walking with our game on
You are my kind, classic mind
And you look so fine
Mmm, mmm, mmm, mmm
Loving the cold, smoke a roll
See your fingers shake
I’m getting through your heart break
Some kinda freak, sing for me
Don’t know what I need
Mmm, mmm, mmm, mmm

Don’t doubt me babe
You make me wanna change
Break my bed to make me wanna stay
I can’t
Bite me babe
You make me love the pain
Break my bed to make me wanna stay
I can’t

When you say it like that
Oh, oh, oh, oh
Got me falling right back
Oh, oh, oh, oh
Mmm, mmm, mmm, mmm
When you say it like that
Oh, oh, oh, oh
Let me fuck you right back
Oh, oh, oh, oh
Mmm, mmm, mmm, mmm

I’m getting the door, silent walk
Whose the first to speak?
Speak it like a real freak
Voice in my head, in my bed
Filled with you instead
Mmm, mmm, mmm, mmm
Taking your time, work my mind
And I play with you
I play pretend it’s so true
Follow me down
Listen ’round to the deep dark sound
Mmm, mmm, mmm, mmm

Don’t doubt me babe
You make me wanna change
Break my bed to make me wanna stay
I can’t
Bite me babe
You make me love the pain
Break my bed to make me wanna stay
I can’t

When you say it like that
Oh, oh, oh, oh
Got me falling right back
Oh, oh, oh, oh
Mmm, mmm, mmm, mmm
When you say it like that
Oh, oh, oh, oh
Let me fuck you right back
Oh, oh, oh, oh
Mmm, mmm, mmm, mmm

Oh, oh, oh, oh
Oh, oh, oh, oh
Oh, oh, oh, oh
Oh, oh, oh, oh
When you say it like that
Oh, oh, oh, oh

Don’t doubt me babe
You make me wanna change
Break my bed to make me wanna stay
I can’t
Bite me babe
You make me love the pain
Break my bed to make me wanna stay
I can’t

When you say it like that
Oh, oh, oh, oh
Got me falling right back
Oh, oh, oh, oh
Mmm, mmm, mmm, mmm
When you say it like that
Oh, oh, oh, oh
Let me fuck you right back
Oh, oh, oh, oh
Mmm, mmm, mmm, mmm",0.0179908368736505,0.9247774481773376,0.0189466401934623,0.0176138188689947,0.0081056179478764,0.009446176700294,0.0031194381881505,3,0,74.96,0.53,0.26
Flume,Sleepless,"(feat. Jezzabell Doran)

My rhymes so unspeakable
My dreams so unreachable
Give it a purpose, cause life itself isn't meaningful
Now that's the truth, I'm speaking for the youth
That's aiming for the top but falling from the roof
Here we, here we go again, with my paper and my pen
Summer 2012 its the year of the end, or is it?
Exquisite lyrics, you hear it or do you fear it
Jammin' in my car, smelling like teen spirit
I see a star falling form the sky, should I catch it
I wanna die in my car, should I wreck it

This drug makes you hooked once, should I test it
Yes no maybe so, now its time for me to grow
Outside of my flow, Do I ever get to know
what my real passion is, why am I so imaginative
Adverb, pronoun, noun, verb, adjective
Mouth running, talking shit, cool it with the laxatives
But its time, to recognize Armageddon's signs
Start lootin' stores, kill whoever, I don't mind
If you see me, don't bro me if you don't know me
That goes to you, you, you and all my homeys

Cause nobody knows me, and nobody told me
How to write poetry, this fucking world owes me
Everything I've ever wanted, fuck you and fuck your life
Fuck you everyday, fuck you every night
Look at all the fucks I give I should start a charity
Bitches thinking they in love, bitches starting to scare me
Only love is family, and my lost dog charlie
If you've seen a white English bull dog call me
All I want out of this world is a changed world
All I want is a metaphysical dream girl

To smoke DMT and weed starting at the universe
Trying to figure out how, nothingness is giving birth
To all of reality, if space had gravity
Would we fall forever or will hit the ground
I wanna step outside the Universe and see whats all around
Cause I don't believe in anything, not even myself
Only way to wake up from the dream is through death
But I keep my sanity, or whatevers left
Cause I gotta keep striving, opposite of thriving
Gotta stay alive and, always keep trying",0.0187942665070295,0.9661558866500854,0.0025075546000152,0.0071581532247364,0.0014407745329663,0.0028417429421097,0.001101771602407,9,0,175.13,0.69,0.39
Four Tet,Two Thousand And Seventeen,[Non-Lyrical Vocals],0.0461724139750003,0.0181969441473484,0.7792564630508423,0.0130178341642022,0.0290230866521596,0.0135349845513701,0.1007982343435287,2,1,75.5,0.47,0.5
Four Tet,Angel Echoes,"Help, I have done it again
I have been here many times before
Hurt myself again today
And the worst part is there's no one else to blame
Be my friend, hold me
Wrap me up, unfold me
I am small, I'm needy
Warm me up and breathe me
Ouch, I have lost myself again
Lost myself and I am nowhere to be found
Yeah, I think that I might break
Be my friend, hold me
Wrap me up, unfold me
I am small, I'm needy
Warm me up and breathe me
Be my friend, hold me
Wrap me up, unfold me
I am small, I'm needy
Warm me up and breathe me",0.4961865842342376,0.3085445165634155,0.0534461736679077,0.0059727765619754,0.0024497408885508,0.1064901351928711,0.026910200715065,7,0,115.0,0.53,0.15
Led Zeppelin,Stairway to Heaven,"There's a lady who's sure
All that glitters is gold
And she's buying a stairway to heaven.
When she gets there she knows
If the stores are all closed
With a word she can get what she came for.
Ooh, ooh, and she's buying a stairway to heaven.
There's a sign on the wall
But she wants to be sure
'Cause you know sometimes words have two meanings.
In a tree by the brook
There's a songbird who sings,
Sometimes all of our thoughts are misgiven.
Ooh, it makes me wonder,
Ooh, it makes me wonder.
There's a feeling I get
When I look to the west,
And my spirit is crying for leaving.
In my thoughts I have seen
Rings of smoke through the trees,
And the voices of those who stand looking.
Ooh, it makes me wonder,
Ooh, it really makes me wonder.
And it's whispered that soon, If we all call the tune
Then the piper will lead us to reason.
And a new day will dawn
For those who stand long
And the forests will echo with laughter.
If there's a bustle in your hedgerow, don't be alarmed now
It's just a spring clean for the May queen.
Yes, there are two paths you can go by
But in the long run
There's still time to change the road you're on.
And it makes me wonder.
Your head is humming and it won't go
In case you don't know,
The piper's calling you to join him,
Dear lady, can you hear the wind blow,
And did you know
Your stairway lies on the whispering wind.
And as we wind on down the road
Our shadows taller than our soul.
There walks a lady we all know
Who shines white light and wants to show
How ev'rything still turns to gold.
And if you listen very hard
The tune will come to you at last.
When all are one and one is all
To be a rock and not to roll.
And she's buying a stairway to heaven",0.0634667724370956,0.012818681076169,0.3043394684791565,0.5077381134033203,0.0655326545238494,0.0142622096464037,0.0318421423435211,9,0,82.43,0.34,0.2
Led Zeppelin,Immigrant Song,"(2, 3, 4)

Ahh! Ahh!
We come from the land
Of the ice and snow
From the midnight sun
Where the hot springs blow

The hammer of the gods
Will drive our ships to new lands
To fight the horde
Sing and cry
Valhalla, I am coming

On we sweep with threshing oar
Our only goal will be the western shore

Ahh! Ahh!
We come from the land
Of the ice and snow
From the midnight sun
Where the hot springs blow

How soft your fields so green
Can whisper tales of gore
Of how we calmed the tides of war
We are your overlords

On we sweep with threshing oar
Our only goal will be the western shore

So now you'd better stop
And rebuild all your ruins
For peace and trust can win the day
Despite of all your losing",0.1225995048880577,0.3841786384582519,0.0612704716622829,0.0816203728318214,0.0295055620372295,0.3078387975692749,0.0129866693168878,11,1,112.95,0.93,0.62
Led Zeppelin,Whole Lotta Love,"You need coolin', baby, I'm not foolin',
I'm gonna send you back to schoolin',
Way down inside honey, you need it,
I'm gonna give you my love,
I'm gonna give you my love.

[Chorus]
Wanna Whole Lotta Love [X4]

You've been learnin', baby, I bean learnin',
All them good times, baby, baby, I've been yearnin',
Way, way down inside honey, you need it,
I'm gonna give you my love... I'm gonna give you my love.

[Chorus]

You've been coolin', baby, I've been droolin',
All the good times I've been misusin',
Way, way down inside, I'm gonna give you my love,
I'm gonna give you every inch of my love,
Gonna give you my love.

[Chorus]

Way down inside... woman... You need... love.

Shake for me, girl. I wanna be your backdoor man.
Keep it coolin', baby",0.0711800903081893,0.0131002431735396,0.3740231692790985,0.0213804114609956,0.4146845936775207,0.0663536787033081,0.0392778068780899,9,1,89.74,0.9,0.42
Led Zeppelin,Black Dog,"Hey, hey, mama, said the way you move, gonna make you sweat, gonna make you groove.
Oh, oh, child, way you shake that thing, gonna make you burn, gonna make you sting.
Hey, hey, baby, when you walk that way, watch your honey drip, can't keep away.

[Chorus]
Ah yeah, ah yeah, ah, ah, ah. Ah yeah, ah yeah, ah, ah, ah.

I gotta roll, can't stand still, got a flame in my heart, can't get my fill.
Eyes that shine burning red, dreams of you all through my head.

Ah ah ah ah ah ah ah ah ah ah ah ah ah.

Hey, baby, oh, baby, pretty baby, Tell me won't you do me now.

Didn't take too long 'fore I found out, what people mean my down and out.
Spent my money, took my car, started telling her friends she wants to be a star.
I don't know but I been told, a big-legged woman ain't got no soul.

[Chorus]

All I ask for when I pray, steady rollin' woman gonna come my way.
Need a woman gonna hold my hand, won't tell me no lies, make me a happy man",0.0093778679147362,0.3883263170719147,0.0597302317619323,0.0054484969004988,0.0054242801852524,0.3799874484539032,0.1517053246498108,4,0,81.39,0.86,0.75
Led Zeppelin,Kashmir,"Whoa, let the sun beat down upon my face
And stars to fill my dream
I am a traveler of both time and space
To be where I have been
T' sit with elders of the gentle race
This world has seldom seen
Th' talk of days for which they sit and wait
All will be revealed
Talk and song from tongues of lilting grace
Whose sounds caress my ear
But not a word I heard could I relate
The story was quite clear
Whoa-hoh, whoa-wa-oh
Oooh, oh baby, I been flyin'
Lord, yeah, mama, there ain't no denyin'
Oh, oooh yes, I've been flying
Mama, mama, ain't no denyin', no denyin'
Oh, all I see turns to brown
As the sun burns the ground
And my eyes fill with sand
As I scan this wasted land
Tryin' to find, tryin' to find where I beeeeeuhoaoh
Oh, pilot of the storm who leaves no trace
Like thoughts inside a dream
Heed the path that led me to that place
Yellow desert stream
My Shangri-La beneath the summer moon
Will return again
Sure as the dust that floats b'hind you
When movin' through Kashmir
Oh, father of the four winds, fill my sails
Across the sea of years
With no provision but an open face
'Long the straits of fear
Whaoh, whaoh
Whaoh-oh, oh
Ohhhh
Well, when I want, when I'm on my way, yeah
When I see, when I see the way, you stay-yeah
Ooh, yeah-yeah, ooh, yeah-yeah, well I'm down, yes
Ooh, yeah-yeah, ooh, yeah-yeah, well I'm down, so down
Ooh, my baby, oooh, my baby, let me take you there
Oh, oh, come on, come on
Oh, let me take you there
Let me take you there
Whoo-ooh, yeah-yeah, whoo-ooh, yeah-yeah, let me take you",0.01232495252043,0.8949512243270874,0.0151261873543262,0.0569320581853389,0.006556938868016,0.0098849916830658,0.0042235935106873,2,1,80.58,0.62,0.59
Led Zeppelin,Rock and Roll,"It's been a long time since I Rock and Rolled,
It's been a long time since I did the Stroll.
Ooh, let me get it back, let me get it back,
Let me get it back, baby, where I come from.
It's been a long time, been a long time,
Been a long lonely, lonely, lonely, lonely, lonely time.
Yes it has.
It's been a long time since the book of love,
I can't count the tears of a life with no love.
Carry me back, carry me back,
Carry me back, baby, where I come from.
It's been a long time, been a long time,
Been a long lonely, lonely, lonely, lonely, lonely time.
Aaaaaaaah aaaaaaaah

Seems so long since we walked in the moonlight,
Making vows that just can't work right.
Open your arms, opens your arms,
Open your arms, baby, let my love come running in.
It's been a long time, been a long time,
Been a long lonely, lonely, lonely, lonely, lonely time.
Yeaaaaah hey
Yeaaaaah hey
Yeaaaaah hey
Yeaaaaah hey
Uh yeah uh yeah
Uh yeah uh yeah
It's been a long time, been a long time,
Been a long lonely, lonely, lonely, lonely, lonely time.",0.6092272400856018,0.0365865416824817,0.2460700720548629,0.0262535139918327,0.0196924731135368,0.013657871633768,0.048512265086174,9,1,169.61,0.89,0.87
Mercedes Sosa,Gracias A La Vida,"Gracias a la Vida que me ha dado tanto
me dio dos luceros que cuando los abro
perfecto distingo lo negro del blanco
y en el alto cielo su fondo estrellado
y en las multitudes el hombre que yo amo.

Gracias a la vida, que me ha dado tanto
me ha dado el oido que en todo su ancho
graba noche y dia grillos y canarios
martillos, turbinas, ladridos, chubascos
y la voz tan tierna de mi bien amado.

Gracias a la Vida que me ha dado tanto
me ha dado el sonido y el abedecedario
con él las palabras que pienso y declaro
madre amigo hermano y luz alumbrando,
la ruta del alma del que estoy amando.

Gracias a la Vida que me ha dado tanto
me ha dado la marcha de mis pies cansados
con ellos anduve ciudades y charcos,
playas y desiertos montañas y llanos
y la casa tuya, tu calle y tu patio.

Gracias a la Vida que me ha dado tanto
me dio el corazón que agita su marco
cuando miro el fruto del cerebro humano,
cuando miro el bueno tan lejos del malo,
cuando miro el fondo de tus ojos claros.

Gracias a la Vida que me ha dado tanto
me ha dado la risa y me ha dado el llanto,
asi yo distingo dicha de quebranto
los dos materiales que forman mi canto
y el canto de ustedes que es el mismo canto
y el canto de todos que es mi propio canto.

Gracias a la Vida
Gracias a la Vida
Gracias a la Vida
Gracias a la Vida",0.0915023013949394,0.085589550435543,0.3216572999954223,0.0307973381131887,0.2124916017055511,0.1514770239591598,0.1064848452806472,10,0,109.73,0.12,0.34
Mercedes Sosa,Todo cambia,"Cambia lo superficial
cambia también lo profundo
cambia el modo de pensar
cambia todo en este mundo

Cambia el clima con los años
cambia el pastor su rebaño
y así como todo cambia
que yo cambie no es extraño

Cambia el mas fino brillante
de mano en mano su brillo
cambia el nido el pajarillo
cambia el sentir un amante

Cambia el rumbo el caminante
aunque esto le cause daño
y así como todo cambia
que yo cambie no extraño

Cambia todo cambia
Cambia todo cambia
Cambia todo cambia
Cambia todo cambia

Cambia el sol en su carrera
cuando la noche subsiste
cambia la planta y se viste
de verde en la primavera

Cambia el pelaje la fiera
Cambia el cabello el anciano
y así como todo cambia
que yo cambie no es extraño

Pero no cambia mi amor
por mas lejos que me encuentre
ni el recuerdo ni el dolor
de mi pueblo y de mi gente

Lo que cambió ayer
tendrá que cambiar mañana
así como cambio yo
en esta tierra lejana

Cambia todo cambia
Cambia todo cambia
Cambia todo cambia
Cambia todo cambia

Pero no cambia mi amor...",0.1752216219902038,0.0645671337842941,0.1408274620771408,0.0483389161527156,0.4672316014766693,0.0729425176978111,0.0308706518262624,0,1,116.28,0.12,0.59
Mercedes Sosa,Alfonsina Y El Mar,"Por la blanda arena
Que lame el mar
Su pequeña huella
No vuelve más
Un sendero solo
De pena y silencio llegó
Hasta el agua profunda
Un sendero solo
De penas mudas llegó
Hasta la espuma.

Sabe Dios qué angustia
Te acompañó
Qué dolores viejos
Calló tu voz
Para recostarte
Arrullada en el canto
De las caracolas marinas
La canción que canta
En el fondo oscuro del mar
La caracola.

Te vas Alfonsina
Con tu soledad
¿Qué poemas nuevos
Fuíste a buscar?
Una voz antigüa
De viento y de sal
Te requiebra el alma
Y la está llevando
Y te vas hacia allá
Como en sueños
Dormida, Alfonsina
Vestida de mar.

Cinco sirenitas
Te llevarán
Por caminos de algas
Y de coral
Y fosforescentes
Caballos marinos harán
Una ronda a tu lado
Y los habitantes
Del agua van a jugar
Pronto a tu lado.

Bájame la lámpara
Un poco más
Déjame que duerma,
nodriza en paz
Y si llama él no le digas que estoy
Dile que Alfonsina no vuelve
Y si llama él no le digas nunca que estoy
Di que me he ido.

Te vas Alfonsina
Con tu soledad
¿Qué poemas nuevos
Fueste a buscar?
Una voz antigüa
De viento y de sal
Te requiebra el alma
Y la está llevando
Y te vas hacia allá
Como en sueños
Dormida, Alfonsina
Vestida de mar.",0.0792115107178688,0.3041185438632965,0.3030072450637817,0.0864199623465538,0.0393054150044918,0.1197754442691803,0.0681618824601173,10,0,132.82,0.1,0.24
Mercedes Sosa,La Maza,"Si no creyera en la locura
de la garganta del sinzontle,
si no creyera que en el monte
se esconde el trigo y la pavura...

Si no creyera en la balanza,
en la razón del equilibrio,
si no creyera en el delirio,
si no creyera en la esperanza...

Si no creyera en lo que agencio,
si no creyera en mi camino,
si no creyera en mi sonido,
si no creyera en mi silencio...

¿Qué cosa fuera, qué cosa fuera la maza sin cantera?
un amasijo hecho de cuerdas y tendones,
un revoltijo de carne con madera,
un instrumento sin mejores resplandores
que lucecitas montadas para escena...
¿qué cosa fuera, corazón, qué cosa fuera?
¿qué cosa fuera la maza sin cantera?
un testaferro del traidor de los aplausos,
un servidor de pasado en copa nueva,
un eternizador de dioses del ocaso,
júbilo hervido con trapo y lentejuela . . .
¿qué cosa fuera, corazón, qué cosa fuera?
¿qué cosa fuera la maza sin cantera?
¿qué cosa fuera, corazón, qué cosa fuera?
¿qué cosa fuera la maza sin cantera?

Si no creyera en lo más duro,
si no creyera en el deseo,
si no creyera en lo que creo,
si no creyera en algo puro...

Si no creyera en cada herida,
si no creyera en lo que ronde,
si no creyera en lo que esconde
hacerse hermano de la vida...

Si no creyera en quien me escucha,
si no creyera en lo que duele,
si no creyera en lo que quede,
si no creyera en lo que lucha...

¿Qué cosa fuera, qué cosa fuera la maza sin cantera?
un amasijo hecho de cuerdas y tendones,
un revoltijo de carne con madera,
un instrumento sin mejores resplandores
que lucecitas montadas para escena...
¿qué cosa fuera, corazón, qué cosa fuera?
¿qué cosa fuera la maza sin cantera?
un testaferro del traidor de los aplausos,
un servidor de pasado en copa nueva,
un eternizador de dioses del ocaso,
júbilo hervido con trapo y lentejuela . . .
¿qué cosa fuera, corazón, qué cosa fuera?
¿qué cosa fuera la maza sin cantera?
¿qué cosa fuera, corazón, qué cosa fuera?
¿qué cosa fuera la maza sin cantera?",0.0788920000195503,0.1445825845003128,0.5988308191299438,0.0633032396435737,0.0172685608267784,0.0444629490375518,0.0526598244905471,6,0,111.78,0.47,0.48
Mercedes Sosa,Zona de Promesas,"Mama sabe bien
Perdí una batalla
Quiero regresar
Solo a besarla
No esta mal
Ser mi dueño otra vez
Ni temer que el río sangre y calme
Al contarle mis plegarias
Tarda en llegar
Y al final, al final
Hay recompensa
Mama sabe bien
Pequeña princesa
Cuando regrese
Todo quemaba
No esta mal
Sumergirme otra vez
Ni temer que el río sangre y calme
Se bucear en silencio
Tarda en llegar
Y al final, al final
Hay recompensa
En la zona de promesas",0.1983945369720459,0.1604368835687637,0.401195764541626,0.0661275535821914,0.0477757155895233,0.075642205774784,0.0504272952675819,7,1,103.05,0.24,0.31
Mercedes Sosa,Como La Cigarra,"Tantas veces me mataron,
tantas veces me morí,
sin embargo estoy aquí
resucitando.
Gracias doy a la desgracia
y a la mano con puñal,
porque me mató tan mal,
y seguí cantando.

Cantando al sol,
como la cigarra,
después de un año
bajo la tierra,
igual que sobreviviente
que vuelve de la guerra.

Tantas veces me borraron,
tantas desaparecí,
a mi propio entierro fui,
solo y llorando.
Hice un nudo del pañuelo,
pero me olvidé después
que no era la única vez
y seguí cantando.

Cantando al sol,
como la cigarra,
después de un año
bajo la tierra,
igual que sobreviviente
que vuelve de la guerra.

Tantas veces te mataron,
tantas resucitarás
cuántas noches pasarás
desesperando.
Y a la hora del naufragio
y a la de la oscuridad
alguien te rescatará,
para ir cantando.

Cantando al sol,
como la cigarra,
después de un año
bajo la tierra,
igual que sobreviviente
que vuelve de la guerra.",0.1187485307455062,0.067257635295391,0.3463442623615265,0.0153518989682197,0.0423328205943107,0.1640729010105133,0.2458920031785965,6,1,111.0,0.29,0.27
Mercedes Sosa,Canción De Las Simples Cosas,"Uno se despide insensiblemente de pequeñas cosas
Lo mismo que un árbol en tiempo de otoño
se queda sin hojas
Al fin la tristeza es la muerte lenta
de las simples cosas
Esas cosas simples que quedan doliendo en el corazón.

Uno vuelve siempre a los viejos sitios
en que amo la vida
Y entonces comprende como están de ausentes
las cosas queridas
Por eso muchacho no partas ahora soñando el regreso
Que el amor es simple
y las cosas simples se las devora el tiempo.

Demórate aquí en la luz mayor de este mediodía
Donde encontraras con el pan al sol la mesa tendida
Por eso muchacho no partas ahora soñando el regreso
Que el amor es simple y las cosas simples las devora
el tiempo",0.102877490222454,0.1154580190777778,0.226371169090271,0.0197941698133945,0.0496966950595378,0.1986401081085205,0.2871623337268829,9,0,85.24,0.15,0.22
Mercedes Sosa,Canción Con Todos,"Salgo a caminar
por la cintura cósmica del sur
piso en la región
más vegetal del tiempo y de la luz
siento al caminar
toda la piel de américa en mi piel
y anda en mi sangre un río
que libera en mi voz su caudal.
sol de alto perú rostro bolivia,
estaño y soledad un verde brasil
besa a mi chile cobre y mineral
subo desde el sur hacia la entraña américa
y total pura raíz de un grito
destinado a crecer y a estallar.
todas las voces, todas
todas las manos, todas
toda la sangre puede
ser canción en el viento.
¡canta conmigo, canta
hermano americano
libera tu esperanza
con un grito en la voz!",0.046781275421381,0.4661637842655182,0.1041912734508514,0.0134658366441726,0.1504941582679748,0.1159942001104354,0.1029094606637954,4,0,130.27,0.12,0.31
Miles Davis,So What,"Miles Davis walked off the stage
That's what the folks are all saying
Oh yes, he did leave the stage
After his solo was all over

Coltrane he walked off the stage
That's what the folks are all saying
Yes, they both left the stage
Clean out of sight

They felt they had to rehearse
Although we know they are masters
They get a real groovy sound
And you will have to admit it

Yes, they both left the stage
Soon as their solo's were over
And if you can't figure out
Their groove, I'd like to help you
Their groove, I've helped you

So what",0.0553023964166641,0.2629524767398834,0.3042613267898559,0.1003047674894332,0.0145078944042325,0.0969510301947593,0.1657200753688812,0,1,136.76,0.15,0.21
Miles Davis,Blue in Green,"Oh, how sweet the pain like silver
Your blood is blue and then turns green at night,
Your eyes seek fear, your sighs are tears
Of long lost loving passion
Your veins are hot with anguished blood
You killed, you tore away from God

I remember when He made you
Lie down in green pastures
He leadeth you to the still waters
He restoreth your soul

Now that you gaze in the valley
Of the shadow of death
You shall fear no evil
For He is not with you
You are all alone",0.0296280235052108,0.6835496425628662,0.0054399003274738,0.0020308305975049,0.0017682359321042,0.2735257744789123,0.0040575363673269,2,0,110.48,0.02,0.15
Miles Davis,All Blues,"The sea
The sky
And you and I
Sea and sky and you and I
With all blues
All shades
All hues

Some blues
Are sad
But some blues are glad
Dark and sad or bright and glad
We're all blues
All shades
All hues
We're all blues",0.9757291674613952,0.0008168397471308,0.0093528106808662,0.005395439453423,0.0062134191393852,0.0011801881482824,0.0013121713418513,0,1,139.82,0.15,0.36
Miles Davis,Blue in Green,"Oh, how sweet the pain like silver
Your blood is blue and then turns green at night,
Your eyes seek fear, your sighs are tears
Of long lost loving passion
Your veins are hot with anguished blood
You killed, you tore away from God

I remember when He made you
Lie down in green pastures
He leadeth you to the still waters
He restoreth your soul

Now that you gaze in the valley
Of the shadow of death
You shall fear no evil
For He is not with you
You are all alone",0.0296280235052108,0.6835496425628662,0.0054399003274738,0.0020308305975049,0.0017682359321042,0.2735257744789123,0.0040575363673269,2,0,110.48,0.02,0.15
Miles Davis,So What,"Miles Davis walked off the stage
That's what the folks are all saying
Oh yes, he did leave the stage
After his solo was all over

Coltrane he walked off the stage
That's what the folks are all saying
Yes, they both left the stage
Clean out of sight

They felt they had to rehearse
Although we know they are masters
They get a real groovy sound
And you will have to admit it

Yes, they both left the stage
Soon as their solo's were over
And if you can't figure out
Their groove, I'd like to help you
Their groove, I've helped you

So what",0.0553023964166641,0.2629524767398834,0.3042613267898559,0.1003047674894332,0.0145078944042325,0.0969510301947593,0.1657200753688812,0,1,136.76,0.15,0.21
Nina Simone,Feeling Good,"Birds flying high you know how I feel
Sun in the sky you know how I feel
Breeze driftin' on by you know how I feel
It's a new dawn,
It's a new day,
It's a new life
For me, yeah
It's a new dawn
it's a new day
It's a new life
For me
And I'm feeling good
Fish in the sea you know how I feel
River running free you know how I feel
Blossom on the tree you know how I feel
It's a new dawn
it's a new day
It's a new life
For me
And I'm feeling good
Dragonfly out in the sun you know what I mean, don't you know
Butterflies all havin' fun you know what I mean
Sleep in peace when day is done
That's what I mean
And this old world is a new world
And a bold world
For me
Stars when you shine you know how I feel
Scent of the pine you know how I feel
Oh freedom is mine
And I know how I feel
It's a new dawn
it's a new day
It's a new life
For me
And I'm feeling good",0.0162826403975486,0.0017791284481063,0.034303642809391,0.0045700576156377,0.9364362359046936,0.003029664279893,0.0035986525472253,7,0,110.05,0.27,0.58
Nina Simone,I Put a Spell on You,"I put a spell on you
cause youre mine

You better stop the things you do
I aint lyin
No I aint lyin

You know I cant stand it
Youre runnin around
You know better daddy
I cant stand it cause you put me down

I put a spell on you
Because youre mine
Youre mine

I love ya
I love you
I love you
I love you anyhow
And I dont care
If you dont want me
Im yours right now

You hear me
I put a spell on you
Because youre mine

(Thanks to mook for these lyrics)",0.1311410814523697,0.0187278054654598,0.0530223399400711,0.0182268563657999,0.6469927430152893,0.1230939850211143,0.0087951999157667,6,0,88.9,0.4,0.36
Nina Simone,My Baby Just Cares for Me,"My baby don't care for shows
My baby don't care for clothes
My baby just cares for me
My baby don't care for cars and races
My baby don't care for high-tone places

Liz Taylor is not his style
And even Lana Turner's smile
Is somethin' he can't see
My baby don't care who knows
My baby just cares for me

Baby, my baby don't care for shows
And he don't even care for clothes
He cares for me
My baby don't care
For cars and races
My baby don't care for
He don't care for high-tone places

Liz Taylor is not his style
And even Liberace's smile
Is something he can't see
Is something he can't see
I wonder what's wrong with baby
My baby just cares for
My baby just cares for
My baby just cares for me",0.0564013570547103,0.0707548335194587,0.2975378930568695,0.0140633825212717,0.0231601875275373,0.3312239348888397,0.2068584710359573,6,0,118.23,0.56,0.59
Nina Simone,Sinnerman,"Sinnerman where you gunna run to
Sinnerman where you gunna run to
Where you gunna run to
All on that day
Well I run to the rock
Please hide me I run to the rock
Please hide me I run to the rock
Please hide me lord
All on that day
Well the rock cried out
I can't hide you the rock cried out
I can't hide you the rock cried out
I ain't gunna hide you god
All on that day
I said rock what's a matter with you rock
Don't you see I need you rock
Don't let down
All on that day
So I run to the river
It was bleedin I run to the sea
It was bleedin I run to the sea
It was bleedin all on that day
So I run to the river it was boilin
I run to the sea it was boilin
I run to the sea it was boilin
All on that day
So I run to the lord
Please help me lord
Don't you see me prayin
Don't you see me down here prayin
But the lord said
Go to the devil
The lord said
Go to the devil
He said go to the devil
All on that day
So I ran to the devil
He was waiting
I ran to the devil he was waiting
I ran to the devil he was waiting
All on that day
Oh yeah
Oh I run to the river
It was boilin I run to the sea
It was boilin I run to the sea
It was boilin all on that day
So I ran to the lord
I said lord hide me
Please hide me
Please help me
All on that day
Said God where were you
When you are old and prayin
Lord lord hear me prayin
Lord lord hear me prayin
Lord lord hear me prayin
All on that day
Sinnerman you oughta be prayin
Oughta be prayin sinnerman",0.3155145943164825,0.5203149318695068,0.0528147928416729,0.0303071103990077,0.0140182133764028,0.0617139264941215,0.005316499620676,11,0,148.28,0.54,0.66
Nina Simone,Don't Let Me Be Misunderstood,"Baby, you understand me now
If sometimes you see that I'm mad
Don't you know no one alive can always be an angel?
When everything goes wrong, you see some bad

But I'm just a soul whose intentions are good
Oh Lord, please don't let me be misunderstood

You know: sometimes, baby, I'm so carefree
With a joy that's hard to hide
And then, sometimes, again it seems that all I have is worry
And then, you're bound to see my other side

But I'm just a soul whose intentions are good

Oh Lord, please don't let me be misunderstood

If I seem edgy, I want you to know
I never mean to take it out on you
Life has its problems, and I get more than my share
But that's one thing I never mean to do

Cause I love you
Oh, baby
I'm just human
Don't you know I have faults like anyone?

Sometimes, I find myself alone regretting
Some little foolish thing
Some simple thing that I've done

I'm just a soul whose intentions are good

Oh Lord, please don't let me be misunderstood
Don't let me be misunderstood
I try so hard
So please don't let me be misunderstood",0.1466673463582992,0.0334956683218479,0.3036839067935943,0.018343087285757,0.2248170375823974,0.2216808646917343,0.0513120479881763,11,0,158.35,0.5,0.53
Nina Simone,I Wish I Knew How It Would Feel to Be Free,"I wish I knew how it would feel to be free
I wish I could break all the chains holding me
I wish I could say all the things that I should say
say 'em loud, say 'em clear
for the whole round world to hear.
I wish I could share all the love that's in my heart
remove all the bars that keep us apart
I wish you could know what it means to be me
Then you'd see and agree
that every man should be free.
I wish I could give all I'm longing to give
I wish I could live like I'm longing to live
I wish that I could do all the things that I can do
though I'm way overdue I'd be starting anew.
Well I wish I could be like a bird in the sky
how sweet it would be if I found I could fly
Oh I'd soar to the sun and look down at the sea
and I'd sing cos I'd know that
and I'd sing cos I'd know that
and I'd sing cos I'd know that
I'd know how it feels to be free
I'd know how it feels to be free
I'd know how it feels to be free",0.8530082702636719,0.0353632979094982,0.0240672212094068,0.0087993377819657,0.0672850832343101,0.0088593401014804,0.0026173952501267,10,1,122.25,0.51,0.67
Nina Simone,Love Me or Leave Me,"Say, love me or leave me and let me be lonely
You won't believe me but I love you only
I'd rather be lonely than happy with somebody else

You might find the night time the right time for kissing
Night-time is my time for just reminiscing
Regretting instead of forgetting with somebody else

There'll be no one unless that someone is you
I intend to be independently blue

Saaay, I want your love, don't wanna borrow
Have it today to give back tomorrow
Your love is my love
There's no love for nobody else

Say, love me or leave me and let me be lonely
You won't believe me but I love you only
I'd rather be lonely than happy with somebody else

You might find the night-time the right time for kissing
Night-time is my time for just reminiscing
Regretting instead of forgetting with somebody else

There'll be no one unless that someone is you
I intend to be independently blue

Say I want your love, don't wanna borrow
Have it today to give back tomorrow
Your love is my love
My love is your love
There's no love for nobody else",0.8814417719841003,0.0059298430569469,0.0642813742160797,0.0052016796544194,0.0227549653500318,0.0067138131707906,0.013676593080163,0,1,86.14,0.4,0.76
Nina Simone,Here Comes the Sun,"Here comes the sun, here comes the sun, and I say its all right

Little darling, its been a long cold lonely winter little darling, it feels like years since its been here here comes the sun, here comes the sun and I say its all right

Little darling, the smiles returning to the faces little darling, it seems like years since its been here here comes the sun, here comes the sun and I say its all right

Sun, sun, sun, here it comes...

Little darling, I feel that ice is slowly melting little darling, it seems like years since its been clear here comes the sun, here comes the sun, and I say its all right
Its all right

(Thanks to mook for these lyrics)",0.5452359914779663,0.0017641587182879,0.111458696424961,0.0504054315388202,0.2850661277770996,0.003661134513095,0.0024084253236651,1,1,116.85,0.37,0.65
Norah Jones,Don't Know Why,"I waited 'til I saw the sun
I don't know why I didn't come
I left you by the house of fun
I don't know why I didn't come
I don't know why I didn't come
When I saw the break of day
I wished that I could fly away
Instead of kneeling in the sand
Catching teardrops in my hand
My heart is drenched in wine
But you'll be on my mind
Forever
Out across the endless sea
I would die in ecstasy
But I'll be a bag of bones
Driving down the road along

My heart is drenched in wine
But you'll be on my mind
Forever
Something has to make you run
I don't know why I didn't come
I feel as empty as a drum
I don't know why I didn't come
I don't know why I didn't come
I don't know why I didn't come",0.7429770827293396,0.0469645485281944,0.0513296760618686,0.0745285078883171,0.0062080123461782,0.0657686591148376,0.0122234737500548,5,1,88.63,0.19,0.53
Norah Jones,Come Away with Me,"Come away with me in the night
Come away with me
And I will write you a song

Come away with me on a bus
Come away where they cant tempt us
With their lies

I want to walk with you
On a cloudy day
In fields where the yellow grass grows
knee-high
So wont you try to come

Come away with me and we'll kiss
On a mountaintop
Come away with me
And i'll never stop loving you

And I want to wake up with the rain
Falling on a tin roof
While I'm safe there in your arms
So all I ask is for you
To come away with me in the night
Come away with me",0.0909864008426666,0.7088339924812317,0.0386810228228569,0.0035188784822821,0.0156638901680707,0.1339624673128128,0.00835339166224,0,1,80.57,0.13,0.17
Norah Jones,Sunrise,"Sunrise, sunrise
Looks like mornin' in your eyes
But the clocks held 9:15 for hours
Sunrise, sunrise
Couldn't tempt us if it tried
'Cause the afternoon's already come and gone

And I said hoo...
To you

Surprise, surprise
Couldn't find it in your eyes
But I'm sure it's written all over my face
Surprise, surprise
There was something I could hide
When I see we made it through another day

And I said hoo...
To you

Now good night
Throw its cover down
On me again
Ooh and if I'm right
It's the only way
To bring me back

Hoo...
To you
Hoo...",0.0291642174124717,0.009949461556971,0.021063083782792,0.927663803100586,0.0055982642807066,0.0052054366096854,0.0013556944904848,8,1,156.85,0.3,0.68
Norah Jones,Turn Me On,"Like a flower
Waiting to bloom
Like a lightbulb
In a dark room
I'm just sittin here waiting for you
To come on home and turn me on

Like the desert waiting for the rain
Like a school kid waiting for the spring
Im just sitting here waiting for you
To come on home and turn me on

My poor heart
It's been so dark
Since youve been gone
After all your the one who turns me off
You're the only one who can turn me back on

My hi-fi's waiting for a new tune
My glass is waiting for some fresh ice cubes
I'm just sitting here waiting for you
To come on home and turn me on
Turn me on",0.9448688626289368,0.0138201909139752,0.0135780265554785,0.0164765641093254,0.0021650930866599,0.0049364469014108,0.0041547734290361,10,1,85.85,0.17,0.46
Norah Jones,Seven Years,"Spinning, laughing, dancing to
her favorite song
A little girl with nothing wrong
Is all alone

Eyes wide open
Always hoping for the sun
And she'll sing her song to anyone
that comes along

Fragile as a leaf in autumn
Just fallin to the ground
Without a sound

Crooked little smile on her face
Tells a tale of grace
Thats all her own

Fragile as a leaf in autumn
Just fallin to the ground
Without a sound

Spinning, laughing, dancing to her
favorite song
A little girl with nothing wrong
and she's all alone",0.6392053961753845,0.0777203142642974,0.080216147005558,0.0043686898425221,0.1619162112474441,0.0199846476316452,0.0165886469185352,7,1,127.14,0.19,0.39
Norah Jones,Shoot the Moon,"The summer days are gone too soon
You shoot the moon
And miss completely
And now you're left to face the gloom
The empty room that once smelled sweetly
Of all the flowers you plucked if only
You knew the reason
Why you had to each be lonely
Was it just the season?

Now the fall is here again
You cant begin to give in
Its all over

When the snows come rolling though
You're rolling too with some new lover
Will you think of times you've told me
That you knew the reason
Why we had to each be lonely
It was just the season",0.9696729779243468,0.0026031376328319,0.0154689280316233,0.0035395107697695,0.0023253115359693,0.0014516664668917,0.0049384739249944,0,1,74.33,0.26,0.41
Norah Jones,Feelin' the Same Way,"The sun just slipped its note below my door
And I can't hide beneath my sheets
I've read the words before so now I know
The time has come again for me

And I'm feelin' the same way all over again
Feelin' the same way all over again
Singin' the same lines all over again
No matter how much I pretend

Another day that I can't find my head
My feet don't look like they're my own
I'll try and find the floor below to stand
And I hope I reach it once again

And I'm feelin' the same way...

So many times I wonder where I've gone
And how I found my way back in
I look around awhile for something lost
Maybe I'll find it in the end

And I'm feelin' the same way...",0.32450070977211,0.1680713891983032,0.2597238421440124,0.1322580277919769,0.0296033006161451,0.064212791621685,0.0216299295425415,5,1,109.23,0.29,0.41
Norah Jones,I've Got to See You Again,"Line on your face don't bother me
Down in my chair when you dance over me
I can't help myself
I've got to see you again
Late in the night when I'm all alone
And I look at the clock and I know you're not home
I can't help myself
I've got to see you again
I could almost go there
Just to watch you be seen
I could almost go there
Just to live in a dream
But no I won't go for any of those reasons
To not touch your skin is not why I sing
I can't help myself
I've got to see you again

I could almost go there
No I won't go to share you with them
But oh even though I know where you've been
I can't help myself
I've got to see you again",0.3022134304046631,0.61765056848526,0.0128815984353423,0.0177157279103994,0.0054844473488628,0.0410052053630352,0.0030490062199532,5,0,98.64,0.25,0.38
ODESZA,A Moment Apart,"I love you most
I love you most, I love you more now
I love you, I love you most, more now
I love you most, I love you more now
I love you most, I love you more now
I love you most, I love you more now

I love you, I love you most, more now
I love you most, I love you more now
I love you most, I love you more now",0.0553980804979801,0.0015111551620066,0.0117355557158589,0.0064774984493851,0.918625831604004,0.0045072501525282,0.001744715613313,7,0,120.02,0.66,0.08
ODESZA,Sun Models,"Uh, love, waiting for love
Uh, love, I'm waiting for love, love, love
I'm waiting daily, uh, love, love
Why you here, why you break down?

[Interlude:]
I'm waiting for, uh love, oh
I'm waiting daily, uh, love, oh
I'm waiting for, uh love, oh
I'm waiting daily, uh, love, oh
I'm waiting for, uh love, oh
I'm waiting daily, uh, love, oh",0.0468480288982391,0.429553359746933,0.4552455246448517,0.015004938468337,0.0104619823396205,0.0243600774556398,0.0185261219739913,8,0,120.01,0.49,0.48
ODESZA,How Did I Get Here,"How did i get here?
How did i get here?
How did i get here?
How did i get here?
It's sad bit it's true
How society say her life is already over
Nothing to do, there's nothing to say",0.9098279476165771,0.0045331544242799,0.0113299787044525,0.0683450549840927,0.002524429000914,0.0021670816931873,0.0012724206317216,0,0,96.06,0.58,0.36
ODESZA,Say My Name,"Ooh, oh, ooh

I wanna go
So what'd you say
When you gonna let me know
If you give a damn about me
'Cause you've got my hands tied
In my defense
I always fall for confidence
And your compliments look good on me

'Cause nobody knows it better
Than the girl in the corner with the scarlet letter
And while you're watching you may think that she doesn't matter
But no one knows you better
Oh, yeah
I wanna dance
I wanna dance
I wanna dance with you
So take a chance
Take a chance
Oh, yeah
I wanna dance
I wanna dance
I wanna dance with you
So take a chance
Take a chance
Oh, yeah
Oh, yeah
Oh, yeah
Oh, yeah
Oh, yeah

I need a sign or a signal
I've overthought everything I can think of
Into symbol
I need the coat and your jacket
And the remnants of your cigarette packet

I wanna go
So what'd you say
When you gonna let me know
If you give a damn about me
'Cause you've got my hands tied
In my defense
I always fall for confidence
And your compliments look good on me

'Cause nobody knows it better
Than the girl in the corner with the scarlet letter
And while you're watching you may think that she doesn't matter
But no one knows you better

I wanna dance
I wanna dance
I wanna dance with you
So take a chance
Take a chance
Oh, yeah
I wanna dance
I wanna dance
I wanna dance with you
So take a chance
Take a chance
Oh, yeah

Oh, yeah
Oh, yeah
Oh, yeah
Oh, yeah
Oh, yeah",0.4019442498683929,0.1497948467731475,0.0981974825263023,0.1041790917515754,0.1047611832618713,0.1085240468382835,0.0325990691781044,6,0,115.04,0.75,0.35
ODESZA,Say My Name,"Ooh, oh, ooh

I wanna go
So what'd you say
When you gonna let me know
If you give a damn about me
'Cause you've got my hands tied
In my defense
I always fall for confidence
And your compliments look good on me

'Cause nobody knows it better
Than the girl in the corner with the scarlet letter
And while you're watching you may think that she doesn't matter
But no one knows you better
Oh, yeah
I wanna dance
I wanna dance
I wanna dance with you
So take a chance
Take a chance
Oh, yeah
I wanna dance
I wanna dance
I wanna dance with you
So take a chance
Take a chance
Oh, yeah
Oh, yeah
Oh, yeah
Oh, yeah
Oh, yeah

I need a sign or a signal
I've overthought everything I can think of
Into symbol
I need the coat and your jacket
And the remnants of your cigarette packet

I wanna go
So what'd you say
When you gonna let me know
If you give a damn about me
'Cause you've got my hands tied
In my defense
I always fall for confidence
And your compliments look good on me

'Cause nobody knows it better
Than the girl in the corner with the scarlet letter
And while you're watching you may think that she doesn't matter
But no one knows you better

I wanna dance
I wanna dance
I wanna dance with you
So take a chance
Take a chance
Oh, yeah
I wanna dance
I wanna dance
I wanna dance with you
So take a chance
Take a chance
Oh, yeah

Oh, yeah
Oh, yeah
Oh, yeah
Oh, yeah
Oh, yeah",0.4019442498683929,0.1497948467731475,0.0981974825263023,0.1041790917515754,0.1047611832618713,0.1085240468382835,0.0325990691781044,6,0,115.04,0.75,0.35
ODESZA,The Last Goodbye,"Let me down easy, all your love for me is gone
Let me down easy, since you feel to stay is wrong

I know it's all over, but the last goodbye
Oh, let me down easy

Let me down easy
Let me down easy
Let me down easy
Let me down easy

Let me
Let me down

When you pass by me, say hello once in a while
When you pass by me baby, does it hurt so much to smile?

We promised that we'd still be friends, 'til the very end
I'm begging you, baby, let me down easy

(Me down, me down, me down, me down, oh)
(Me down, me down, me down, me down, oh)
(Me down, me down, me down, me down, oh)
(Me down, me down, me down, me down, oh)

Let me
Let me down
Let me
Let me down
Let me
(Me down, me down, me down, me down, oh)
(Me down, me down, me down, me down, oh)
Let me
(Me down, me down, me down, me down, oh)

Let me down easy, all your love for me is gone
Let me down easy, since you feel to stay is wrong
I know it's all over, but the last goodbye
Oh, let me down easy

Let me down easy
Let me down easy
Let me down easy
Let me down easy
Let me down easy

Let me
Let me down
Let me

(Me down, me down, me down, me down, oh)
(Me down, me down, me down, me down, oh)
Let me down
(Me down, me down, me down, me down, oh)
(Me down, me down, me down, me down, oh)

(Me down, me down, me down, me down, oh)
(Me down, me down, me down, me down, oh)
(Me down, me down, me down, me down, oh)
(Me down, me down, me down, me down, oh)",0.8043712377548218,0.0327051393687725,0.035046137869358,0.0048154760152101,0.0052087074145674,0.1083867028355598,0.0094665475189685,9,1,114.98,0.92,0.15
Pink Floyd,Wish You Were Here,"So, so you think you can tell Heaven from Hell,
Blue skies from pain.
Can you tell a green field from a cold steel rail?
A smile from a veil?
Do you think you can tell?

And did they get you trade your heroes for ghosts?
Hot ashes for trees? Hot air for a cool breeze?
Cold comfort for change? And did you exchange
A walk on part in the war for a lead role in a cage?

How I wish, how I wish you were here.
We're just two lost souls swimming in a fish bowl,
Year after year,
Running over the same old ground. What have we found?
The same old fears,
Wish you were here.",0.0359819941222667,0.0086411014199256,0.8114912509918213,0.0117113776504993,0.078665480017662,0.0165199004113674,0.0369888469576835,7,1,123.77,0.23,0.3
Pink Floyd,Comfortably Numb,"Hello,
Is there anybody in there
Just nod if you can hear me
Is there anyone at home
Come on now
I hear you're feeling down
Well, I can ease your pain
And get you on your feet again
Relax
I'll need some information first
Just the basic facts
Can you show me where it hurts?

There is no pain, you are receding
A distant ship smoke on the horizon
You are only coming through in waves
Your lips move but I can't hear what you're saying
When I was a child I had a fever
My hands felt just like two balloons
Now I've got that feeling once again
I can't explain, you would not understand
This is not how I am
I have become comfortably numb

O.K.
Just a little pin prick
There'll be no more aaaaaaaah!
But you may feel a little sick
Can you stand up?
I do believe it's working, good
That'll keep you going through the show
Come on it's time to go.

There is no pain you are receding
A distant ship smoke on the horizon
You are only coming through in waves
Your lips move but I can't hear what you're saying
When I was a child
I caught a fleeting glimpse
Out of the corner of my eye
I turned to look but it was gone
I cannot put my finger on it now
The child is grown
The dream is gone
And I have become
Comfortably numb.",0.4347928166389465,0.0709371045231819,0.3871234059333801,0.0368587598204612,0.0107209980487823,0.0122236823663115,0.0473432950675487,11,0,127.16,0.31,0.18
Pink Floyd,The Great Gig in the Sky,"And I am not frightened of dying
Any time will do, I don't mind
Why should I be frightened of dying?
There's no reason for it, you've gotta go sometime

I never said I was frightened of dying

I never said I was afraid of dying",0.0015541639877483,0.991878628730774,0.0022427637595683,0.0012332089245319,0.0012906669871881,0.0011386143742129,0.0006618128973059,5,1,116.33,0.22,0.18
Pink Floyd,Money,"Money, get away
Get a good job with more pay and you're OK
Money, it's a gas
Grab that cash with both hands and make a stash
New car, caviar, four star daydream
Think I'll buy me a football team

Money, get back
I'm all right Jack keep your hands off of my stack
Money, it's a hit
Don't give me that do goody good bullshit
I'm in the high-fidelity first class traveling set
And I think I need a Lear jet

Money, it's a crime
Share it fairly but don't take a slice of my pie
Money, so they say
Is the root of all evil today
But if you ask for a rise
It's no surprise that they're giving none away

[Interview excerpts]
- Yeah (chuckles) I was in the right!
- Yes, absolutely in the right!
- I certainly was in the right!
- Yeah, I was definitely in the right. That geezer was cruising for a bruising!
- Yeah!
- Why does anyone do anything?
- I don't know, I was really drunk at the time!
- I was just telling him it was in, he could get it in Number Two. He was asking why it wasn't coming up on freight eleven. After, I was yelling and screaming and telling him why it wasn't coming up on freight eleven. It came to a heavy blow, which sorted the matter out",0.0177062638103961,0.6337130665779114,0.0827094167470932,0.0043778624385595,0.0056604766286909,0.2375174611806869,0.0183154121041297,9,1,124.19,0.54,0.78
Pink Floyd,Time,"Ticking away the moments that make up a dull day
Fritter and waste the hours in an offhand way
Kicking around on a piece of ground in your home town
Waiting for someone or something to show you the way

Tired of lying in the sunshine staying home to watch the rain
You are young and life is long and there is time to kill today
And then one day you find ten years have got behind you
No one told you when to run you missed the starting gun

And you run and you run to catch up with the sun but it's sinking
Racing around to come up behind you again
The sun is the same in a relative way but you're older
Shorter of breath and one day closer to death

Every year is getting shorter never seem to find the time
Plans that either come to naught or half a page of scribbled lines
Hanging on in quiet desperation is the English way
The time is gone the song is over thought I'd something more to say

Home home again
I like to be here when I can
And when I come home cold and tired
It's good to warm my bones beside the fire
Far away across the field
The tolling of the iron bell
Calls the faithfull to their knees
To hear the softly spoken magic spell",0.8443098664283752,0.0531065575778484,0.0262158066034317,0.0013502760557457,0.006155265495181,0.0473735779523849,0.0214885715395212,9,1,120.32,0.48,0.36
Pink Floyd,Us and Them,"Us and them
And after all we're only ordinary men
Me,and you
God only knows it's not what we would choose to do
Forward he cried from the rear
And the front rank died
And the general sat,and the lines on the map
Moved from side to side
Black and blue
And who knows which is which and who is who
Up and down
And in the end it's only round and round and round
Haven't you heard it's a battle of words
The poster bearer cried
Listen son,said the man with the gun
there's room for you inside

Down and out
It can't be helped but there's a lot of it about
With,without
And who'll deny it's what the fighting's all about
Out of the way, it's a busy day
I've got things on my mind
For wants of the price of a tea and a slice
The old man died.",0.9388788342475892,0.0042151845991611,0.0274081788957119,0.0195342097431421,0.0030881254933774,0.0029980505350977,0.0038774630520492,2,1,72.62,0.3,0.13
Pink Floyd,Brain Damage,"The lunatic is on the grass
The lunatic is on the grass
remembering games and daisy chains and laughs
got to keep the loonies on the path

The lunatic is in the hall
the lunatics are in my hall
the paper holds their folded faces to the floor
and every day the paper boy brings more

And if the dam breaks open many years too soon
and if there is no room upon the hill
and if your head explodes with dark forbodings too
I'll see you on the dark side of the moon
The lunatic is in my head
The lunatic is in my head
you raise the blade, you make the change
you rearrange me ' till I'm sane
you lock the door
and throw away the key
there's someone in my head but it's not me

And if the cloud bursts, thunder in your ear
you shout and no one seems to hear
and if the band you're in starts playing different tunes
I'll see you on the dark side of the moon",0.0623620599508285,0.0253073424100875,0.3718142211437225,0.0584556721150875,0.1714432388544082,0.2694170176982879,0.0412004217505455,2,1,133.57,0.27,0.21
Pink Floyd,Hey You,"Hey you! Out there in the cold
setting lonely, getting old, can you feel me
Hey you! Standing in the aisles
with itchy feet and fading smiles, can you feel me
Hey you, don't help them to bury the light
Don't give in whitant a fight
Hey you! Out there on your own
Sitting naked by the phone would you touch me
Hey you! With your ear against the wall
Waiting for someone to call out would you touch me
Hey you! Would you help me to carry the stone
Open your heart, I'm coming home
But it was only fantasy
The wall was too high as you can see
No matter how he tried he could not break free
And the worms ate into his brain.
Hey you! Out there of the road
Doing what you're told, can you help me
Hey you! Out there beyond the wall
Breaking bottles in the hall, can you help me
Hey you! Don't tell me there's no hope at all
Together we stand, divided we fall",0.531165599822998,0.1945023834705352,0.022686468437314,0.0071470546536147,0.0142273940145969,0.2153910398483276,0.0148801188915967,0,1,112.46,0.3,0.19
Queen,Bohemian Rhapsody,"Is this the real life ?
Is this just fantasy ?
Caught in a landslide
No escape from reality
Open your eyes
Look up to the skies and see
I'm just a poor boy, I need no sympathy
Because I'm easy come, easy go
A little high, little low
Anyway the wind blows, doesn't really matter to me, to me

Mama, just killed a man
Put a gun against his head
Pulled my trigger, now he's dead
Mama, life had just begun
But now I've gone and thrown it all away
Mama, ooo
Didn't mean to make you cry
If I'm not back again this time tomorrow
Carry on, carry on, as if nothing really matters

Too late, my time has come
Sent shivers down my spine
Body's aching all the time
Goodbye everybody - I've got to go
Gotta leave you all behind and face the truth
Mama, ooo - (anyway the wind blows)
I don't wanna die
I sometimes wish I'd never been born at all

I see a little silhouette of a man
Scaramouch, scaramouch will you do the fandango
Thunderbolt and lightning - very very frightening me
Gallileo, Gallileo,
Gallileo, Gallileo,
Gallileo Figaro - magnifico (oh, oh, oh)

But I'm just a poor boy and nobody loves me
He's just a poor boy from a poor family
Spare him his life from this monstrosity
Easy come easy go - will you let me go
Bismillah! No - we will not let you go - let him go
Bismillah! He will not let you go - let him go
Bismillah! He will not let you go - let me go
Will not let you go - let me go (never)
Never let you go - let me go
Never let me go - ooo
No, no, no, no, no, no, no -
Oh mama mia, mama mia, mama mia let me go
Beelzebub has a devil put aside for me
For me
For me

So you think you can stone me and spit in my eye
So you think you can love me and leave me to die
Oh baby - can't do this to me baby
Just gotta get out - just gotta get right outta here

Ooh yeah, ooh yeah
Nothing really matters
Anyone can see
Nothing really matters - nothing really matters to me

Anyway the wind blows...",0.6009706854820251,0.2115871459245681,0.0506152287125587,0.0192912276834249,0.002369285095483,0.0936395749449729,0.021526925265789,0,0,143.88,0.4,0.23
Queen,Another One Bites the Dust,"Ooh, let's go
Steve walks warily down the street
With the brim pulled way down low
Ain't no sound but the sound of his feet
Machine guns ready to go

Are you ready, hey, are you ready for this
Are you hangin' on the edge of your seat
Out of the doorway the bullets rip
To the sound of the beat - yeah

Another one bites the dust
Another one bites the dust
And another one gone and another one gone
Another one bites the dust, eh
Hey, I'm gonna get you too
Another one bites the dust

How do you think I'm going to get along
Without you when you're gone
You took me for everything that I had
And kicked me out on my own

Are you happy, are you satisfied ?
How long can you stand the heat
Out of the doorway the bullets rip
To the sound of the beat
Look out

Another one bites the dust
Another one bites the dust
And another one gone and another one gone
Another one bites the dust, eh
Hey, I'm gonna get you too
Another one bites the dust

Hey
Oh take it
Bites the dust - bite the dust hey
Hey
Another one bites the dust
Another one bites the dust, ow
Another one bites the dust, hey hey
Another one bites the dust, heeey
Ooh show down

There are plenty of ways that you can hurt a man
And bring him to the ground
You can beat him
You can cheat him
You can treat him bad and leave him
When he's down, yeah
But I'm ready, yes I'm ready for you
I'm standing on my own two feet
Out of the doorway the bullets rip
Repeating to the sound of the beat
Oh yeah

Another one bites the dust
Another one bites the dust
And another one gone and another one gone
Another one bites the dust, yeah
Hey, I'm gonna get you too
Another one bites the dust
Shoot out
Hey, alright",0.0214085895568132,0.7493182420730591,0.0651399046182632,0.0371259972453117,0.0087895467877388,0.1048271432518959,0.0133905773982405,5,0,109.89,0.46,0.77
Queen,We Will Rock You,"Aah
Buddy you're a boy make a big noise
Playin' in the street gonna be a big man some day
You got mud on yo' face
You big disgrace
Kickin' your can all over the place
Singin'

We will we will rock you
We will we will rock you

Buddy you're a young man hard man
Shouting in the street gonna take on the world some day
You got blood on yo' face
You big disgrace

Wavin' your banner all over the place

We will we will rock you
Sing it
We will we will rock you

Buddy you're an old man poor man
Pleadin' with your eyes gonna make
You some peace some day
You got mud on your face
Big disgrace
Somebody betta put you back into your place

We will we will rock you
Sing it
We will we will rock you
Everybody
We will we will rock you

We will we will rock you
Alright",0.0462988130748271,0.0342752113938331,0.0409399643540382,0.0104766255244612,0.0122640617191791,0.3868336975574493,0.4689116477966308,2,1,81.31,0.5,0.47
Skrillex,Scary Monsters and Nice Sprites,"I'm just like you .. you don't need....just like you [Reversed]

YES OH MY GOD

I'm just like you .. you don't need....just like you [Reversed]

YES OH MY GOD

I'm just like you .. you don't need....just like you [Reversed]

(Opened eyes?)
Look at this
I'm a coward too
You don't need to hide, my friend
For I'm just like you",0.0258071199059486,0.0217441190034151,0.041828591376543,0.8058959245681763,0.004033712670207,0.0442012548446655,0.0564892068505287,7,0,140.0,0.94,0.32
Skrillex,Bangarang,"Shout to all my lost boys
Sh-sh-sh-sh-sh-shout to all my lost boys
We're rowdy

Shout to all my lost boys
Sh-sh-sh-sh-sh-shout to all my lost boys
We're rowdy

Shout to all my lost boys
Sh-sh-sh-sh-sh-shout to all my lost boys
We're rowdy

Shout to all my lost boys
Sh-sh-sh-sh-sh-shout to all my lost boys

Bangarang! (Bass!)
Bangarang!
You feel the...?
Bangarang!
You feel (Bass!)
Bangarang!
You feel the...?
Bangarang!
You feel the (Bass!)

My lost boys
Sh-sh-sh-sh-sh-shout to all my lost boys
We're rowdy

Shout to all my lost boys
Sh-sh-sh-sh-sh-shout to all my lost boys
Bangarang!

Shout to all my lost boys
Sh-sh-sh-sh-sh-shout to all my lost boys
We're rowdy

Shout to all my lost boys
Sh-sh-sh-sh-sh-shout

Bangarang! (Bass!)
You feel the...?
You feel the...?
You feel the...?
Bangarang! (Bass!)

Shout to all my lost boys
Sh-sh-sh-sh-sh-shout to all my lost boys
We...

Shout to all my lost boys
Sh-sh-sh-sh-sh-shout to all my lost boys
We're rowdy

Shout to all my lost boys
Sh-sh-sh-sh-sh-shout to all my lost boys
Bangarang!

Shout to all my lost boys
We're rowdy

Shout to all my lost boys
Sh-sh-sh-sh-sh-shout to all my lost boys
We're rowdy

Shout to all my lost boys
Sh-sh-sh-sh-sh-shout to all my lost boys
We're rowdy

Shout to all my lost boys
Sh-sh-sh-sh-sh-shout to all my lost boys

Bangarang! (Bass!)
You feel the...?
You feel the...?
Bangarang!
You feel the...?
Bangarang!
You feel the...?

""Hey, still ain't got my marbles, but I got these beats banging out the back of my toy car.""
""Aye, yo! I'm eating fun-dip right now, not giving a fuck.""",0.0436944663524627,0.0074039599858224,0.0306103862822055,0.0019158434588462,0.0087745208293199,0.8497301340103149,0.0578707605600357,7,1,110.03,0.97,0.58
Skrillex,Kill EVERYBODY,"I want to kill everybody in the world
I want to eat your heart
[x2]

I want to kill everybody in the world

I want to kill

I want to kill everybody in the world
I want to eat, want to eat your
I want to kill everybody in the world

I want to kill [x9]

(Grazie a Meco89 per questo testo)",0.0129300830885767,0.1331698894500732,0.011443069204688,0.0053713670931756,0.0028843940235674,0.8227444887161255,0.0114566469565033,0,1,126.99,0.87,0.63
Skrillex,Make It Bun Dem,"Now greetings to the world,
Vice ala one big gong zilla 'longside skrillex,
And for long!
Oh wait...

I won't!

We mash up the place, turn up the bass,
And make them all have fun,
Ah we-a blaze the fyah, make it bun dem!

We mash up the place, turn up the bass,
And make sure soundboy run,
And we will end your week, just like a sunday!

We mash up the place, turn up the bass,
And make them all have fun,
Skrillex-ah blaze the fire, make it bun dem!

We mash up the place, turn up the bass,
And make sure soundboy run,
And we will end your week, just like a sunday!

Rudeboy!
Rudeboy!
Rudeboy!
Rudeboy!

If you juxtaposin' I wouldn't suppose it,
Get on the floor, let's get on the floor,
Just throw yah paws and bun dah pussy,
Killin' the floor just had a motive,
Kickin' the floor nah we let dah moles in,
Never yah cars and never yah girl, bury yah clart
All of my caka, all of my chart,
Skrillex and gang
There livin' it long,
They getta me public, keeping me strong
They're giving me up, they're giving it long
They're giving it might, whenever your drunk

Rudeboy bass, mash up da place!
Rudeboy!
Rudeboy!
Rudeboy!

We mash up the place,
Mash up the place,
Mash up the place,
Mash up the-

Rudeboy!

We mash up the place, turn up the bass,
And make them all have fun,
Ah we-a blaze the fyah, make it bun dem!

We mash up the place, turn up the bass,
And make sure soundboy run,
And we will end your week, just like a sunday!

We mash up the place, turn up the bass,
And make them all have fun,
Skrillex-ah blaze the fire, make it bun dem!

We mash up the place, turn up the bass,
And make sure soundboy run,
And we will end your week, just like a sunday!

Rudeboy!
Rudeboy!
Rudeboy!

Pack up and run,
Pack up and run,
Pack up and run 'wayy-uh!

Pack up and run,
Pack up and run,
Pack up and run 'wayy-uh!

Rudeboy!

Pack up and run,
Pack up and run,
Pack up and run 'wayy-uh!

Pack up and run,
Pack up and run,
Pack up and run 'wayy-uh!

Rudeboy!

Pack up and run,
Pack up and run,
Pack up and run 'wayy-uh!

Pack up and run,
Pack up and run,
Pack up and run 'wayy-uh!

Rudeboy!

Pack up and run,
Pack up and run,
Pack up and run 'wayy-uh!

Pack up and run,
Pack up and run,
Pack up and run-

Rudeboy bass, mash up da place...",0.0484093725681304,0.0122849512845277,0.1558995842933654,0.1248828098177909,0.5483705997467041,0.0998011827468872,0.0103514902293682,7,1,104.97,0.88,0.34
Skrillex,First of the Year,"Baby you've got a (ah) ni-ni-nightmare
Baby you've got a nightmare (oh babe)
Baby you've got, a nightmare!
You wait there now babe, oh yeh
Baby you've got a nightm-m-m-mare
Baby you've got a nightmare (oh babe)
Baby you've got, a nightmare!
You wait there now babe, oh yeh
Baby you've got a (ah) ni-ni-nightmare
Baby you've got a nightmare (oh babe)
Baby you've got, a nightmare!
You wait
Call 911 now!
Bass drop. You can have yours!
Bass drop
Bass drop. You can have yours!
Bass drop. You can have yours!
Baby you've got a (ah) ni-ni-nightmare
Baby you've got a nightmare (oh babe)
Baby you've got, a nightmare!
You wait
Call 911 now!
Bass drop. You can have yours!
Bass drop. You can have yours!
Bass drop. You can have yours!
Baby you've got a (ah) ni-ni-nightmare
Baby you've got a nightmare (oh babe)
Baby you've got - a nightmare!
You wait there now babe, oh yeh
Baby you've got a (ah) ni-ni-ninightmare
Baby you've got a nightmare (oh babe)
Baby you've got, a nightmare!
You wait there now babe, oh yeh",0.0066417725756764,0.9468231797218324,0.0131864128634333,0.0143164116889238,0.0032097932416945,0.0107332961633801,0.0050891488790512,5,0,115.79,0.95,0.55
Skrillex,Rumble,"Hear the rumble
Hear the rumble, yeah, yeah
Hear the—

Run for dem life, when I step into the jungle
Said they wanna group up
They better move up, never gonna win a Royal Rumble
And when I come through, you know what I love do
I send shots for your team and leader
I make a witness decide to vacate
The war's gettin' sweet just like a Ribena

Yo, listen, you hear that?
Killеrs in the jungle
Killers in thе jungle
Killers in the jungle
Yo, listen, you hear that?
Killers in the jungle
Killers in the jungle
Killers in the jungle

Hear the rumble
Hear the rumble, yeah, yeah

DJ, pull up the tune, bun up the room, straight to the—
DJ, pull up the tune, bun up the room, straight to the—
DJ, pull up the tune, bun up the room, straight to the—
DJ, pull up the tune, bun up the room, straight to the—

Yo, you hear that? Over, smell the aroma
Dem gone, dead a really long time, me nuh ramp
Me nuh skin, couldn't wake from a coma
Listen, you hear that? Shots gettin' fired in a warzone
Rifle a spin like gorillas in the mist
Nothin' ain't criss when you end up in a jungle

Yo, listen, you hear that?
Killers in the jungle
Killers in the jungle
Killers in the jungle
Yo, listen, you hear that?
Killers in the jungle
Killers in the jungle
Killers in the jungle

Jungle, the jungle, the jungle, the jungle, the jungle, the jungle
(Pull up the tune, bun up the—)
Jungle, jungle, jungle, jungle, jungle, jungle
Hear-hear-hear-hear-hear the rumble, yeah, yeah (Yo)

Hear the rumble, yeah, yeah

DJ, pull up the tune, bun up the room, straight to the—
DJ, pull up the tune, bun up the room, straight to the—
DJ, pull up the tune, bun up the room, straight to the—
DJ, pull up the tune, bun up the room, straight to the moon again",0.0542123578488826,0.1750388890504837,0.1452626138925552,0.007959634065628,0.027551868930459,0.5033256411552429,0.0866489484906196,1,0,139.98,0.84,0.06
The Beatles,Hey Jude,"Hey Jude, don't make it bad.
Take a sad song and make it better.
Remember to let her into your heart,
Then you can start to make it better.

Hey Jude, don't be afraid.
You were made to go out and get her.
The minute you let her under your skin,
Then you begin to make it better.

And anytime you feel the pain, hey Jude, refrain,
Don't carry the world upon your shoulders.
For well you know that it's a fool who plays it cool
By making his world a little colder.

Hey Jude, don't let me down.
You have found her, now go and get her.
Remember to let her into your heart,
Then you can start to make it better.

So let it out and let it in, hey Jude, begin,
You're waiting for someone to perform with.
And don't you know that it's just you, hey Jude, you'll do,
The movement you need is on your shoulder.

Hey Jude, don't make it bad.
Take a sad song and make it better.
Remember to let her under your skin,
Then you'll begin to make it
Better better better better better better, oh.

Na na na nananana, nananana, hey Jude...",0.0164044629782438,0.9463683366775512,0.0250336658209562,0.0013766824267804,0.0025922812055796,0.0049026124179363,0.0033219922333955,10,1,147.21,0.61,0.53
The Beatles,Eleanor Rigby,"Ah, look at all the lonely people
Ah, look at all the lonely people

Eleanor Rigby picks up the rice
in the church where a wedding has been
Lives in a dream
Waits at the window,
wearing the face that she keeps in a jar by the door
Who is it for?

All the lonely people
Where do they all come from?
All the lonely people
Where do they all belong?

Father McKenzie writing the words
of a sermon that no one will hear
No one comes near
Look at him working,
darning his socks in the night when there's nobody there
What does he care?

All the lonely people
Where do they all come from?
All the lonely people
Where do they all belong?

Ah, look at all the lonely people
Ah, look at all the lonely people

Eleanor Rigby died in the church
and was buried along with her name
Nobody came
Father McKenzie wiping the dirt
from his hands as he walks from the grave
No one was saved

All the lonely people (Ah, look at all the lonely people)
Where do they all come from?
All the lonely people (Ah, look at all the lonely people)
Where do they all belong?",0.2974889874458313,0.0817499533295631,0.2296569496393203,0.3198924958705902,0.009422586299479,0.0155991595238447,0.0461898893117904,4,0,137.83,0.28,0.81
The Beatles,Come Together,"Here come old flat top he come growing up slowly
He got joo-joo eyeball he one holy roller
He got hair down to his knees
Got to be a joker he just do what he please

He wear no shoeshine he got toe-jam football
He got monkey finger he shoot coca-cola
He say ""I know you, you know me""
One thing I can tell you is you got to be free
Come together right now over me

He bag production he got walrus gumboot
He got Ono sideboard he one spinal cracker
He got feet down below his knees
Hold you in his armchair you can feel his disease
Come together right now over me

He roller-coaster he got only warning
He got muddy water he one mojo filter
He say ""One and one and one is three""
Got to be good-looking 'cause he's so hard to see
Come together right now over me.",0.0324221886694431,0.1671610623598098,0.5231850743293762,0.067303255200386,0.0193646252155303,0.106755293905735,0.0838084667921066,9,0,165.01,0.38,0.19
The Beatles,Let It Be,"When I find myself in times of trouble
Mother Mary comes to me
Speaking words of wisdom, let it be.

And in my hour of darkness
She is standing right in front of me
Speaking words of wisdom, let it be.

Let it be, let it be, let it be, let it be,
Whisper words of wisdom, let it be!

And when the broken hearted people
Living in the world agree,
There will be an answer, let it be.

For though they may be parted there is
Still a chance that they will see
There will be an answer, let it be.

Let it be, let it be, let it be, let it be,
Yeah there will be an answer, let it be !

Let it be, let it be, let it be, let it be,
Whisper words of wisdom, let it be !

Let it be, let it be, let it be, let it be,
Whisper words of wisdom, let it be !

And when the night is cloudy,
There is still a light that shines on me,
Shine on until tomorrow, let it be.

I wake up to the sound of music
Mother Mary comes to me
Speaking words of wisdom, let it be.

Let it be, let it be, let it be, let it be,
Yeah there will be an answer, let it be !

Let it be, let it be, let it be, let it be,
Whisper words of wisdom, let it be !",0.035849705338478,0.9283667802810668,0.0080667240545153,0.0016664870781823,0.0025210632011294,0.0174630861729383,0.0060661477036774,0,1,143.46,0.4,0.41
The Beatles,Yellow Submarine,"In the town where I was born
Lived a man who sailed to sea
And he told us of his life
In the land of submarines

So we sailed up to the sun
Till we found the sea of green
And we lived beneath the waves
In our yellow submarine

[Refrain] :
We all live in our yellow submarine,
Yellow submarine, yellow submarine
We all live in our yellow submarine,
Yellow submarine, yellow submarine

And our friends are all on board
Many more of them live next door
And the band begins to play

[Refrain]

As we live a life of ease
Everyone of us has all we need
Sky of blue and sea of green
In our yellow submarine.

[Refrain] x2",0.1181874349713325,0.1177517399191856,0.4228628575801849,0.0824826136231422,0.0526993796229362,0.1293080300092697,0.076707899570465,1,1,110.62,0.64,0.65
The Beatles,Yesterday,"Yesterday
All my troubles seemed so far away
Now it looks as though they're here to stay
Oh I believe in yesterday

Suddenly
I'm not half the man i used to be
There's a shadow hanging over me
Oh yesterday came suddenly

Why she had to go I don't know
She wouldn't say
I said something wrong
Now I long for yesterday

Yesterday
Love was such an easy game to play
Now I need a place to hide away
Oh I believe in yesterday

Why she had to go i don't know
She wouldn't say
I said something wrong
Now I long for yesterday

Yesterday
Love was such an easy game to play
Now i need a place to hide away
Oh i believe in yesterday

Mmm...",0.0343555435538291,0.216699868440628,0.0383280478417873,0.6910743713378906,0.0035191436763852,0.012161280028522,0.0038617609534412,5,1,96.53,0.18,0.32
The Rolling Stones,"Paint It, Black","I see a red door and I want it painted black
No colors anymore I want them to turn black
I see the girls walk by dressed in their summer clothes
I have to turn my head until my darkness goes
I see a line of cars and they're all painted black
With flowers and my love both never to come back
I see people turn their heads and quickly look away
Like a new born baby it just happens ev'ry day
I look inside myself and see my heart is black
I see my red door and it has been painted black
Maybe then I'll fade away and not have to face the facts
It's not easy facin' up when your whole world is black
No more will my green sea go turn a deeper blue
I could not foresee this thing happening to you
If I look hard enough into the settin sun
My love will laugh with me before the mornin comes
I see a red door and I want it painted black
No colors anymore I want them to turn black
I see the girls walk by dressed in their summer clothes
I have to turn my head until my darkness goes
Hmm, hmm, hmm,...
I wanna see it painted, painted black
Black as night, black as coal
I wanna see the sun blotted out from the sky
I wanna see it painted, painted, painted, painted black
Yeah!",0.58265221118927,0.0480659715831279,0.0832602754235267,0.1931103020906448,0.0042496393434703,0.0328921489417552,0.0557694397866725,11,0,158.79,0.79,0.62
The Rolling Stones,Gimme Shelter,"Oh, a storm is threat'ning
My very life today
If I don't get some shelter
Oh yeah, I'm gonna fade away

War, children, it's just a shot away
It's just a shot away
War, children, it's just a shot away
It's just a shot away

Ooh, see the fire is sweepin'
Our very street today
Burns like a red coal carpet
Mad bull lost its way

War, children, it's just a shot away
It's just a shot away
War, children, it's just a shot away
It's just a shot away

Rape, murder!
It's just a shot away
It's just a shot away

Rape, murder!
It's just a shot away
It's just a shot away

Rape, murder!
It's just a shot away
It's just a shot away

The floods is threat'ning
My very life today
Gimme, gimme shelter
Or I'm gonna fade away

War, children, it's just a shot away
It's just a shot away
It's just a shot away
It's just a shot away
It's just a shot away
I tell you love, sister, it's just a kiss away
It's just a kiss away
It's just a kiss away
It's just a kiss away
It's just a kiss away
Kiss away, kiss away",0.0930537283420562,0.6183558702468872,0.0326678529381752,0.0914216116070747,0.0070179244503378,0.1261528581380844,0.0313301533460617,1,0,118.65,0.63,0.49
The Rolling Stones,Sympathy for the Devil,"Please allow me to introduce myself
I'm a man of wealth and taste
I've been around for a long, long year
Stole many a man's soul and faith
And I was 'round when Jesus Christ
Had his moment of doubt and pain
Made damn sure that Pilate
Washed his hands and sealed his fate
Pleased to meet you
Hope you guess my name
But what's puzzling you
Is the nature of my game
I stuck around St. Petersburg
When I saw it was a time for a change
Killed the zar and his ministers
Anastasia screamed in vain
I rode a tank
Held a general's rank
When the blitzkrieg raged
And the bodies stank
Pleased to meet you
Hope you guess my name, oh yeah
Ah, what's puzzling you
Is the nature of my game, oh yeah
I watched with glee
While your kings and queens
Fought for ten decades
For the gods they made
I shouted out,
""Who killed the Kennedys?""
When after all
It was you and me
Let me please introduce myself
I'm a man of wealth and taste
And I laid traps for troubadours
Who get killed before they reached Bombay
Pleased to meet you
Hope you guessed my name, oh yeah
But what's puzzling you
Is the nature of my game, oh yeah, get down, baby
Pleased to meet you
Hope you guessed my name, oh yeah
But what's confusing you
Is just the nature of my game
Just as every cop is a criminal
And all the sinners saints
As heads is tails
Just call me Lucifer
'Cause I'm in need of some restraint
So if you meet me
Have some courtesy
Have some sympathy, and some taste
Use all your well-learned politesse
Or I'll lay your soul to waste, um yeah
Pleased to meet you
Hope you guessed my name, um yeah
But what's puzzling you
Is the nature of my game, um mean it, get down
Woo, who
Oh yeah, get on down
Oh yeah
Oh yeah!
Tell me baby, what's my name
Tell me honey, can ya guess my name
Tell me baby, what's my name
I tell you one time, you're to blame
Ooo, who
Ooo, who
Ooo, who
Ooo, who, who
Ooo, who, who
Ooo, who, who
Ooo, who, who
Oh, yeah
What's me name
Tell me, baby, what's my name
Tell me, sweetie, what's my name
Ooo, who, who
Ooo, who, who
Ooo, who, who
Ooo, who, who
Ooo, who, who
Ooo, who, who
Ooo, who, who
Oh, yeah",0.1628278046846389,0.5295692086219788,0.165653258562088,0.0042503466829657,0.1012407764792442,0.0239746645092964,0.0124839441850781,9,1,116.06,0.67,0.56
The Rolling Stones,Paint It Black,"I see a red door and I want it painted black
No colors anymore I want them to turn black
I see the girls walk by dressed in their summer clothes
I have to turn my head until my darkness goes
I see a line of cars and they're all painted black
With flowers and my love both never to come back
I see people turn their heads and quickly look away
Like a new born baby it just happens ev'ry day
I look inside myself and see my heart is black
I see my red door and it has been painted black
Maybe then I'll fade away and not have to face the facts
It's not easy facin' up when your whole world is black
No more will my green sea go turn a deeper blue
I could not foresee this thing happening to you
If I look hard enough into the settin sun
My love will laugh with me before the mornin comes
I see a red door and I want it painted black
No colors anymore I want them to turn black
I see the girls walk by dressed in their summer clothes
I have to turn my head until my darkness goes
Hmm, hmm, hmm,...
I wanna see it painted, painted black
Black as night, black as coal
I wanna see the sun blotted out from the sky
I wanna see it painted, painted, painted, painted black
Yeah!",0.58265221118927,0.0480659715831279,0.0832602754235267,0.1931103020906448,0.0042496393434703,0.0328921489417552,0.0557694397866725,11,0,158.79,0.79,0.62
The Rolling Stones,Under My Thumb,"Under my thumb
The girl who once had me down
Under my thumb
The girl who once pushed me around

It's down to me
The difference in the clothes she wears
Down to me, the change has come,
She's under my thumb

Ain't it the truth babe?

Under my thumb
The squirmin' dog who's just had her day
Under my thumb
A girl who has just changed her ways

It's down to me, yes it is
The way she does just what she's told
Down to me, the change has come
She's under my thumb
Ah, ah, say it's alright

Under my thumb
A siamese cat of a girl
Under my thumb
She's the sweetest, hmmm, pet in the world

It's down to me
The way she talks when she's spoken to
Down to me, the change has come,
She's under my thumb
Ah, take it easy babe
Yeah

It's down to me, oh yeah
The way she talks when she's spoken to
Down to me, the change has come,
She's under my thumb
Yeah, it feels alright

Under my thumb
Her eyes are just kept to herself
Under my thumb, well I
I can still look at someone else

It's down to me, oh that's what I said
The way she talks when she's spoken to
Down to me, the change has come,
She's under my thumb
Say, it's alright.

Say it's all...
Say it's all...

Take it easy babe
Take it easy babe
Feels alright
Take it, take it easy babe.",0.0469953566789627,0.0442905351519584,0.4134524464607239,0.3502247035503387,0.0127462511882185,0.0507490038871765,0.0815416499972343,6,0,126.99,0.49,0.8
The Rolling Stones,You Can't Always Get What You Want,"I saw her today at the reception
A glass of wine in her hand
I knew she would meet her connection
At her feet was her footloose man

No, you can't always get what you want
You can't always get what you want
You can't always get what you want
But if you try sometime you find
You get what you need

We went down to the demonstration
To get your fair share of abuse
Singing, ""We're gonna vent our frustration
If we don't we're gonna blow a 50-amp fuse""

You can't always get what you want
You can't always get what you want
You can't always get what you want
But if you try sometimes well you just might find
You get what you need

I went down to the Chelsea drugstore
To get your prescription filled
I was standing in line with Mr. Jimmy
And man, did he look pretty ill
We decided that we would have a soda
My favorite flavor, cherry red
I sung my song to Mr. Jimmy
Yeah, and he said one word to me, and that was ""dead""
I said to him

You can't always get what you want
You can't always get what you want
You can't always get what you want
But if you try sometimes you just might find
You get what you need

You get what you need--yeah, oh baby

I saw her today at the reception
In her glass was a bleeding man
She was practiced at the art of deception
Well I could tell by her blood-stained hands

You can't always get what you want
You can't always get what you want
You can't always get what you want
But if you try sometimes you just might find
You just might find

You get what you need

You can't always get what you want
You can't always get what you want
You can't always get what you want
But if you try sometimes you just might find
You just might find
You get what you need",0.0095201916992664,0.0046837572008371,0.925320327281952,0.0288939867168664,0.0150225162506103,0.007873642258346,0.0086856978014111,0,1,86.33,0.62,0.47
The Rolling Stones,Wild Horses,"Childhood living is easy to do
The things you wanted I bought them for you
Graceless lady you know who I am
You know I can't let you slide through my hands

Wild horses couldn't drag me away
Wild, wild horses, couldn't drag me away

I watched you suffer a dull aching pain
Now you decided to show me the same
No sweeping exits or offstage lines
Could make me feel bitter or treat you unkind

Wild horses couldn't drag me away
Wild, wild horses, couldn't drag me away

I know I dreamed you a sin and a lie
I have my freedom but I don't have much time
Faith has been broken, tears must be cried
Let's do some living after we die

Wild horses couldn't drag me away
Wild, wild horses, we'll ride them some day

Wild horses couldn't drag me away
Wild, wild horses, we'll ride them some day",0.92197185754776,0.0304354019463062,0.0169783756136894,0.0028198442887514,0.0029787919484078,0.0124205453321337,0.0123952403664588,7,1,139.51,0.39,0.16
The Rolling Stones,Angie,"Angie, Angie, when will those clouds all disappear?
Angie, Angie, where will it lead us from here?
With no loving in our souls and no money in our coats
You can't say we're satisfied
But Angie, Angie, you can't say we never tried
Angie, you're beautiful, but ain't it time we said good-bye?
Angie, I still love you, remember all those nights we cried?
All the dreams we held so close seemed to all go up in smoke
Let me whisper in your ear:
Angie, Angie, where will it lead us from here?

Oh, Angie, don't you weep, all your kisses still taste sweet
I hate that sadness in your eyes
But Angie, Angie, ain't it time we said good-bye?
With no loving in our souls and no money in our coats
You can't say we're satisfied
But Angie, I still love you, baby
Ev'rywhere I look I see your eyes
There ain't a woman that comes close to you
Come on Baby, dry your eyes
But Angie, Angie, ain't it good to be alive?
Angie, Angie, they can't say we never tried",0.216468796133995,0.4007149934768677,0.2246301919221878,0.0103707294911146,0.0223474875092506,0.0933874621987342,0.0320802591741085,9,0,136.3,0.55,0.41
